id,pred
2015_1107_1112,0.254945099
2015_1107_1116,0.608256362
2015_1107_1124,0.367192617
2015_1107_1125,0.659956848
2015_1107_1129,0.599948365
2015_1107_1138,0.548380192
2015_1107_1139,0.565932488
2015_1107_1140,0.525338969
2015_1107_1153,0.493642439
2015_1107_1157,0.437154820
2015_1107_1172,0.600420944
2015_1107_1173,0.304449288
2015_1107_1181,0.482178947
2015_1107_1186,0.713371942
2015_1107_1207,0.607184332
2015_1107_1208,0.563261967
2015_1107_1209,0.423267371
2015_1107_1211,0.353253002
2015_1107_1214,0.641954533
2015_1107_1217,0.427758119
2015_1107_1231,0.571977899
2015_1107_1234,0.422551259
2015_1107_1235,0.340070606
2015_1107_1242,0.434015847
2015_1107_1246,0.179720707
2015_1107_1248,0.772878754
2015_1107_1257,0.329456370
2015_1107_1261,0.592351679
2015_1107_1264,0.419682111
2015_1107_1268,0.593810943
2015_1107_1277,0.260221665
2015_1107_1279,0.544614879
2015_1107_1295,0.478419197
2015_1107_1301,0.340490732
2015_1107_1308,0.386695649
2015_1107_1314,0.376774718
2015_1107_1316,0.721137949
2015_1107_1318,0.669142149
2015_1107_1320,0.650939965
2015_1107_1323,0.652309835
2015_1107_1326,0.395645798
2015_1107_1328,0.466065733
2015_1107_1329,0.455480918
2015_1107_1332,0.409582935
2015_1107_1344,0.418253933
2015_1107_1345,0.541311148
2015_1107_1352,0.646837927
2015_1107_1361,0.378626684
2015_1107_1372,0.430202641
2015_1107_1374,0.555662794
2015_1107_1385,0.571552709
2015_1107_1400,0.436029142
2015_1107_1411,0.499008538
2015_1107_1412,0.598087211
2015_1107_1414,0.533910408
2015_1107_1417,0.336403971
2015_1107_1428,0.650141283
2015_1107_1433,0.380742720
2015_1107_1434,0.682666899
2015_1107_1437,0.440482538
2015_1107_1438,0.343227208
2015_1107_1452,0.632947679
2015_1107_1455,0.386990081
2015_1107_1458,0.206532337
2015_1107_1459,0.507942032
2015_1107_1461,0.567918579
2015_1107_1462,0.525680283
2015_1112_1116,0.803048953
2015_1112_1124,0.603768415
2015_1112_1125,0.835974105
2015_1112_1129,0.797496662
2015_1112_1138,0.761259986
2015_1112_1139,0.773949131
2015_1112_1140,0.744009623
2015_1112_1153,0.719107689
2015_1112_1157,0.671009480
2015_1112_1172,0.797814572
2015_1112_1173,0.534761864
2015_1112_1181,0.709747310
2015_1112_1186,0.867299420
2015_1112_1207,0.802336702
2015_1112_1208,0.772042884
2015_1112_1209,0.658383020
2015_1112_1211,0.589210042
2015_1112_1214,0.824816776
2015_1112_1217,0.662502735
2015_1112_1231,0.778232739
2015_1112_1234,0.657722767
2015_1112_1235,0.575051546
2015_1112_1242,0.668184756
2015_1112_1246,0.365222103
2015_1112_1248,0.899357850
2015_1112_1257,0.563364100
2015_1112_1261,0.792352930
2015_1112_1264,0.655068243
2015_1112_1268,0.793346071
2015_1112_1277,0.480174059
2015_1112_1279,0.758487812
2015_1112_1295,0.706634507
2015_1112_1301,0.575508802
2015_1112_1308,0.623457105
2015_1112_1314,0.613538492
2015_1112_1316,0.871645245
2015_1112_1318,0.841546390
2015_1112_1320,0.830425360
2015_1112_1323,0.831273419
2015_1112_1326,0.632238078
2015_1112_1328,0.696254554
2015_1112_1329,0.687170114
2015_1112_1332,0.645606307
2015_1112_1344,0.653741444
2015_1112_1345,0.756040699
2015_1112_1352,0.827874825
2015_1112_1361,0.615405075
2015_1112_1372,0.664730478
2015_1112_1374,0.766571026
2015_1112_1385,0.777932888
2015_1112_1400,0.669998370
2015_1112_1411,0.723423139
2015_1112_1412,0.796242436
2015_1112_1414,0.750507637
2015_1112_1417,0.571043657
2015_1112_1428,0.829930096
2015_1112_1433,0.617529312
2015_1112_1434,0.849607561
2015_1112_1437,0.673985611
2015_1112_1438,0.578477337
2015_1112_1452,0.819113806
2015_1112_1455,0.623748477
2015_1112_1458,0.406010059
2015_1112_1459,0.730515993
2015_1112_1461,0.775361280
2015_1112_1462,0.744270241
2015_1116_1124,0.251391117
2015_1116_1125,0.529011027
2015_1116_1129,0.464639816
2015_1116_1138,0.412703859
2015_1116_1139,0.430048671
2015_1116_1140,0.390434886
2015_1116_1153,0.360692698
2015_1116_1157,0.310101601
2015_1116_1172,0.465129772
2015_1116_1173,0.202115177
2015_1116_1181,0.350181488
2015_1116_1186,0.590223709
2015_1116_1207,0.472169968
2015_1116_1208,0.427388053
2015_1116_1209,0.298112548
2015_1116_1211,0.240179115
2015_1116_1214,0.509231500
2015_1116_1217,0.301970678
2015_1116_1231,0.436100936
2015_1116_1234,0.297498968
2015_1116_1235,0.229717521
2015_1116_1242,0.307376716
2015_1116_1246,0.112528683
2015_1116_1248,0.663227665
2015_1116_1257,0.221392116
2015_1116_1261,0.456800098
2015_1116_1264,0.295045051
2015_1116_1268,0.458300898
2015_1116_1277,0.169138683
2015_1116_1279,0.409026384
2015_1116_1295,0.346761698
2015_1116_1301,0.230048848
2015_1116_1308,0.267341911
2015_1116_1314,0.259189039
2015_1116_1316,0.599452868
2015_1116_1318,0.539264156
2015_1116_1320,0.519052317
2015_1116_1323,0.520558540
2015_1116_1326,0.274767216
2015_1116_1328,0.335620306
2015_1116_1329,0.326188190
2015_1116_1332,0.286464595
2015_1116_1344,0.293826305
2015_1116_1345,0.405812224
2015_1116_1352,0.514556221
2015_1116_1361,0.260704827
2015_1116_1372,0.304078369
2015_1116_1374,0.419859746
2015_1116_1385,0.435673948
2015_1116_1400,0.309123373
2015_1116_1411,0.365657244
2015_1116_1412,0.462712890
2015_1116_1414,0.398653896
2015_1116_1417,0.226831765
2015_1116_1428,0.518175305
2015_1116_1433,0.262440159
2015_1116_1434,0.554563776
2015_1116_1437,0.312999964
2015_1116_1438,0.232210237
2015_1116_1452,0.499489082
2015_1116_1455,0.267585155
2015_1116_1458,0.130916091
2015_1116_1459,0.373985492
2015_1116_1461,0.432032594
2015_1116_1462,0.390760759
2015_1124_1125,0.750343099
2015_1124_1129,0.699010701
2015_1124_1138,0.652822600
2015_1124_1139,0.668767464
2015_1124_1140,0.631529454
2015_1124_1153,0.601545659
2015_1124_1157,0.546025345
2015_1124_1172,0.699424879
2015_1124_1173,0.403992258
2015_1124_1181,0.590498580
2015_1124_1186,0.793992043
2015_1124_1207,0.705334857
2015_1124_1208,0.666356699
2015_1124_1209,0.531948020
2015_1124_1211,0.458240196
2015_1124_1214,0.735206009
2015_1124_1217,0.536519180
2015_1124_1231,0.674205212
2015_1124_1234,0.531217463
2015_1124_1235,0.443828525
2015_1124_1242,0.542858653
2015_1124_1246,0.253335810
2015_1124_1248,0.840503551
2015_1124_1257,0.432096247
2015_1124_1261,0.692330447
2015_1124_1264,0.528285403
2015_1124_1268,0.693616923
2015_1124_1277,0.352635290
2015_1124_1279,0.649371290
2015_1124_1295,0.586851409
2015_1124_1301,0.444290502
2015_1124_1308,0.494029709
2015_1124_1314,0.483526154
2015_1124_1316,0.800185525
2015_1124_1318,0.757982271
2015_1124_1320,0.742788925
2015_1124_1323,0.743940064
2015_1124_1326,0.503424920
2015_1124_1328,0.574783506
2015_1124_1329,0.564339332
2015_1124_1332,0.517905219
2015_1124_1344,0.526823196
2015_1124_1345,0.646334024
2015_1124_1352,0.739334039
2015_1124_1361,0.485494091
2015_1124_1372,0.538999857
2015_1124_1374,0.659466840
2015_1124_1385,0.673823667
2015_1124_1400,0.544890726
2015_1124_1411,0.606679413
2015_1124_1412,0.697377885
2015_1124_1414,0.639499283
2015_1124_1417,0.439788733
2015_1124_1428,0.742117143
2015_1124_1433,0.487738525
2015_1124_1434,0.769128437
2015_1124_1437,0.549372884
2015_1124_1438,0.447295454
2015_1124_1452,0.727549431
2015_1124_1455,0.494340076
2015_1124_1458,0.287283416
2015_1124_1459,0.615173531
2015_1124_1461,0.670557013
2015_1124_1462,0.631848000
2015_1125_1129,0.409800526
2015_1125_1138,0.359873826
2015_1125_1139,0.376421442
2015_1125_1140,0.338810984
2015_1125_1153,0.310994999
2015_1125_1157,0.264490675
2015_1125_1172,0.410276944
2015_1125_1173,0.168507870
2015_1125_1181,0.301249591
2015_1125_1186,0.535385107
2015_1125_1207,0.417134405
2015_1125_1208,0.373874931
2015_1125_1209,0.253616774
2015_1125_1211,0.201843713
2015_1125_1214,0.453588345
2015_1125_1217,0.257109986
2015_1125_1231,0.382225099
2015_1125_1234,0.253061751
2015_1125_1235,0.192628616
2015_1125_1242,0.262014350
2015_1125_1246,0.092098190
2015_1125_1248,0.611731907
2015_1125_1257,0.185323982
2015_1125_1261,0.402190979
2015_1125_1264,0.250843507
2015_1125_1268,0.403645644
2015_1125_1277,0.140052159
2015_1125_1279,0.356381468
2015_1125_1295,0.298088478
2015_1125_1301,0.192919845
2015_1125_1308,0.225960357
2015_1125_1314,0.218692742
2015_1125_1316,0.544897024
2015_1125_1318,0.483572841
2015_1125_1320,0.463349199
2015_1125_1323,0.464850014
2015_1125_1326,0.232601199
2015_1125_1328,0.287821895
2015_1125_1329,0.279168618
2015_1125_1332,0.243105228
2015_1125_1344,0.249742622
2015_1125_1345,0.353333621
2015_1125_1352,0.458875262
2015_1125_1361,0.220042054
2015_1125_1372,0.259020727
2015_1125_1374,0.366685622
2015_1125_1385,0.381815141
2015_1125_1400,0.263601367
2015_1125_1411,0.315613182
2015_1125_1412,0.407927732
2015_1125_1414,0.346561125
2015_1125_1417,0.190093785
2015_1125_1428,0.462475760
2015_1125_1433,0.221587840
2015_1125_1434,0.499003735
2015_1125_1437,0.267127815
2015_1125_1438,0.194820651
2015_1125_1452,0.443947454
2015_1125_1455,0.226177553
2015_1125_1458,0.107551797
2015_1125_1459,0.323382712
2015_1125_1461,0.378322156
2015_1125_1462,0.339117735
2015_1129_1138,0.421148611
2015_1129_1139,0.438583295
2015_1129_1140,0.398733386
2015_1129_1153,0.368741436
2015_1129_1157,0.317582190
2015_1129_1172,0.473781870
2015_1129_1173,0.207775337
2015_1129_1181,0.358127030
2015_1129_1186,0.598598551
2015_1129_1207,0.480835292
2015_1129_1208,0.435910246
2015_1129_1209,0.305431986
2015_1129_1211,0.246575807
2015_1129_1214,0.517909608
2015_1129_1217,0.309343107
2015_1129_1231,0.444661967
2015_1129_1234,0.304809873
2015_1129_1235,0.235922137
2015_1129_1242,0.314821568
2015_1129_1246,0.116044893
2015_1129_1248,0.670942314
2015_1129_1257,0.227438265
2015_1129_1261,0.465432119
2015_1129_1264,0.302321624
2015_1129_1268,0.466936855
2015_1129_1277,0.174076828
2015_1129_1279,0.417449405
2015_1129_1295,0.354672028
2015_1129_1301,0.236259670
2015_1129_1308,0.274201009
2015_1129_1314,0.265914850
2015_1129_1316,0.607764447
2015_1129_1318,0.547882699
2015_1129_1320,0.527717828
2015_1129_1323,0.529221534
2015_1129_1326,0.281743557
2015_1129_1328,0.343410080
2015_1129_1329,0.333869043
2015_1129_1332,0.293617691
2015_1129_1344,0.301085628
2015_1129_1345,0.414215418
2015_1129_1352,0.523228327
2015_1129_1361,0.267455752
2015_1129_1372,0.311479258
2015_1129_1374,0.428344132
2015_1129_1385,0.444233191
2015_1129_1400,0.316591226
2015_1129_1411,0.373751965
2015_1129_1412,0.471359646
2015_1129_1414,0.407010438
2015_1129_1417,0.232981988
2015_1129_1428,0.526842208
2015_1129_1433,0.269219669
2015_1129_1434,0.563127971
2015_1129_1437,0.320518015
2015_1129_1438,0.238461332
2015_1129_1452,0.508173080
2015_1129_1455,0.274448119
2015_1129_1458,0.134919521
2015_1129_1459,0.382153554
2015_1129_1461,0.440576146
2015_1129_1462,0.399061630
2015_1138_1139,0.491052983
2015_1138_1140,0.450259097
2015_1138_1153,0.419092921
2015_1138_1157,0.364987010
2015_1138_1172,0.526513358
2015_1138_1173,0.244666046
2015_1138_1181,0.407965853
2015_1138_1186,0.648112088
2015_1138_1207,0.533555829
2015_1138_1208,0.488338322
2015_1138_1209,0.351958538
2015_1138_1211,0.287852458
2015_1138_1214,0.570230319
2015_1138_1217,0.356159932
2015_1138_1231,0.497214818
2015_1138_1234,0.351289612
2015_1138_1235,0.276068813
2015_1138_1242,0.362032935
2015_1138_1246,0.139517002
2015_1138_1248,0.715769348
2015_1138_1257,0.266645055
2015_1138_1261,0.518149325
2015_1138_1264,0.348612177
2015_1138_1268,0.519658839
2015_1138_1277,0.206544225
2015_1138_1279,0.469505139
2015_1138_1295,0.404332878
2015_1138_1301,0.276442993
2015_1138_1308,0.318149295
2015_1138_1314,0.309100674
2015_1138_1316,0.656795595
2015_1138_1318,0.599466173
2015_1138_1320,0.579837637
2015_1138_1323,0.581307060
2015_1138_1326,0.326357134
2015_1138_1328,0.392453021
2015_1138_1329,0.382342886
2015_1138_1332,0.339223526
2015_1138_1344,0.347281166
2015_1138_1345,0.466190639
2015_1138_1352,0.575445000
2015_1138_1361,0.310785890
2015_1138_1372,0.358451632
2015_1138_1374,0.480637568
2015_1138_1385,0.496780709
2015_1138_1400,0.363926982
2015_1138_1411,0.424327746
2015_1138_1412,0.524090048
2015_1138_1414,0.458789633
2015_1138_1417,0.272806995
2015_1138_1428,0.578981569
2015_1138_1433,0.312713582
2015_1138_1434,0.614196912
2015_1138_1437,0.368124639
2015_1138_1438,0.278882397
2015_1138_1452,0.560654091
2015_1138_1455,0.318418670
2015_1138_1458,0.161511791
2015_1138_1459,0.433079985
2015_1138_1461,0.493074872
2015_1138_1462,0.450597990
2015_1139_1140,0.432718046
2015_1139_1153,0.401878411
2015_1139_1157,0.348661027
2015_1139_1172,0.508750726
2015_1139_1173,0.231757807
2015_1139_1181,0.390900801
2015_1139_1186,0.631720440
2015_1139_1207,0.515814493
2015_1139_1208,0.470583605
2015_1139_1209,0.335907064
2015_1139_1211,0.273490728
2015_1139_1214,0.552714533
2015_1139_1217,0.340017380
2015_1139_1231,0.479439799
2015_1139_1234,0.335252836
2015_1139_1235,0.262078672
2015_1139_1242,0.345767112
2015_1139_1246,0.131192745
2015_1139_1248,0.701075654
2015_1139_1257,0.252965602
2015_1139_1261,0.500370721
2015_1139_1264,0.332634991
2015_1139_1268,0.501882378
2015_1139_1277,0.195127669
2015_1139_1279,0.451830534
2015_1139_1295,0.387320429
2015_1139_1301,0.262440769
2015_1139_1308,0.302918985
2015_1139_1314,0.294116655
2015_1139_1316,0.640584130
2015_1139_1318,0.582268982
2015_1139_1320,0.562412923
2015_1139_1323,0.563897456
2015_1139_1326,0.310913088
2015_1139_1328,0.375625212
2015_1139_1329,0.365687633
2015_1139_1332,0.323462955
2015_1139_1344,0.331333909
2015_1139_1345,0.448535265
2015_1139_1352,0.557976987
2015_1139_1361,0.295755141
2015_1139_1372,0.342260389
2015_1139_1374,0.462909543
2015_1139_1385,0.479006411
2015_1139_1400,0.347622474
2015_1139_1411,0.407048869
2015_1139_1412,0.506321803
2015_1139_1414,0.441182925
2015_1139_1417,0.258923008
2015_1139_1428,0.561548162
2015_1139_1433,0.297629873
2015_1139_1434,0.597207272
2015_1139_1437,0.351736068
2015_1139_1438,0.264801821
2015_1139_1452,0.543060712
2015_1139_1455,0.303181162
2015_1139_1458,0.152107200
2015_1139_1459,0.415702093
2015_1139_1461,0.475307925
2015_1139_1462,0.433054121
2015_1140_1153,0.441811711
2015_1140_1157,0.386725354
2015_1140_1172,0.549546465
2015_1140_1173,0.262197082
2015_1140_1181,0.430528480
2015_1140_1186,0.668949282
2015_1140_1207,0.556534976
2015_1140_1208,0.511505542
2015_1140_1209,0.373377199
2015_1140_1211,0.307219318
2015_1140_1214,0.592781648
2015_1140_1217,0.377685258
2015_1140_1231,0.520374863
2015_1140_1234,0.372690951
2015_1140_1235,0.294971292
2015_1140_1242,0.383701632
2015_1140_1246,0.151020198
2015_1140_1248,0.734242918
2015_1140_1257,0.285156440
2015_1140_1261,0.541234814
2015_1140_1264,0.369943448
2015_1140_1268,0.542735819
2015_1140_1277,0.222147098
2015_1140_1279,0.492639164
2015_1140_1295,0.426839472
2015_1140_1301,0.295360638
2015_1140_1308,0.338585446
2015_1140_1314,0.329236227
2015_1140_1316,0.677374548
2015_1140_1318,0.621501620
2015_1140_1320,0.602236484
2015_1140_1323,0.603681115
2015_1140_1326,0.347052180
2015_1140_1328,0.414758788
2015_1140_1329,0.404456533
2015_1140_1332,0.360298062
2015_1140_1344,0.368577036
2015_1140_1345,0.489311949
2015_1140_1352,0.597915622
2015_1140_1361,0.330978619
2015_1140_1372,0.380033662
2015_1140_1374,0.503799165
2015_1140_1385,0.519941429
2015_1140_1400,0.385640560
2015_1140_1411,0.447111890
2015_1140_1412,0.547139704
2015_1140_1414,0.481875256
2015_1140_1417,0.291576059
2015_1140_1428,0.601394604
2015_1140_1433,0.332971049
2015_1140_1434,0.635914208
2015_1140_1437,0.389935133
2015_1140_1438,0.297898236
2015_1140_1452,0.583340674
2015_1140_1455,0.338863497
2015_1140_1458,0.174460795
2015_1140_1459,0.455961873
2015_1140_1461,0.516240049
2015_1140_1462,0.473632151
2015_1153_1157,0.417213266
2015_1153_1172,0.580715855
2015_1153_1173,0.287469507
2015_1153_1181,0.461868944
2015_1153_1186,0.696420686
2015_1153_1207,0.587583682
2015_1153_1208,0.543118809
2015_1153_1209,0.403505175
2015_1153_1211,0.334861738
2015_1153_1214,0.623011654
2015_1153_1217,0.407934547
2015_1153_1231,0.551916924
2015_1153_1234,0.402799140
2015_1153_1235,0.322023928
2015_1153_1242,0.414112145
2015_1153_1246,0.168016919
2015_1153_1248,0.758254149
2015_1153_1257,0.311706902
2015_1153_1261,0.572531981
2015_1153_1264,0.399971201
2015_1153_1268,0.574011159
2015_1153_1277,0.244840261
2015_1153_1279,0.524337961
2015_1153_1295,0.458127439
2015_1153_1301,0.322432643
2015_1153_1308,0.367552756
2015_1153_1314,0.357836401
2015_1153_1316,0.704455692
2015_1153_1318,0.650855346
2015_1153_1320,0.632200099
2015_1153_1323,0.633602114
2015_1153_1326,0.376331691
2015_1153_1328,0.445850054
2015_1153_1329,0.435350005
2015_1153_1332,0.390027573
2015_1153_1344,0.398564044
2015_1153_1345,0.521016506
2015_1153_1352,0.628003693
2015_1153_1361,0.359649009
2015_1153_1372,0.410347025
2015_1153_1374,0.535458191
2015_1153_1385,0.551487445
2015_1153_1400,0.416100976
2015_1153_1411,0.478644877
2015_1153_1412,0.578347862
2015_1153_1414,0.513582561
2015_1153_1417,0.318457967
2015_1153_1428,0.631382826
2015_1153_1433,0.361720716
2015_1153_1434,0.664753116
2015_1153_1437,0.420502587
2015_1153_1438,0.325095538
2015_1153_1452,0.613814937
2015_1153_1455,0.367841368
2015_1153_1458,0.193494377
2015_1153_1459,0.487568607
2015_1153_1461,0.547817775
2015_1153_1462,0.505326049
2015_1157_1172,0.634830975
2015_1157_1173,0.336167487
2015_1157_1181,0.518607560
2015_1157_1186,0.742230956
2015_1157_1207,0.641359766
2015_1157_1208,0.598733336
2015_1157_1209,0.459192014
2015_1157_1211,0.387225062
2015_1157_1214,0.674725474
2015_1157_1217,0.463757415
2015_1157_1231,0.607235058
2015_1157_1234,0.458463434
2015_1157_1235,0.373507039
2015_1157_1242,0.470109187
2015_1157_1246,0.202222377
2015_1157_1248,0.797447569
2015_1157_1257,0.362422300
2015_1157_1261,0.627024888
2015_1157_1264,0.455542799
2015_1157_1268,0.628437954
2015_1157_1277,0.289248252
2015_1157_1279,0.580472736
2015_1157_1295,0.514846133
2015_1157_1301,0.373945061
2015_1157_1308,0.421786356
2015_1157_1314,0.411569332
2015_1157_1316,0.749489618
2015_1157_1318,0.700585354
2015_1157_1320,0.683294211
2015_1157_1323,0.684598640
2015_1157_1326,0.430977953
2015_1157_1328,0.502458190
2015_1157_1329,0.491808189
2015_1157_1332,0.445242780
2015_1157_1344,0.454088111
2015_1157_1345,0.577227269
2015_1157_1352,0.679385127
2015_1157_1361,0.413478865
2015_1157_1372,0.466240077
2015_1157_1374,0.591303607
2015_1157_1385,0.606820823
2015_1157_1400,0.472150191
2015_1157_1411,0.535393968
2015_1157_1412,0.632575166
2015_1157_1414,0.569945566
2015_1157_1417,0.369681873
2015_1157_1428,0.682533528
2015_1157_1433,0.415659367
2015_1157_1434,0.713375298
2015_1157_1437,0.476660699
2015_1157_1438,0.376796776
2015_1157_1452,0.666114285
2015_1157_1455,0.422089165
2015_1157_1458,0.231443741
2015_1157_1459,0.544271165
2015_1157_1461,0.603278196
2015_1157_1462,0.561829536
2015_1172_1173,0.207451356
2015_1172_1181,0.357674455
2015_1172_1186,0.598125265
2015_1172_1207,0.480343685
2015_1172_1208,0.435426049
2015_1172_1209,0.305014328
2015_1172_1211,0.246210129
2015_1172_1214,0.517417875
2015_1172_1217,0.308922470
2015_1172_1231,0.444175705
2015_1172_1234,0.304392713
2015_1172_1235,0.235567310
2015_1172_1242,0.314396905
2015_1172_1246,0.115843022
2015_1172_1248,0.670507370
2015_1172_1257,0.227092396
2015_1172_1261,0.464942126
2015_1172_1264,0.301906376
2015_1172_1268,0.466446707
2015_1172_1277,0.173793855
2015_1172_1279,0.416970532
2015_1172_1295,0.354221372
2015_1172_1301,0.235904471
2015_1172_1308,0.273809225
2015_1172_1314,0.265530594
2015_1172_1316,0.607294869
2015_1172_1318,0.547394816
2015_1172_1320,0.527226969
2015_1172_1323,0.528730842
2015_1172_1326,0.281345167
2015_1172_1328,0.342966146
2015_1172_1329,0.333431203
2015_1172_1332,0.293209375
2015_1172_1344,0.300671370
2015_1172_1345,0.413737646
2015_1172_1352,0.522737063
2015_1172_1361,0.267070089
2015_1172_1372,0.311057067
2015_1172_1374,0.427861967
2015_1172_1385,0.443747033
2015_1172_1400,0.316165250
2015_1172_1411,0.373291133
2015_1172_1412,0.470868934
2015_1172_1414,0.406535179
2015_1172_1417,0.232630243
2015_1172_1428,0.526351261
2015_1172_1433,0.268832392
2015_1172_1434,0.562643429
2015_1172_1437,0.320089235
2015_1172_1438,0.238103875
2015_1172_1452,0.507680852
2015_1172_1455,0.274056149
2015_1172_1458,0.134689821
2015_1172_1459,0.381688626
2015_1172_1461,0.440090813
2015_1172_1462,0.398589410
2015_1173_1181,0.656547630
2015_1173_1186,0.836317338
2015_1173_1207,0.760378000
2015_1173_1208,0.725850865
2015_1173_1209,0.601060629
2015_1173_1211,0.528591378
2015_1173_1214,0.786359363
2015_1173_1217,0.605457381
2015_1173_1231,0.732860970
2015_1173_1234,0.600356836
2015_1173_1235,0.514066644
2015_1173_1242,0.611536649
2015_1173_1246,0.310243788
2015_1173_1248,0.874779921
2015_1173_1257,0.502154037
2015_1173_1261,0.748938078
2015_1173_1264,0.597529655
2015_1173_1268,0.750073357
2015_1173_1277,0.419322382
2015_1173_1279,0.710578734
2015_1173_1295,0.653143127
2015_1173_1301,0.514534137
2015_1173_1308,0.564153846
2015_1173_1314,0.553791123
2015_1173_1316,0.841492379
2015_1173_1318,0.805897317
2015_1173_1320,0.792890015
2015_1173_1323,0.793879204
2015_1173_1326,0.573371423
2015_1173_1328,0.641829825
2015_1173_1329,0.631978032
2015_1173_1332,0.587483298
2015_1173_1344,0.596118005
2015_1173_1345,0.707833181
2015_1173_1352,0.789917748
2015_1173_1361,0.555737323
2015_1173_1372,0.607838771
2015_1173_1374,0.719672803
2015_1173_1385,0.732520870
2015_1173_1400,0.613480805
2015_1173_1411,0.671570148
2015_1173_1412,0.753387695
2015_1173_1414,0.701638234
2015_1173_1417,0.509973721
2015_1173_1428,0.792312555
2015_1173_1433,0.557954406
2015_1173_1434,0.815374202
2015_1173_1437,0.617761313
2015_1173_1438,0.517571644
2015_1173_1452,0.779738766
2015_1173_1455,0.564459040
2015_1173_1458,0.348260365
2015_1173_1459,0.679403489
2015_1173_1461,0.729606166
2015_1173_1462,0.694676130
2015_1181_1186,0.706032824
2015_1181_1207,0.598655954
2015_1181_1208,0.554479705
2015_1181_1209,0.414595760
2015_1181_1211,0.345157391
2015_1181_1214,0.633725670
2015_1181_1217,0.419061355
2015_1181_1231,0.563235050
2015_1181_1234,0.413883796
2015_1181_1235,0.332121915
2015_1181_1242,0.425286447
2015_1181_1246,0.174528791
2015_1181_1248,0.766564759
2015_1181_1257,0.321634867
2015_1181_1261,0.583722043
2015_1181_1264,0.411031598
2015_1181_1268,0.585190645
2015_1181_1277,0.253422642
2015_1181_1279,0.535766681
2015_1181_1295,0.469537563
2015_1181_1301,0.332537175
2015_1181_1308,0.378281837
2015_1181_1314,0.368447130
2015_1181_1316,0.713917930
2015_1181_1318,0.661208431
2015_1181_1320,0.642802696
2015_1181_1323,0.644187041
2015_1181_1326,0.387160185
2015_1181_1328,0.457212417
2015_1181_1329,0.446660493
2015_1181_1332,0.400996752
2015_1181_1344,0.409612114
2015_1181_1345,0.532453933
2015_1181_1352,0.638658113
2015_1181_1361,0.370282504
2015_1181_1372,0.421492816
2015_1181_1374,0.546850709
2015_1181_1385,0.562807815
2015_1181_1400,0.427289793
2015_1181_1411,0.490103838
2015_1181_1412,0.589494850
2015_1181_1414,0.525035596
2015_1181_1417,0.328498352
2015_1181_1428,0.641995692
2015_1181_1433,0.372379838
2015_1181_1434,0.674899862
2015_1181_1437,0.431722237
2015_1181_1438,0.335242214
2015_1181_1452,0.624632923
2015_1181_1455,0.378573863
2015_1181_1458,0.200755403
2015_1181_1459,0.499036718
2015_1181_1461,0.559156716
2015_1181_1462,0.516790593
2015_1186_1207,0.358181941
2015_1186_1208,0.317703784
2015_1186_1209,0.209468785
2015_1186_1211,0.164719113
2015_1186_1214,0.392957291
2015_1186_1217,0.212527065
2015_1186_1231,0.325451518
2015_1186_1234,0.208983325
2015_1186_1235,0.156865822
2015_1186_1242,0.216829221
2015_1186_1246,0.073304939
2015_1186_1248,0.551289566
2015_1186_1257,0.150664266
2015_1186_1261,0.344103638
2015_1186_1264,0.207044356
2015_1186_1268,0.345469625
2015_1186_1277,0.112688124
2015_1186_1279,0.301572662
2015_1186_1295,0.248779431
2015_1186_1301,0.157113499
2015_1186_1308,0.185430576
2015_1186_1314,0.179164788
2015_1186_1316,0.482846099
2015_1186_1318,0.422029424
2015_1186_1320,0.402374215
2015_1186_1323,0.403826150
2015_1186_1326,0.191174456
2015_1186_1328,0.239631330
2015_1186_1329,0.231955010
2015_1186_1332,0.200295982
2015_1186_1344,0.206082805
2015_1186_1345,0.298775970
2015_1186_1352,0.398052333
2015_1186_1361,0.180326503
2015_1186_1372,0.214202019
2015_1186_1374,0.311058002
2015_1186_1385,0.325070399
2015_1186_1400,0.218223480
2015_1186_1411,0.264497609
2015_1186_1412,0.349496248
2015_1186_1414,0.292576066
2015_1186_1417,0.154711420
2015_1186_1428,0.401529718
2015_1186_1433,0.181658279
2015_1186_1434,0.437158879
2015_1186_1437,0.221325326
2015_1186_1438,0.158730906
2015_1186_1452,0.383700155
2015_1186_1455,0.185618144
2015_1186_1458,0.085903502
2015_1186_1459,0.271508009
2015_1186_1461,0.321826289
2015_1186_1462,0.285785055
2015_1207_1208,0.428488944
2015_1207_1209,0.299054392
2015_1207_1211,0.241000742
2015_1207_1214,0.510355359
2015_1207_1217,0.302919454
2015_1207_1231,0.437207151
2015_1207_1234,0.298439683
2015_1207_1235,0.230514253
2015_1207_1242,0.308334942
2015_1207_1246,0.112978567
2015_1207_1248,0.664231334
2015_1207_1257,0.222168298
2015_1207_1261,0.457916216
2015_1207_1264,0.295981300
2015_1207_1268,0.459417538
2015_1207_1277,0.169771592
2015_1207_1279,0.410113889
2015_1207_1295,0.347781092
2015_1207_1301,0.230846377
2015_1207_1308,0.268223702
2015_1207_1314,0.260053454
2015_1207_1316,0.600532201
2015_1207_1318,0.540381247
2015_1207_1320,0.520174876
2015_1207_1323,0.521680833
2015_1207_1326,0.275664274
2015_1207_1328,0.336623812
2015_1207_1329,0.327177364
2015_1207_1332,0.287384714
2015_1207_1344,0.294760267
2015_1207_1345,0.406897040
2015_1207_1352,0.515679488
2015_1207_1361,0.261572495
2015_1207_1372,0.305030841
2015_1207_1374,0.420955516
2015_1207_1385,0.436779916
2015_1207_1400,0.310084641
2015_1207_1411,0.366700966
2015_1207_1412,0.463831112
2015_1207_1414,0.399732492
2015_1207_1417,0.227621420
2015_1207_1428,0.519297982
2015_1207_1433,0.263311562
2015_1207_1434,0.555674391
2015_1207_1437,0.313967810
2015_1207_1438,0.233012992
2015_1207_1452,0.500613341
2015_1207_1455,0.268467416
2015_1207_1458,0.131428614
2015_1207_1459,0.375038966
2015_1207_1461,0.433136413
2015_1207_1462,0.391831897
2015_1208_1209,0.338334677
2015_1208_1211,0.275654525
2015_1208_1214,0.555398564
2015_1208_1217,0.342459377
2015_1208_1231,0.482151598
2015_1208_1234,0.337678161
2015_1208_1235,0.264184994
2015_1208_1242,0.348228655
2015_1208_1246,0.132435927
2015_1208_1248,0.703347313
2015_1208_1257,0.255023977
2015_1208_1261,0.503086509
2015_1208_1264,0.335050883
2015_1208_1268,0.504598078
2015_1208_1277,0.196839427
2015_1208_1279,0.454522535
2015_1208_1295,0.389901456
2015_1208_1301,0.264548943
2015_1208_1308,0.305217765
2015_1208_1314,0.296377073
2015_1208_1316,0.643081386
2015_1208_1318,0.584908925
2015_1208_1320,0.565084620
2015_1208_1323,0.566567008
2015_1208_1326,0.313245260
2015_1208_1328,0.378176416
2015_1208_1329,0.368211163
2015_1208_1332,0.325844748
2015_1208_1344,0.333745110
2015_1208_1345,0.451223799
2015_1208_1352,0.560654619
2015_1208_1361,0.298022837
2015_1208_1372,0.344710118
2015_1208_1374,0.465611482
2015_1208_1385,0.481718036
2015_1208_1400,0.350090119
2015_1208_1411,0.409673485
2015_1208_1412,0.509036935
2015_1208_1414,0.443862857
2015_1208_1417,0.261012964
2015_1208_1428,0.564221022
2015_1208_1433,0.299905815
2015_1208_1434,0.599817706
2015_1208_1437,0.354217054
2015_1208_1438,0.266922103
2015_1208_1452,0.545755122
2015_1208_1455,0.305481090
2015_1208_1458,0.153513553
2015_1208_1459,0.418343097
2015_1208_1461,0.478017813
2015_1208_1462,0.435723172
2015_1209_1211,0.400751669
2015_1209_1214,0.687035030
2015_1209_1217,0.477872611
2015_1209_1231,0.620662690
2015_1209_1234,0.472559507
2015_1209_1235,0.386856994
2015_1209_1242,0.484243105
2015_1209_1246,0.211517187
2015_1209_1248,0.806445112
2015_1209_1257,0.375613619
2015_1209_1261,0.640176941
2015_1209_1264,0.469626923
2015_1209_1268,0.641568591
2015_1209_1277,0.301033718
2015_1209_1279,0.594203965
2015_1209_1295,0.528982378
2015_1209_1301,0.387301002
2015_1209_1308,0.435661946
2015_1209_1314,0.425356029
2015_1209_1316,0.759976324
2015_1209_1318,0.712333459
2015_1209_1320,0.695425894
2015_1209_1323,0.696702519
2015_1209_1326,0.444923255
2015_1209_1328,0.516616506
2015_1209_1329,0.505971544
2015_1209_1332,0.459277093
2015_1209_1344,0.468165910
2015_1209_1345,0.590989809
2015_1209_1352,0.691598948
2015_1209_1361,0.427283092
2015_1209_1372,0.480363127
2015_1209_1374,0.604921540
2015_1209_1385,0.620253776
2015_1209_1400,0.486289195
2015_1209_1411,0.549455448
2015_1209_1412,0.645642118
2015_1209_1414,0.583774280
2015_1209_1417,0.382978658
2015_1209_1428,0.694681251
2015_1209_1433,0.429483083
2015_1209_1434,0.724818737
2015_1209_1437,0.490809156
2015_1209_1438,0.390191104
2015_1209_1452,0.678594422
2015_1209_1455,0.435967167
2015_1209_1458,0.241674803
2015_1209_1459,0.558285621
2015_1209_1461,0.616755749
2015_1209_1462,0.575724997
2015_1211_1214,0.746813603
2015_1211_1217,0.551523571
2015_1211_1231,0.687349711
2015_1211_1234,0.546248304
2015_1211_1235,0.458806756
2015_1211_1242,0.557826941
2015_1211_1246,0.264947833
2015_1211_1248,0.848446802
2015_1211_1257,0.446996760
2015_1211_1261,0.705063563
2015_1211_1264,0.543329460
2015_1211_1268,0.706319394
2015_1211_1277,0.366564340
2015_1211_1279,0.663016947
2015_1211_1295,0.601436801
2015_1211_1301,0.459271458
2015_1211_1308,0.509151174
2015_1211_1314,0.498642952
2015_1211_1316,0.809682031
2015_1211_1318,0.768905275
2015_1211_1320,0.754175252
2015_1211_1323,0.755292245
2015_1211_1326,0.518539252
2015_1211_1328,0.589496941
2015_1211_1329,0.579149530
2015_1211_1332,0.532987643
2015_1211_1344,0.541873456
2015_1211_1345,0.660035998
2015_1211_1352,0.750822009
2015_1211_1361,0.500612793
2015_1211_1372,0.553990682
2015_1211_1374,0.672917505
2015_1211_1385,0.686976423
2015_1211_1400,0.559846416
2015_1211_1411,0.621016873
2015_1211_1412,0.709989613
2015_1211_1414,0.653324005
2015_1211_1417,0.454742112
2015_1211_1428,0.753523354
2015_1211_1433,0.502858809
2015_1211_1434,0.779694585
2015_1211_1437,0.564299081
2015_1211_1438,0.462293427
2015_1211_1452,0.739373688
2015_1211_1455,0.509461468
2015_1211_1458,0.299826643
2015_1211_1459,0.629390509
2015_1211_1461,0.683779660
2015_1211_1462,0.645803636
2015_1214_1217,0.272534850
2015_1214_1231,0.401103327
2015_1214_1234,0.268331469
2015_1214_1235,0.205253847
2015_1214_1242,0.277623482
2015_1214_1246,0.098941933
2015_1214_1248,0.630378867
2015_1214_1257,0.197587613
2015_1214_1261,0.421382700
2015_1214_1264,0.266027054
2015_1214_1268,0.422857684
2015_1214_1277,0.149871094
2015_1214_1279,0.374757561
2015_1214_1295,0.314929574
2015_1214_1301,0.205559293
2015_1214_1308,0.240120489
2015_1214_1314,0.232534251
2015_1214_1316,0.564468527
2015_1214_1318,0.503377937
2015_1214_1320,0.483100892
2015_1214_1323,0.484607910
2015_1214_1326,0.247044654
2015_1214_1328,0.304334459
2015_1214_1329,0.295390645
2015_1214_1332,0.257981665
2015_1214_1344,0.264883077
2015_1214_1345,0.371643334
2015_1214_1352,0.478606315
2015_1214_1361,0.233943379
2015_1214_1372,0.274517868
2015_1214_1374,0.385275003
2015_1214_1385,0.400686234
2015_1214_1400,0.279269263
2015_1214_1411,0.332974694
2015_1214_1412,0.427197578
2015_1214_1414,0.364717811
2015_1214_1417,0.202594560
2015_1214_1428,0.482223676
2015_1214_1433,0.235557337
2015_1214_1434,0.518805965
2015_1214_1437,0.282924790
2015_1214_1438,0.207552623
2015_1214_1452,0.463586541
2015_1214_1455,0.240347056
2015_1214_1458,0.115397928
2015_1214_1459,0.340958675
2015_1214_1461,0.397131528
2015_1214_1462,0.357097562
2015_1217_1231,0.616328031
2015_1217_1234,0.467983047
2015_1217_1235,0.382508626
2015_1217_1242,0.479656408
2015_1217_1246,0.208469585
2015_1217_1248,0.803561458
2015_1217_1257,0.371315104
2015_1217_1261,0.635934433
2015_1217_1264,0.465053838
2015_1217_1268,0.637333211
2015_1217_1277,0.297182452
2015_1217_1279,0.589766768
2015_1217_1295,0.524402801
2015_1217_1301,0.382950724
2015_1217_1308,0.431150715
2015_1217_1314,0.420871970
2015_1217_1316,0.756609255
2015_1217_1318,0.708554410
2015_1217_1320,0.691520850
2015_1217_1323,0.692806610
2015_1217_1326,0.440390953
2015_1217_1328,0.512027553
2015_1217_1329,0.501379133
2015_1217_1332,0.454718396
2015_1217_1344,0.463594648
2015_1217_1345,0.586541929
2015_1217_1352,0.687666882
2015_1217_1361,0.422793646
2015_1217_1372,0.475779294
2015_1217_1374,0.600522757
2015_1217_1385,0.615917304
2015_1217_1400,0.481701235
2015_1217_1411,0.544903611
2015_1217_1412,0.641427896
2015_1217_1414,0.579303780
2015_1217_1417,0.378646954
2015_1217_1428,0.690770975
2015_1217_1433,0.424987688
2015_1217_1434,0.721139427
2015_1217_1437,0.486218928
2015_1217_1438,0.385828842
2015_1217_1452,0.674574649
2015_1217_1455,0.431455214
2015_1217_1458,0.238324016
2015_1217_1459,0.553750583
2015_1217_1461,0.612404288
2015_1217_1462,0.571231523
2015_1231_1234,0.329781663
2015_1231_1235,0.257339359
2015_1231_1242,0.340212177
2015_1231_1246,0.128408446
2015_1231_1248,0.695884155
2015_1231_1257,0.248335615
2015_1231_1261,0.494208223
2015_1231_1264,0.327185488
2015_1231_1268,0.495719769
2015_1231_1277,0.191285227
2015_1231_1279,0.445732513
2015_1231_1295,0.381487146
2015_1231_1301,0.257697188
2015_1231_1308,0.297739119
2015_1231_1314,0.289024926
2015_1231_1316,0.634889120
2015_1231_1318,0.576261243
2015_1231_1320,0.556337134
2015_1231_1323,0.557826077
2015_1231_1326,0.305656456
2015_1231_1328,0.369861748
2015_1231_1329,0.359988751
2015_1231_1332,0.318092087
2015_1231_1344,0.325895332
2015_1231_1345,0.442445861
2015_1231_1352,0.551888687
2015_1231_1361,0.290646733
2015_1231_1372,0.336732793
2015_1231_1374,0.456786639
2015_1231_1385,0.472858039
2015_1231_1400,0.342053274
2015_1231_1411,0.401113025
2015_1231_1412,0.500159370
2015_1231_1414,0.435114556
2015_1231_1417,0.254221130
2015_1231_1428,0.555469894
2015_1231_1433,0.292502520
2015_1231_1434,0.591263502
2015_1231_1437,0.346135936
2015_1231_1438,0.260030607
2015_1231_1452,0.536937498
2015_1231_1455,0.297998764
2015_1231_1458,0.148955137
2015_1231_1459,0.409727203
2015_1231_1461,0.469164269
2015_1231_1462,0.427012107
2015_1234_1235,0.387553187
2015_1234_1242,0.484975967
2015_1234_1246,0.212006953
2015_1234_1248,0.806902706
2015_1234_1257,0.376301989
2015_1234_1261,0.640852555
2015_1234_1264,0.470357806
2015_1234_1268,0.642243050
2015_1234_1277,0.301651444
2015_1234_1279,0.594911273
2015_1234_1295,0.529713369
2015_1234_1301,0.387997490
2015_1234_1308,0.436383454
2015_1234_1314,0.426073393
2015_1234_1316,0.760511106
2015_1234_1318,0.712934344
2015_1234_1320,0.696047023
2015_1234_1323,0.697322119
2015_1234_1326,0.445647982
2015_1234_1328,0.517349175
2015_1234_1329,0.506704984
2015_1234_1332,0.460005832
2015_1234_1344,0.468896558
2015_1234_1345,0.591698883
2015_1234_1352,0.692224426
2015_1234_1361,0.428001281
2015_1234_1372,0.481095596
2015_1234_1374,0.605622581
2015_1234_1385,0.620944651
2015_1234_1400,0.487022179
2015_1234_1411,0.550181705
2015_1234_1412,0.646313067
2015_1234_1414,0.584487072
2015_1234_1417,0.383672270
2015_1234_1428,0.695303238
2015_1234_1433,0.430202189
2015_1234_1434,0.725403599
2015_1234_1437,0.491542449
2015_1234_1438,0.390889471
2015_1234_1452,0.679234060
2015_1234_1455,0.436688833
2015_1234_1458,0.242212941
2015_1234_1459,0.559009046
2015_1234_1461,0.617449054
2015_1234_1462,0.576441524
2015_1235_1242,0.572132346
2015_1235_1246,0.276438042
2015_1235_1248,0.855780758
2015_1235_1257,0.461425958
2015_1235_1261,0.717021943
2015_1235_1264,0.557732091
2015_1235_1268,0.718247198
2015_1235_1277,0.380182099
2015_1235_1279,0.675896463
2015_1235_1295,0.615304310
2015_1235_1301,0.473757466
2015_1235_1308,0.523686768
2015_1235_1314,0.513192131
2015_1235_1316,0.818490624
2015_1235_1318,0.779086190
2015_1235_1320,0.764806606
2015_1235_1323,0.765890327
2015_1235_1326,0.533051798
2015_1235_1328,0.603506066
2015_1235_1329,0.593268087
2015_1235_1332,0.547444703
2015_1235_1344,0.556284422
2015_1235_1345,0.672973248
2015_1235_1352,0.761552521
2015_1235_1361,0.515160373
2015_1235_1372,0.568324144
2015_1235_1374,0.685598052
2015_1235_1385,0.699355442
2015_1235_1400,0.574136364
2015_1235_1411,0.634617000
2015_1235_1412,0.721827121
2015_1235_1414,0.666387587
2015_1235_1417,0.469209145
2015_1235_1428,0.764174069
2015_1235_1433,0.517404049
2015_1235_1434,0.789530286
2015_1235_1437,0.578553284
2015_1235_1438,0.476790664
2015_1235_1452,0.750433345
2015_1235_1455,0.523996388
2015_1235_1458,0.312187047
2015_1235_1459,0.642863006
2015_1235_1461,0.696229195
2015_1235_1462,0.659002687
2015_1242_1246,0.204290015
2015_1242_1248,0.799502037
2015_1242_1257,0.365377764
2015_1242_1261,0.630005989
2015_1242_1264,0.458711235
2015_1242_1268,0.631414327
2015_1242_1277,0.291880164
2015_1242_1279,0.583578815
2015_1242_1295,0.518034623
2015_1242_1301,0.376938889
2015_1242_1308,0.424903236
2015_1242_1314,0.414664901
2015_1242_1316,0.751879166
2015_1242_1318,0.703256691
2015_1242_1320,0.686050766
2015_1242_1323,0.687348961
2015_1242_1326,0.434111762
2015_1242_1328,0.505649890
2015_1242_1329,0.494999549
2015_1242_1332,0.448398624
2015_1242_1344,0.457254934
2015_1242_1345,0.580339940
2015_1242_1352,0.682159874
2015_1242_1361,0.416578632
2015_1242_1372,0.469418822
2015_1242_1374,0.594385458
2015_1242_1385,0.609862867
2015_1242_1400,0.475333336
2015_1242_1411,0.538568486
2015_1242_1412,0.635537630
2015_1242_1414,0.573072252
2015_1242_1417,0.372661910
2015_1242_1428,0.685293580
2015_1242_1433,0.418763781
2015_1242_1434,0.715978842
2015_1242_1437,0.479846593
2015_1242_1438,0.379799631
2015_1242_1452,0.668947857
2015_1242_1455,0.425206675
2015_1242_1458,0.233722644
2015_1242_1459,0.547436243
2015_1242_1461,0.606329876
2015_1242_1462,0.564970195
2015_1246_1248,0.933139166
2015_1246_1257,0.668333566
2015_1246_1261,0.856312981
2015_1246_1264,0.747858625
2015_1246_1268,0.857055364
2015_1246_1277,0.590609590
2015_1246_1279,0.830649621
2015_1246_1295,0.790000063
2015_1246_1301,0.679221065
2015_1246_1308,0.721131100
2015_1246_1314,0.712599312
2015_1246_1316,0.913837345
2015_1246_1318,0.892411201
2015_1246_1320,0.884369581
2015_1246_1323,0.884985232
2015_1246_1326,0.728625751
2015_1246_1328,0.781658311
2015_1246_1329,0.774300138
2015_1246_1332,0.739931565
2015_1246_1344,0.746750761
2015_1246_1345,0.828768580
2015_1246_1352,0.882515630
2015_1246_1361,0.714210304
2015_1246_1372,0.755890215
2015_1246_1374,0.836837146
2015_1246_1385,0.845468348
2015_1246_1400,0.760242444
2015_1246_1411,0.803345531
2015_1246_1412,0.859217259
2015_1246_1414,0.824502152
2015_1246_1417,0.675231222
2015_1246_1428,0.884009870
2015_1246_1433,0.716040617
2015_1246_1434,0.898197704
2015_1246_1437,0.763524157
2015_1246_1438,0.681865242
2015_1246_1452,0.876119613
2015_1246_1455,0.721380656
2015_1246_1458,0.516330867
2015_1246_1459,0.808930117
2015_1246_1461,0.843521512
2015_1246_1462,0.819670161
2015_1248_1257,0.114840728
2015_1248_1261,0.277302682
2015_1248_1264,0.160346100
2015_1248_1268,0.278516116
2015_1248_1277,0.084990631
2015_1248_1279,0.240007011
2015_1248_1295,0.194982624
2015_1248_1301,0.119973117
2015_1248_1308,0.142729775
2015_1248_1314,0.137663042
2015_1248_1316,0.405773992
2015_1248_1318,0.348130114
2015_1248_1320,0.329951807
2015_1248_1323,0.331287244
2015_1248_1326,0.147390287
2015_1248_1328,0.187319443
2015_1248_1329,0.180920170
2015_1248_1332,0.154822630
2015_1248_1344,0.159557818
2015_1248_1345,0.237587063
2015_1248_1352,0.325983507
2015_1248_1361,0.138601085
2015_1248_1372,0.166227820
2015_1248_1374,0.248244212
2015_1248_1385,0.260496925
2015_1248_1400,0.169542930
2015_1248_1411,0.208244065
2015_1248_1412,0.282098671
2015_1248_1414,0.232236341
2015_1248_1417,0.118059342
2015_1248_1428,0.329175605
2015_1248_1433,0.139677219
2015_1248_1434,0.362270866
2015_1248_1437,0.172105146
2015_1248_1438,0.121263193
2015_1248_1452,0.312879191
2015_1248_1455,0.142881742
2015_1248_1458,0.064312206
2015_1248_1459,0.214197695
2015_1248_1461,0.257651230
2015_1248_1462,0.226397670
2015_1257_1261,0.726592483
2015_1257_1264,0.569455064
2015_1257_1268,0.727792031
2015_1257_1277,0.391476494
2015_1257_1279,0.686249264
2015_1257_1295,0.626523123
2015_1257_1301,0.485653574
2015_1257_1308,0.535560679
2015_1257_1314,0.525090421
2015_1257_1316,0.825464761
2015_1257_1318,0.787180692
2015_1257_1320,0.773272061
2015_1257_1323,0.774328284
2015_1257_1326,0.544895143
2015_1257_1328,0.614853597
2015_1257_1329,0.604716698
2015_1257_1332,0.559224850
2015_1257_1344,0.568016060
2015_1257_1345,0.683375693
2015_1257_1352,0.770099895
2015_1257_1361,0.527054893
2015_1257_1372,0.579977795
2015_1257_1374,0.695780452
2015_1257_1385,0.709281210
2015_1257_1400,0.585747471
2015_1257_1411,0.645597001
2015_1257_1412,0.731296038
2015_1257_1414,0.676898943
2015_1257_1417,0.481095468
2015_1257_1428,0.772655527
2015_1257_1433,0.529293800
2015_1257_1434,0.797341650
2015_1257_1437,0.590129940
2015_1257_1438,0.488692221
2015_1257_1452,0.759253290
2015_1257_1455,0.535869435
2015_1257_1458,0.322512516
2015_1257_1459,0.653730425
2015_1257_1461,0.706214822
2015_1257_1462,0.669631369
2015_1261_1264,0.309018377
2015_1261_1268,0.474798494
2015_1261_1277,0.178660277
2015_1261_1279,0.425142346
2015_1261_1295,0.361926829
2015_1261_1301,0.242000656
2015_1261_1308,0.280525317
2015_1261_1314,0.272119696
2015_1261_1316,0.615260455
2015_1261_1318,0.555686472
2015_1261_1320,0.535574636
2015_1261_1323,0.537075260
2015_1261_1326,0.288172760
2015_1261_1328,0.350559668
2015_1261_1329,0.340923138
2015_1261_1332,0.300204610
2015_1261_1344,0.307767055
2015_1261_1345,0.421891927
2015_1261_1352,0.531093471
2015_1261_1361,0.273683154
2015_1261_1372,0.318286316
2015_1261_1374,0.436087558
2015_1261_1385,0.452036715
2015_1261_1400,0.323457504
2015_1261_1411,0.381166537
2015_1261_1412,0.479228796
2015_1261_1414,0.414647939
2015_1261_1417,0.238668227
2015_1261_1428,0.534700731
2015_1261_1433,0.275472701
2015_1261_1434,0.570874735
2015_1261_1437,0.327428670
2015_1261_1438,0.244238723
2015_1261_1452,0.516056866
2015_1261_1455,0.280775926
2015_1261_1458,0.138645032
2015_1261_1459,0.389631088
2015_1261_1461,0.448367265
2015_1261_1462,0.406652248
2015_1264_1268,0.644942778
2015_1264_1277,0.304136606
2015_1264_1279,0.597744468
2015_1264_1295,0.532644370
2015_1264_1301,0.390795942
2015_1264_1308,0.439280399
2015_1264_1314,0.428953948
2015_1264_1316,0.762648225
2015_1264_1318,0.715337060
2015_1264_1320,0.698531315
2015_1264_1323,0.699800544
2015_1264_1326,0.448557482
2015_1264_1328,0.520287424
2015_1264_1329,0.509646603
2015_1264_1332,0.462930791
2015_1264_1344,0.471828629
2015_1264_1345,0.594539215
2015_1264_1352,0.694726258
2015_1264_1361,0.430885074
2015_1264_1372,0.484034414
2015_1264_1374,0.608430157
2015_1264_1385,0.623710925
2015_1264_1400,0.489963061
2015_1264_1411,0.553092713
2015_1264_1412,0.648998930
2015_1264_1414,0.587342574
2015_1264_1417,0.386459178
2015_1264_1428,0.697790971
2015_1264_1433,0.433089608
2015_1264_1434,0.727741792
2015_1264_1437,0.494484326
2015_1264_1438,0.393695364
2015_1264_1452,0.681792939
2015_1264_1455,0.439586176
2015_1264_1458,0.244379770
2015_1264_1459,0.561908471
2015_1264_1461,0.620225238
2015_1264_1462,0.579312545
2015_1268_1277,0.177774704
2015_1268_1279,0.423665217
2015_1268_1295,0.360531598
2015_1268_1301,0.240893192
2015_1268_1308,0.279306519
2015_1268_1314,0.270923682
2015_1268_1316,0.613828137
2015_1268_1318,0.554193078
2015_1268_1320,0.534070311
2015_1268_1323,0.535571579
2015_1268_1326,0.286933985
2015_1268_1328,0.349184269
2015_1268_1329,0.339565801
2015_1268_1332,0.298935834
2015_1268_1344,0.306480355
2015_1268_1345,0.420417846
2015_1268_1352,0.529587376
2015_1268_1361,0.272482847
2015_1268_1372,0.316975758
2015_1268_1374,0.434601174
2015_1268_1385,0.450539415
2015_1268_1400,0.322135693
2015_1268_1411,0.379741294
2015_1268_1412,0.477719935
2015_1268_1414,0.413181060
2015_1268_1417,0.237571250
2015_1268_1428,0.533196045
2015_1268_1433,0.274267507
2015_1268_1434,0.569392820
2015_1268_1437,0.326098450
2015_1268_1438,0.243124296
2015_1268_1452,0.514546620
2015_1268_1455,0.279556490
2015_1268_1458,0.137924494
2015_1268_1459,0.388194021
2015_1268_1461,0.446872196
2015_1268_1462,0.405194080
2015_1277_1279,0.753397294
2015_1277_1295,0.700882056
2015_1277_1301,0.568754244
2015_1277_1308,0.616957701
2015_1277_1314,0.606975809
2015_1277_1316,0.868526366
2015_1277_1318,0.837832215
2015_1277_1320,0.826504241
2015_1277_1323,0.827367838
2015_1277_1326,0.625799265
2015_1277_1328,0.690387684
2015_1277_1329,0.681208117
2015_1277_1332,0.639268068
2015_1277_1344,0.647469198
2015_1277_1345,0.750915483
2015_1277_1352,0.823907242
2015_1277_1361,0.608853883
2015_1277_1372,0.658553314
2015_1277_1374,0.761597270
2015_1277_1385,0.773129583
2015_1277_1400,0.663869264
2015_1277_1411,0.717868390
2015_1277_1412,0.791729133
2015_1277_1414,0.745305392
2015_1277_1417,0.564271842
2015_1277_1428,0.825999931
2015_1277_1433,0.610991432
2015_1277_1434,0.846047765
2015_1277_1437,0.667893834
2015_1277_1438,0.571734858
2015_1277_1452,0.814989403
2015_1277_1455,0.617251010
2015_1277_1458,0.399373237
2015_1277_1459,0.725049557
2015_1277_1461,0.770518763
2015_1277_1462,0.738983178
2015_1279_1295,0.407997290
2015_1279_1301,0.279492204
2015_1279_1308,0.321454147
2015_1279_1314,0.312354561
2015_1279_1316,0.660212056
2015_1279_1318,0.603108466
2015_1279_1320,0.583534414
2015_1279_1323,0.585000169
2015_1279_1326,0.329706043
2015_1279_1328,0.396081366
2015_1279_1329,0.385937102
2015_1279_1332,0.342637282
2015_1279_1344,0.350732936
2015_1279_1345,0.469973326
2015_1279_1352,0.579152370
2015_1279_1361,0.314049454
2015_1279_1372,0.361952869
2015_1279_1374,0.484431104
2015_1279_1385,0.500578844
2015_1279_1400,0.367451109
2015_1279_1411,0.428043131
2015_1279_1412,0.527877943
2015_1279_1414,0.462564324
2015_1279_1417,0.275831355
2015_1279_1428,0.582680455
2015_1279_1433,0.315988116
2015_1279_1434,0.617790646
2015_1279_1437,0.371665669
2015_1279_1438,0.281948022
2015_1279_1452,0.564392855
2015_1279_1455,0.321724968
2015_1279_1458,0.163579885
2015_1279_1459,0.436813868
2015_1279_1461,0.496872641
2015_1279_1462,0.454361871
2015_1295_1301,0.335888779
2015_1295_1308,0.381830757
2015_1295_1314,0.371958982
2015_1295_1316,0.716984350
2015_1295_1318,0.664574363
2015_1295_1320,0.646253680
2015_1295_1323,0.647631973
2015_1295_1326,0.390740035
2015_1295_1328,0.460952809
2015_1295_1329,0.450386193
2015_1295_1332,0.404620113
2015_1295_1344,0.413259577
2015_1295_1345,0.536201796
2015_1295_1352,0.642126835
2015_1295_1361,0.373801484
2015_1295_1372,0.425169891
2015_1295_1374,0.550580571
2015_1295_1385,0.566510452
2015_1295_1400,0.430979777
2015_1295_1411,0.493868487
2015_1295_1412,0.593134853
2015_1295_1414,0.528790370
2015_1295_1417,0.331829486
2015_1295_1428,0.645450181
2015_1295_1433,0.375906847
2015_1295_1434,0.678195997
2015_1295_1437,0.435421408
2015_1295_1438,0.338607290
2015_1295_1452,0.628157881
2015_1295_1455,0.382123842
2015_1295_1458,0.203183143
2015_1295_1459,0.502802299
2015_1295_1461,0.562866257
2015_1295_1462,0.520551026
2015_1301_1308,0.523219923
2015_1301_1314,0.512724583
2015_1301_1316,0.818212430
2015_1301_1318,0.778763930
2015_1301_1320,0.764469809
2015_1301_1323,0.765554608
2015_1301_1326,0.532585948
2015_1301_1328,0.603058174
2015_1301_1329,0.592816454
2015_1301_1332,0.546981048
2015_1301_1344,0.555822453
2015_1301_1345,0.672561234
2015_1301_1352,0.761212514
2015_1301_1361,0.514692932
2015_1301_1372,0.567864955
2015_1301_1374,0.685194512
2015_1301_1385,0.698961797
2015_1301_1400,0.573678761
2015_1301_1411,0.634182951
2015_1301_1412,0.721451182
2015_1301_1414,0.665971402
2015_1301_1417,0.468743086
2015_1301_1428,0.763836643
2015_1301_1433,0.516936753
2015_1301_1434,0.789219140
2015_1301_1437,0.578096935
2015_1301_1438,0.476323832
2015_1301_1452,0.750082680
2015_1301_1455,0.523529587
2015_1301_1458,0.311785336
2015_1301_1459,0.642433201
2015_1301_1461,0.695833241
2015_1301_1462,0.658581999
2015_1308_1314,0.462824888
2015_1308_1316,0.786574303
2015_1308_1318,0.742421550
2015_1308_1320,0.726603680
2015_1308_1323,0.727800769
2015_1308_1326,0.482667952
2015_1308_1328,0.554368962
2015_1308_1329,0.543821297
2015_1308_1332,0.497148906
2015_1308_1344,0.506084676
2015_1308_1345,0.627126104
2015_1308_1352,0.723012450
2015_1308_1361,0.464784377
2015_1308_1372,0.518307015
2015_1308_1374,0.640575542
2015_1308_1385,0.655312531
2015_1308_1400,0.524228942
2015_1308_1411,0.586695021
2015_1308_1412,0.679567862
2015_1308_1414,0.620138328
2015_1308_1417,0.419439272
2015_1308_1428,0.725905224
2015_1308_1433,0.467020024
2015_1308_1434,0.754051823
2015_1308_1437,0.528738588
2015_1308_1438,0.426863340
2015_1308_1452,0.710778617
2015_1308_1455,0.473600364
2015_1308_1458,0.270582219
2015_1308_1459,0.595332891
2015_1308_1461,0.651956233
2015_1308_1462,0.612325244
2015_1314_1316,0.793546246
2015_1314_1318,0.750378157
2015_1314_1320,0.734874397
2015_1314_1323,0.736048385
2015_1314_1326,0.493170681
2015_1314_1328,0.564728758
2015_1314_1329,0.554229133
2015_1314_1332,0.507657534
2015_1314_1344,0.516588166
2015_1314_1345,0.636902363
2015_1314_1352,0.731351640
2015_1314_1361,0.475255532
2015_1314_1372,0.528792606
2015_1314_1374,0.650195869
2015_1314_1385,0.664744862
2015_1314_1400,0.534701333
2015_1314_1411,0.596849873
2015_1314_1412,0.688651748
2015_1314_1414,0.629989698
2015_1314_1417,0.429709022
2015_1314_1428,0.734189335
2015_1314_1433,0.477496541
2015_1314_1434,0.761764442
2015_1314_1437,0.539198971
2015_1314_1438,0.437177931
2015_1314_1452,0.719343154
2015_1314_1455,0.484090478
2015_1314_1458,0.278958528
2015_1314_1459,0.605418180
2015_1314_1461,0.661432948
2015_1314_1462,0.622255797
2015_1316_1318,0.412717269
2015_1316_1320,0.393200707
2015_1316_1323,0.394641390
2015_1316_1326,0.185322842
2015_1316_1328,0.232723270
2015_1316_1329,0.225202717
2015_1316_1332,0.194232222
2015_1316_1344,0.199887656
2015_1316_1345,0.290815014
2015_1316_1352,0.388913224
2015_1316_1361,0.174735194
2015_1316_1372,0.207826681
2015_1316_1374,0.302911144
2015_1316_1385,0.316725269
2015_1316_1400,0.211760694
2015_1316_1411,0.257115100
2015_1316_1412,0.340840704
2015_1316_1414,0.284713227
2015_1316_1417,0.149769224
2015_1316_1428,0.392362828
2015_1316_1433,0.176034553
2015_1316_1434,0.427759953
2015_1316_1437,0.214795900
2015_1316_1438,0.153683660
2015_1316_1452,0.374685464
2015_1316_1455,0.179898780
2015_1316_1458,0.082943670
2015_1316_1459,0.264000068
2015_1316_1461,0.313525751
2015_1316_1462,0.278032998
2015_1318_1320,0.453119943
2015_1318_1323,0.454615698
2015_1318_1326,0.225327180
2015_1318_1328,0.279449852
2015_1318_1329,0.270952536
2015_1318_1332,0.235603576
2015_1318_1344,0.242101708
2015_1318_1345,0.343976410
2015_1318_1352,0.448662215
2015_1318_1361,0.213051780
2015_1318_1372,0.251190987
2015_1318_1374,0.357170111
2015_1318_1385,0.372137716
2015_1318_1400,0.255680914
2015_1318_1411,0.306780999
2015_1318_1412,0.398014551
2015_1318_1414,0.337289680
2015_1318_1417,0.183830661
2015_1318_1428,0.452249569
2015_1318_1433,0.214561967
2015_1318_1434,0.488704147
2015_1318_1437,0.259138682
2015_1318_1438,0.188438028
2015_1318_1452,0.433800315
2015_1318_1455,0.219047102
2015_1318_1458,0.103660153
2015_1318_1459,0.314432972
2015_1318_1461,0.368680459
2015_1318_1462,0.329944869
2015_1320_1323,0.474795400
2015_1320_1326,0.239804252
2015_1320_1328,0.296075251
2015_1320_1329,0.287273955
2015_1320_1332,0.250527391
2015_1320_1344,0.257298570
2015_1320_1345,0.362509342
2015_1320_1352,0.468804827
2015_1320_1361,0.226971242
2015_1320_1372,0.266757576
2015_1320_1374,0.376006461
2015_1320_1385,0.391282964
2015_1320_1400,0.271424884
2015_1320_1411,0.324300582
2015_1320_1412,0.417605615
2015_1320_1414,0.355657665
2015_1320_1417,0.196317260
2015_1320_1428,0.472415233
2015_1320_1433,0.228551448
2015_1320_1434,0.508984893
2015_1320_1437,0.275016897
2015_1320_1438,0.201160459
2015_1320_1452,0.453824906
2015_1320_1455,0.233242191
2015_1320_1458,0.111444780
2015_1320_1459,0.332180146
2015_1320_1461,0.387757688
2015_1320_1462,0.348122994
2015_1323_1326,0.238705956
2015_1323_1328,0.294819166
2015_1323_1329,0.286040011
2015_1323_1332,0.249396077
2015_1323_1344,0.256147097
2015_1323_1345,0.361115988
2015_1323_1352,0.467302380
2015_1323_1361,0.225914207
2015_1323_1372,0.265578925
2015_1323_1374,0.374591711
2015_1323_1385,0.389846630
2015_1323_1400,0.270233235
2015_1323_1411,0.322979669
2015_1323_1412,0.416138760
2015_1323_1414,0.354276031
2015_1323_1417,0.195366920
2015_1323_1428,0.470911477
2015_1323_1433,0.227489238
2015_1323_1434,0.507476688
2015_1323_1437,0.273815418
2015_1323_1438,0.200192519
2015_1323_1452,0.452329605
2015_1323_1455,0.232164721
2015_1323_1458,0.110848634
2015_1323_1459,0.330842880
2015_1323_1461,0.386326087
2015_1323_1462,0.346754874
2015_1326_1328,0.545066589
2015_1326_1329,0.534483610
2015_1326_1332,0.487755746
2015_1326_1344,0.496689450
2015_1326_1345,0.618296773
2015_1326_1352,0.715423315
2015_1326_1361,0.455448877
2015_1326_1372,0.508918686
2015_1326_1374,0.631877755
2015_1326_1385,0.646774716
2015_1326_1400,0.514847989
2015_1326_1411,0.577553225
2015_1326_1412,0.671329511
2015_1326_1414,0.611246095
2015_1326_1417,0.410316320
2015_1326_1428,0.718364462
2015_1326_1433,0.457678012
2015_1326_1434,0.747015559
2015_1326_1437,0.519365056
2015_1326_1438,0.417695081
2015_1326_1452,0.702991980
2015_1326_1455,0.464241385
2015_1326_1458,0.263228991
2015_1326_1459,0.586247413
2015_1326_1461,0.643380513
2015_1326_1462,0.603367077
2015_1328_1329,0.462684182
2015_1328_1332,0.416615701
2015_1328_1344,0.425328326
2015_1328_1345,0.548504484
2015_1328_1352,0.653435883
2015_1328_1361,0.385474967
2015_1328_1372,0.437327207
2015_1328_1374,0.562812826
2015_1328_1385,0.578640951
2015_1328_1400,0.443175170
2015_1328_1411,0.506260169
2015_1328_1412,0.605039808
2015_1328_1414,0.541121412
2015_1328_1417,0.342910002
2015_1328_1428,0.656710271
2015_1328_1433,0.387605381
2015_1328_1434,0.688917408
2015_1328_1437,0.447643596
2015_1328_1438,0.349795629
2015_1328_1452,0.639660572
2015_1328_1455,0.393893714
2015_1328_1458,0.211326518
2015_1328_1459,0.515189991
2015_1328_1461,0.575022252
2015_1328_1462,0.532907243
2015_1329_1332,0.427005585
2015_1329_1344,0.435773206
2015_1329_1345,0.559031725
2015_1329_1352,0.663019544
2015_1329_1361,0.395614909
2015_1329_1372,0.447837135
2015_1329_1374,0.573266002
2015_1329_1385,0.588992039
2015_1329_1400,0.453712255
2015_1329_1411,0.516904809
2015_1329_1412,0.615173617
2015_1329_1414,0.551680041
2015_1329_1417,0.352572665
2015_1329_1428,0.666249699
2015_1329_1433,0.397765089
2015_1329_1434,0.697973411
2015_1329_1437,0.458199509
2015_1329_1438,0.359546129
2015_1329_1452,0.649420854
2015_1329_1455,0.404109508
2015_1329_1458,0.218514362
2015_1329_1459,0.525822403
2015_1329_1461,0.585398541
2015_1329_1462,0.543495401
2015_1332_1344,0.482209083
2015_1332_1345,0.604529413
2015_1332_1352,0.703479028
2015_1332_1361,0.441117079
2015_1332_1372,0.494432020
2015_1332_1374,0.618297826
2015_1332_1385,0.633425521
2015_1332_1400,0.500364522
2015_1332_1411,0.563354055
2015_1332_1412,0.658418151
2015_1332_1414,0.597390030
2015_1332_1417,0.396370966
2015_1332_1428,0.706493042
2015_1332_1433,0.443333153
2015_1332_1434,0.735907793
2015_1332_1437,0.504886757
2015_1332_1438,0.403670610
2015_1332_1452,0.690751521
2015_1332_1455,0.449861473
2015_1332_1458,0.252145100
2015_1332_1459,0.572123974
2015_1332_1461,0.629976437
2015_1332_1462,0.589418820
2015_1344_1345,0.595952725
2015_1344_1352,0.695969057
2015_1344_1361,0.432324335
2015_1344_1372,0.485499742
2015_1344_1374,0.609827015
2015_1344_1385,0.625086860
2015_1344_1400,0.491429220
2015_1344_1411,0.554542395
2015_1344_1412,0.650334182
2015_1344_1414,0.588763750
2015_1344_1417,0.387851170
2015_1344_1428,0.699026733
2015_1344_1433,0.434530600
2015_1344_1434,0.728902614
2015_1344_1437,0.495950845
2015_1344_1438,0.395096598
2015_1344_1452,0.683064421
2015_1344_1455,0.441031964
2015_1344_1458,0.245464721
2015_1344_1459,0.563352125
2015_1344_1461,0.621606189
2015_1344_1462,0.580741636
2015_1345_1352,0.582393821
2015_1345_1361,0.316924499
2015_1345_1372,0.365033082
2015_1345_1374,0.487756832
2015_1345_1385,0.503907081
2015_1345_1400,0.370550908
2015_1345_1411,0.431305594
2015_1345_1412,0.531194636
2015_1345_1414,0.465875544
2015_1345_1417,0.278498585
2015_1345_1428,0.585914149
2015_1345_1433,0.318872657
2015_1345_1434,0.620929273
2015_1345_1437,0.374779944
2015_1345_1438,0.284651112
2015_1345_1452,0.567663109
2015_1345_1455,0.324637031
2015_1345_1458,0.165409585
2015_1345_1459,0.440091704
2015_1345_1461,0.500200924
2015_1345_1462,0.457664384
2015_1352_1361,0.230145804
2015_1352_1372,0.270294040
2015_1352_1374,0.380240195
2015_1352_1385,0.395579649
2015_1352_1400,0.275000011
2015_1352_1411,0.328258376
2015_1352_1412,0.421990969
2015_1352_1414,0.359794382
2015_1352_1417,0.199173548
2015_1352_1428,0.476904848
2015_1352_1433,0.231741488
2015_1352_1434,0.513483795
2015_1352_1437,0.278621258
2015_1352_1438,0.204069314
2015_1352_1452,0.458291312
2015_1352_1455,0.236477611
2015_1352_1458,0.113240218
2015_1352_1459,0.336186272
2015_1352_1461,0.392040596
2015_1352_1462,0.352219983
2015_1361_1372,0.526828869
2015_1361_1374,0.648401671
2015_1361_1385,0.662986608
2015_1361_1400,0.532740449
2015_1361_1411,0.594952505
2015_1361_1412,0.686959826
2015_1361_1414,0.628151128
2015_1361_1417,0.427779206
2015_1361_1428,0.732648805
2015_1361_1433,0.475531065
2015_1361_1434,0.760331559
2015_1361_1437,0.537240656
2015_1361_1438,0.435240168
2015_1361_1452,0.717749674
2015_1361_1455,0.482122891
2015_1361_1458,0.277376437
2015_1361_1459,0.603534375
2015_1361_1461,0.659666222
2015_1361_1462,0.620401963
2015_1372_1374,0.598126301
2015_1372_1385,0.613553783
2015_1372_1400,0.479210149
2015_1372_1411,0.542427810
2015_1372_1412,0.639129388
2015_1372_1414,0.576869735
2015_1372_1417,0.376301915
2015_1372_1428,0.688635227
2015_1372_1433,0.422550787
2015_1372_1434,0.719128197
2015_1372_1437,0.483726281
2015_1372_1438,0.383466746
2015_1372_1452,0.672380079
2015_1372_1455,0.429008944
2015_1372_1458,0.236517187
2015_1372_1459,0.551283213
2015_1372_1461,0.610032854
2015_1372_1462,0.568785532
2015_1374_1385,0.489419817
2015_1374_1400,0.357137540
2015_1374_1411,0.417150474
2015_1374_1412,0.516740022
2015_1374_1414,0.451486603
2015_1374_1417,0.267003914
2015_1374_1428,0.571786627
2015_1374_1433,0.306419305
2015_1374_1434,0.607195481
2015_1374_1437,0.361301367
2015_1374_1438,0.272998577
2015_1374_1452,0.553387543
2015_1374_1455,0.312061698
2015_1374_1458,0.157563194
2015_1374_1459,0.425864162
2015_1374_1461,0.485715884
2015_1374_1462,0.443318556
2015_1385_1400,0.342444191
2015_1385_1411,0.401530247
2015_1385_1412,0.500593512
2015_1385_1414,0.435541413
2015_1385_1417,0.254550497
2015_1385_1428,0.555898631
2015_1385_1433,0.292862024
2015_1385_1434,0.591683105
2015_1385_1437,0.346529057
2015_1385_1438,0.260364879
2015_1385_1452,0.537369247
2015_1385_1455,0.298362157
2015_1385_1458,0.149175398
2015_1385_1459,0.410147255
2015_1385_1461,0.469596774
2015_1385_1462,0.427437043
2015_1400_1411,0.536532115
2015_1400_1412,0.633638166
2015_1400_1414,0.571066945
2015_1400_1417,0.370748860
2015_1400_1428,0.683524293
2015_1400_1433,0.416771325
2015_1400_1434,0.714310103
2015_1400_1437,0.477802441
2015_1400_1438,0.377872046
2015_1400_1452,0.667131310
2015_1400_1455,0.423205853
2015_1400_1458,0.232258788
2015_1400_1459,0.545406047
2015_1400_1461,0.604372938
2015_1400_1462,0.562955860
2015_1411_1412,0.573104501
2015_1411_1414,0.508218723
2015_1411_1417,0.313817250
2015_1411_1428,0.626372974
2015_1411_1433,0.356779573
2015_1411_1434,0.659952545
2015_1411_1437,0.415280886
2015_1411_1438,0.320403530
2015_1411_1452,0.608714297
2015_1411_1455,0.362864156
2015_1411_1458,0.190166574
2015_1411_1459,0.482207087
2015_1411_1461,0.542495160
2015_1411_1462,0.499959816
2015_1412_1414,0.408881948
2015_1412_1417,0.234369550
2015_1412_1428,0.528773374
2015_1412_1433,0.270746875
2015_1412_1434,0.565033357
2015_1412_1437,0.322207914
2015_1412_1438,0.239871328
2015_1412_1452,0.510109599
2015_1412_1455,0.275993776
2015_1412_1458,0.135826483
2015_1412_1459,0.383984759
2015_1412_1461,0.442486827
2015_1412_1462,0.400921285
2015_1414_1417,0.284520154
2015_1414_1428,0.593118434
2015_1414_1433,0.325373509
2015_1414_1434,0.627911251
2015_1414_1437,0.381781750
2015_1414_1438,0.290752126
2015_1414_1452,0.574954597
2015_1414_1455,0.331198262
2015_1414_1458,0.169560644
2015_1414_1459,0.447440465
2015_1414_1461,0.507643322
2015_1414_1462,0.465062838
2015_1417_1428,0.767113394
2015_1417_1433,0.521493149
2015_1417_1434,0.792239498
2015_1417_1437,0.582542290
2015_1417_1438,0.480878587
2015_1417_1452,0.753488685
2015_1417_1455,0.528080573
2015_1417_1458,0.315715288
2015_1417_1459,0.646615048
2015_1417_1461,0.699682562
2015_1417_1462,0.662674214
2015_1428_1433,0.229171454
2015_1428_1434,0.509862803
2015_1428_1437,0.275717892
2015_1428_1438,0.201725571
2015_1428_1452,0.454695819
2015_1428_1455,0.233871039
2015_1428_1458,0.111793137
2015_1428_1459,0.332959930
2015_1428_1461,0.388592021
2015_1428_1462,0.348920645
2015_1433_1434,0.758690523
2015_1433_1437,0.535006298
2015_1433_1438,0.433033082
2015_1433_1452,0.715926047
2015_1433_1455,0.479880064
2015_1433_1458,0.275579233
2015_1433_1459,0.601382628
2015_1433_1461,0.657646330
2015_1433_1462,0.618283818
2015_1434_1437,0.247461457
2015_1434_1438,0.179176197
2015_1434_1452,0.418700634
2015_1434_1455,0.208667649
2015_1434_1458,0.098061710
2015_1434_1459,0.301277359
2015_1434_1461,0.354428563
2015_1434_1462,0.316439819
2015_1437_1438,0.373628960
2015_1437_1452,0.663102153
2015_1437_1455,0.418796394
2015_1437_1458,0.229048802
2015_1437_1459,0.540917399
2015_1437_1461,0.600039569
2015_1437_1462,0.558500237
2015_1438_1452,0.747795766
2015_1438_1455,0.520494832
2015_1438_1458,0.309181529
2015_1438_1459,0.639634493
2015_1438_1461,0.693252929
2015_1438_1462,0.655841981
2015_1452_1455,0.247534775
2015_1452_1458,0.119436464
2015_1452_1459,0.349769841
2015_1452_1461,0.406498977
2015_1452_1462,0.366094110
2015_1455_1458,0.270337267
2015_1455_1459,0.595033744
2015_1455_1461,0.651674515
2015_1455_1462,0.612030528
2015_1458_1459,0.780877677
2015_1458_1461,0.819413901
2015_1458_1462,0.792790603
2015_1459_1461,0.533612988
2015_1459_1462,0.491026627
2015_1461_1462,0.431069067
