"id","pred"
"2015_1107_1112",0.0330557084146983
"2015_1107_1116",0.280397264617314
"2015_1107_1124",0.10901498299614
"2015_1107_1125",0.631797105301117
"2015_1107_1129",0.274188644136854
"2015_1107_1138",0.269874387026906
"2015_1107_1139",0.223581311449309
"2015_1107_1140",0.237885802870671
"2015_1107_1153",0.21312590397877
"2015_1107_1157",0.543942078845517
"2015_1107_1172",0.261582346705441
"2015_1107_1173",0.407291465849891
"2015_1107_1181",0.0497186817361083
"2015_1107_1186",0.550412002151563
"2015_1107_1207",0.231775905321338
"2015_1107_1208",0.314616319255138
"2015_1107_1209",0.254589197965898
"2015_1107_1211",0.0437386380988391
"2015_1107_1214",0.826743727297109
"2015_1107_1217",0.358092669023626
"2015_1107_1231",0.360414067798524
"2015_1107_1234",0.215155177021726
"2015_1107_1235",0.213412820557287
"2015_1107_1242",0.171134940676834
"2015_1107_1246",0.0116713894535915
"2015_1107_1248",0.708466523574835
"2015_1107_1257",0.147078550261094
"2015_1107_1261",0.436652434717043
"2015_1107_1264",0.647358542079201
"2015_1107_1268",0.316212259381218
"2015_1107_1277",0.141202566987312
"2015_1107_1279",0.36669372867088
"2015_1107_1295",0.618823558755128
"2015_1107_1301",0.323612415306108
"2015_1107_1308",0.202355302821656
"2015_1107_1314",0.0999491551201653
"2015_1107_1316",0.530801805622588
"2015_1107_1318",0.520455820984604
"2015_1107_1320",0.16460652799084
"2015_1107_1323",0.194756505790562
"2015_1107_1326",0.133319544671077
"2015_1107_1328",0.180347448650512
"2015_1107_1329",0.41921851050999
"2015_1107_1332",0.47174789201845
"2015_1107_1344",0.320209027254003
"2015_1107_1345",0.309874688187965
"2015_1107_1352",0.735177339849125
"2015_1107_1361",0.208986889567338
"2015_1107_1372",0.144304319833171
"2015_1107_1374",0.154969541242985
"2015_1107_1385",0.426604016402905
"2015_1107_1400",0.156231469460432
"2015_1107_1411",0.706377046725238
"2015_1107_1412",0.603324792698806
"2015_1107_1414",0.499438107889381
"2015_1107_1417",0.432584188630437
"2015_1107_1428",0.0631911469596045
"2015_1107_1433",0.263697096674199
"2015_1107_1434",0.299215486553221
"2015_1107_1437",0.0515520977825478
"2015_1107_1438",0.0319015572605149
"2015_1107_1452",0.238884734402316
"2015_1107_1455",0.0816842476534434
"2015_1107_1458",0.0365163526734943
"2015_1107_1459",0.393654208556469
"2015_1107_1461",0.576274317650182
"2015_1107_1462",0.287846375685484
"2015_1112_1116",0.919332095977873
"2015_1112_1124",0.781841216222906
"2015_1112_1125",0.980555073020354
"2015_1112_1129",0.917502847585071
"2015_1112_1138",0.915384514362081
"2015_1112_1139",0.893885787949444
"2015_1112_1140",0.901325271616542
"2015_1112_1153",0.887902334706778
"2015_1112_1157",0.972132652483761
"2015_1112_1172",0.912249410881546
"2015_1112_1173",0.953182563688138
"2015_1112_1181",0.604741409477113
"2015_1112_1186",0.972973436498088
"2015_1112_1207",0.898244730135484
"2015_1112_1208",0.930824505547374
"2015_1112_1209",0.909337838452654
"2015_1112_1211",0.572391117874365
"2015_1112_1214",0.992899965269298
"2015_1112_1217",0.942297069555068
"2015_1112_1231",0.942805699366134
"2015_1112_1234",0.889135160831733
"2015_1112_1235",0.888628503459377
"2015_1112_1242",0.858016364672139
"2015_1112_1246",0.257037095436279
"2015_1112_1248",0.986221993517002
"2015_1112_1257",0.834540598645821
"2015_1112_1261",0.957833095700693
"2015_1112_1264",0.981784689229541
"2015_1112_1268",0.931542308508291
"2015_1112_1277",0.827860581621983
"2015_1112_1279",0.944325408974511
"2015_1112_1295",0.979476544068724
"2015_1112_1301",0.933358793449229
"2015_1112_1308",0.88183633869906
"2015_1112_1314",0.764636137182344
"2015_1112_1316",0.970823589150112
"2015_1112_1318",0.969540127906644
"2015_1112_1320",0.853203225689006
"2015_1112_1323",0.876943895349877
"2015_1112_1326",0.818265028392234
"2015_1112_1328",0.865965114802793
"2015_1112_1329",0.955141835191283
"2015_1112_1332",0.963271983570195
"2015_1112_1344",0.932343927855018
"2015_1112_1345",0.929240059688997
"2015_1112_1352",0.987878954019892
"2015_1112_1361",0.885429598593506
"2015_1112_1372",0.831447546297503
"2015_1112_1374",0.842863558440214
"2015_1112_1385",0.95639363074992
"2015_1112_1400",0.844180387689906
"2015_1112_1411",0.98601755230619
"2015_1112_1412",0.978042006896139
"2015_1112_1414",0.967000123899693
"2015_1112_1417",0.957100221758992
"2015_1112_1428",0.663893209429408
"2015_1112_1433",0.912967069681905
"2015_1112_1434",0.925851984394854
"2015_1112_1437",0.614051769615561
"2015_1112_1438",0.490741275031486
"2015_1112_1452",0.902037779866369
"2015_1112_1455",0.722312795230854
"2015_1112_1458",0.525881321031639
"2015_1112_1459",0.950140154409239
"2015_1112_1461",0.975814264401609
"2015_1112_1462",0.922165568501426
"2015_1116_1124",0.239045587978436
"2015_1116_1125",0.815001325398056
"2015_1116_1129",0.4924065256698
"2015_1116_1138",0.486817580050597
"2015_1116_1139",0.424964987131891
"2015_1116_1140",0.444777044384986
"2015_1116_1153",0.410068280714011
"2015_1116_1157",0.753750192274678
"2015_1116_1172",0.476267553769081
"2015_1116_1173",0.638449498947522
"2015_1116_1181",0.118380460390687
"2015_1116_1186",0.7586526200021
"2015_1116_1207",0.43639394626936
"2015_1116_1208",0.54091431242155
"2015_1116_1209",0.467183570241082
"2015_1116_1211",0.105054263447279
"2015_1116_1214",0.924515979719949
"2015_1116_1217",0.58876886528254
"2015_1116_1231",0.59119920861659
"2015_1116_1234",0.412986908896329
"2015_1116_1235",0.410597680782614
"2015_1116_1242",0.346358434308597
"2015_1116_1246",0.0294286194929202
"2015_1116_1248",0.861892695518257
"2015_1116_1257",0.306781481911025
"2015_1116_1261",0.665492094904784
"2015_1116_1264",0.824950896159233
"2015_1116_1268",0.542846776225144
"2015_1116_1277",0.296744978328378
"2015_1116_1279",0.597764814154379
"2015_1116_1295",0.806510854491752
"2015_1116_1301",0.551148517938518
"2015_1116_1308",0.394617082902752
"2015_1116_1314",0.2218147648486
"2015_1116_1316",0.743903743750666
"2015_1116_1318",0.735860917130407
"2015_1116_1320",0.336030624202685
"2015_1116_1323",0.383148541386033
"2015_1116_1326",0.283046737901724
"2015_1116_1328",0.360964988905123
"2015_1116_1329",0.649611891732106
"2015_1116_1332",0.696293026321692
"2015_1116_1344",0.547279414807603
"2015_1116_1345",0.535387562292271
"2015_1116_1352",0.876949050503842
"2015_1116_1361",0.404066054761692
"2015_1116_1372",0.3020911607759
"2015_1116_1374",0.320025886613643
"2015_1116_1385",0.65645208466683
"2015_1116_1400",0.322165766686718
"2015_1116_1411",0.860625964479832
"2015_1116_1412",0.796068458462222
"2015_1116_1414",0.719218906997141
"2015_1116_1417",0.661770564681809
"2015_1116_1428",0.147573794958852
"2015_1116_1433",0.478946640110114
"2015_1116_1434",0.522849985356532
"2015_1116_1437",0.122420310650434
"2015_1116_1438",0.0779774667405852
"2015_1116_1452",0.446312217092427
"2015_1116_1455",0.185858758599691
"2015_1116_1458",0.0886458778496905
"2015_1116_1459",0.624994369011888
"2015_1116_1461",0.777552550223346
"2015_1116_1462",0.509193542518149
"2015_1124_1125",0.934049129632232
"2015_1124_1129",0.757800463696112
"2015_1124_1138",0.751554807352736
"2015_1124_1139",0.701826954742602
"2015_1124_1140",0.718602032243217
"2015_1124_1153",0.688642282591689
"2015_1124_1157",0.90692727766757
"2015_1124_1172",0.744615320818086
"2015_1124_1173",0.852091192565144
"2015_1124_1181",0.299288468954031
"2015_1124_1186",0.910046437403217
"2015_1124_1207",0.711594959423499
"2015_1124_1208",0.790333571380952
"2015_1124_1209",0.737873001036263
"2015_1124_1211",0.27233847833536
"2015_1124_1214",0.975102670485994
"2015_1124_1217",0.820381973890037
"2015_1124_1231",0.821617912376168
"2015_1124_1234",0.691475706750334
"2015_1124_1235",0.691587496589852
"2015_1124_1242",0.628233311612032
"2015_1124_1246",0.0880387536862983
"2015_1124_1248",0.952711069003741
"2015_1124_1257",0.584891281887516
"2015_1124_1261",0.864159827623782
"2015_1124_1264",0.937980357402585
"2015_1124_1268",0.792804882570295
"2015_1124_1277",0.573295849244158
"2015_1124_1279",0.826025558106307
"2015_1124_1295",0.930592033678951
"2015_1124_1301",0.796638962477195
"2015_1124_1308",0.67586997585396
"2015_1124_1314",0.475470219576994
"2015_1124_1316",0.903406321196114
"2015_1124_1318",0.899207119896978
"2015_1124_1320",0.620930341744328
"2015_1124_1323",0.667376539601467
"2015_1124_1326",0.557352814412459
"2015_1124_1328",0.644509469016824
"2015_1124_1329",0.857165441365142
"2015_1124_1332",0.880400168962867
"2015_1124_1344",0.793863611437084
"2015_1124_1345",0.78577511247063
"2015_1124_1352",0.958100958867443
"2015_1124_1361",0.683465451552306
"2015_1124_1372",0.579204423640657
"2015_1124_1374",0.599739104664283
"2015_1124_1385",0.860681184141415
"2015_1124_1400",0.601848357540671
"2015_1124_1411",0.951816332630757
"2015_1124_1412",0.925728664885391
"2015_1124_1414",0.891595331578442
"2015_1124_1417",0.861828550489166
"2015_1124_1428",0.355955293172624
"2015_1124_1433",0.745934561964209
"2015_1124_1434",0.777122910612323
"2015_1124_1437",0.307939744196332
"2015_1124_1438",0.211974649765848
"2015_1124_1452",0.719917490999002
"2015_1124_1455",0.420653388452446
"2015_1124_1458",0.23671300759545
"2015_1124_1459",0.84241031770526
"2015_1124_1461",0.919546493835745
"2015_1124_1462",0.768455334537959
"2015_1125_1129",0.180280483022934
"2015_1125_1138",0.177335988770112
"2015_1125_1139",0.143713520486249
"2015_1125_1140",0.153986903526884
"2015_1125_1153",0.136202528421233
"2015_1125_1157",0.409973966655077
"2015_1125_1172",0.17121448767792
"2015_1125_1173",0.284776441749539
"2015_1125_1181",0.0295386752973211
"2015_1125_1186",0.41631227044672
"2015_1125_1207",0.149586317398907
"2015_1125_1208",0.211218059436294
"2015_1125_1209",0.16605421368278
"2015_1125_1211",0.0259801516492388
"2015_1125_1214",0.735707972511052
"2015_1125_1217",0.245495503675858
"2015_1125_1231",0.247229235476718
"2015_1125_1234",0.137781744306481
"2015_1125_1235",0.136485976584753
"2015_1125_1242",0.107472172072638
"2015_1125_1246",0.00676481903275532
"2015_1125_1248",0.585805201397938
"2015_1125_1257",0.0913001140749939
"2015_1125_1261",0.31137418363367
"2015_1125_1264",0.51698541665133
"2015_1125_1268",0.212170612570772
"2015_1125_1277",0.0874289273404847
"2015_1125_1279",0.252491883469064
"2015_1125_1295",0.486119915948517
"2015_1125_1301",0.218174053673353
"2015_1125_1308",0.126353107629025
"2015_1125_1314",0.0604867400712463
"2015_1125_1316",0.39722766708899
"2015_1125_1318",0.387647729172549
"2015_1125_1320",0.102786985567869
"2015_1125_1323",0.123367726695745
"2015_1125_1326",0.0823290990368492
"2015_1125_1328",0.1136981413483
"2015_1125_1329",0.295607556675994
"2015_1125_1332",0.342374980242899
"2015_1125_1344",0.215429481265867
"2015_1125_1345",0.207324678563881
"2015_1125_1352",0.6181283967964
"2015_1125_1361",0.133423425449296
"2015_1125_1372",0.0891234886786002
"2015_1125_1374",0.0965315588086767
"2015_1125_1385",0.302044615807509
"2015_1125_1400",0.0968804935991913
"2015_1125_1411",0.583919256530297
"2015_1125_1412",0.470125150845364
"2015_1125_1414",0.367756143430319
"2015_1125_1417",0.307749003292927
"2015_1125_1428",0.0378582437273488
"2015_1125_1433",0.172817211231993
"2015_1125_1434",0.199096013541593
"2015_1125_1437",0.0307272851556494
"2015_1125_1438",0.0188050781599238
"2015_1125_1452",0.152715007951175
"2015_1125_1455",0.0491834278930205
"2015_1125_1458",0.0216239086655104
"2015_1125_1459",0.274614081816297
"2015_1125_1461",0.440463214955959
"2015_1125_1462",0.190797826889105
"2015_1129_1138",0.494822669467251
"2015_1129_1139",0.432577614612057
"2015_1129_1140",0.452653942857498
"2015_1129_1153",0.417205346862476
"2015_1129_1157",0.759358897623926
"2015_1129_1172",0.484338293284177
"2015_1129_1173",0.644093246880669
"2015_1129_1181",0.121382781233848
"2015_1129_1186",0.764322703720032
"2015_1129_1207",0.444174093681367
"2015_1129_1208",0.549003154756483
"2015_1129_1209",0.475162373572274
"2015_1129_1211",0.108095338378972
"2015_1129_1214",0.926761734733039
"2015_1129_1217",0.596545316850295
"2015_1129_1231",0.598685440458644
"2015_1129_1234",0.420598088523781
"2015_1129_1235",0.418160151439361
"2015_1129_1242",0.353653169914911
"2015_1129_1246",0.0299025542240618
"2015_1129_1248",0.865423624164748
"2015_1129_1257",0.313337578643508
"2015_1129_1261",0.672716059880484
"2015_1129_1264",0.829541141907331
"2015_1129_1268",0.550468798874844
"2015_1129_1277",0.30319889285219
"2015_1129_1279",0.60557250386773
"2015_1129_1295",0.811367331094316
"2015_1129_1301",0.559108248816848
"2015_1129_1308",0.394764438589035
"2015_1129_1314",0.225921420123411
"2015_1129_1316",0.749777853817179
"2015_1129_1318",0.742136396689725
"2015_1129_1320",0.342481543754434
"2015_1129_1323",0.390195060347404
"2015_1129_1326",0.289608134236945
"2015_1129_1328",0.368398097266994
"2015_1129_1329",0.656125307114656
"2015_1129_1332",0.703014983853265
"2015_1129_1344",0.555032691258172
"2015_1129_1345",0.542908583399044
"2015_1129_1352",0.880378243425282
"2015_1129_1361",0.411531801423982
"2015_1129_1372",0.307320006449498
"2015_1129_1374",0.32671082722867
"2015_1129_1385",0.66303008357552
"2015_1129_1400",0.327138971819369
"2015_1129_1411",0.864493131538533
"2015_1129_1412",0.801290979125023
"2015_1129_1414",0.725631567773301
"2015_1129_1417",0.668865397317405
"2015_1129_1428",0.151702185697784
"2015_1129_1433",0.487073469820407
"2015_1129_1434",0.530218834179445
"2015_1129_1437",0.125917789681647
"2015_1129_1438",0.0800199454808634
"2015_1129_1452",0.448927087150304
"2015_1129_1455",0.19011843257983
"2015_1129_1458",0.091260432686695
"2015_1129_1459",0.632522805174743
"2015_1129_1461",0.781540399019444
"2015_1129_1462",0.517343382937906
"2015_1138_1139",0.437908736846323
"2015_1138_1140",0.457840789993051
"2015_1138_1153",0.422868235449635
"2015_1138_1157",0.763408940384694
"2015_1138_1172",0.489275237332783
"2015_1138_1173",0.649653259679632
"2015_1138_1181",0.123979222760105
"2015_1138_1186",0.767950545157859
"2015_1138_1207",0.449413738782593
"2015_1138_1208",0.553898153619838
"2015_1138_1209",0.480119327288786
"2015_1138_1211",0.110118121390552
"2015_1138_1214",0.92809717138055
"2015_1138_1217",0.601470092855639
"2015_1138_1231",0.603888816336103
"2015_1138_1234",0.425836659282841
"2015_1138_1235",0.423101687019325
"2015_1138_1242",0.358392734401028
"2015_1138_1246",0.0309168775488707
"2015_1138_1248",0.867843078473113
"2015_1138_1257",0.31811377657812
"2015_1138_1261",0.677070262055361
"2015_1138_1264",0.832326775579596
"2015_1138_1268",0.555535453687393
"2015_1138_1277",0.307871990037873
"2015_1138_1279",0.610338633587082
"2015_1138_1295",0.814431052753721
"2015_1138_1301",0.564150681065214
"2015_1138_1308",0.406182981449495
"2015_1138_1314",0.230915030451011
"2015_1138_1316",0.753572107739101
"2015_1138_1318",0.745895835430042
"2015_1138_1320",0.347374442894787
"2015_1138_1323",0.395225752069597
"2015_1138_1326",0.293869041923216
"2015_1138_1328",0.373027312290716
"2015_1138_1329",0.660999689153399
"2015_1138_1332",0.707149049954202
"2015_1138_1344",0.560319181556647
"2015_1138_1345",0.548477970719244
"2015_1138_1352",0.882449134196368
"2015_1138_1361",0.416833629762622
"2015_1138_1372",0.313190957245356
"2015_1138_1374",0.331612389110099
"2015_1138_1385",0.667780657716189
"2015_1138_1400",0.333587472880074
"2015_1138_1411",0.86679534859012
"2015_1138_1412",0.804480941208148
"2015_1138_1414",0.729572656331914
"2015_1138_1417",0.673476566942358
"2015_1138_1428",0.154321095970101
"2015_1138_1433",0.492085432165157
"2015_1138_1434",0.535974700422437
"2015_1138_1437",0.128198386297501
"2015_1138_1438",0.0818397217102976
"2015_1138_1452",0.458672467081566
"2015_1138_1455",0.193937596369765
"2015_1138_1458",0.0930010022591168
"2015_1138_1459",0.637109255052883
"2015_1138_1461",0.785813522967085
"2015_1138_1462",0.522284886980738
"2015_1139_1140",0.52014141333314
"2015_1139_1153",0.484686813724626
"2015_1139_1157",0.805516936609167
"2015_1139_1172",0.551594130878987
"2015_1139_1173",0.704645185241334
"2015_1139_1181",0.153752432310816
"2015_1139_1186",0.809563028948285
"2015_1139_1207",0.511649281326832
"2015_1139_1208",0.614500017422185
"2015_1139_1209",0.542541395444553
"2015_1139_1211",0.13706488999119
"2015_1139_1214",0.943086175887569
"2015_1139_1217",0.659543307386455
"2015_1139_1231",0.661805233085152
"2015_1139_1234",0.487700006400709
"2015_1139_1235",0.48509471690913
"2015_1139_1242",0.417585859041909
"2015_1139_1246",0.0393901736665677
"2015_1139_1248",0.894046222252956
"2015_1139_1257",0.374541082594489
"2015_1139_1261",0.729115057127635
"2015_1139_1264",0.864398587582074
"2015_1139_1268",0.616233513400122
"2015_1139_1277",0.363450062306438
"2015_1139_1279",0.667849719278705
"2015_1139_1295",0.849335835137202
"2015_1139_1301",0.624265247089579
"2015_1139_1308",0.468303714187462
"2015_1139_1314",0.278299861806869
"2015_1139_1316",0.797088730528615
"2015_1139_1318",0.79030316769158
"2015_1139_1320",0.406231563325637
"2015_1139_1323",0.456461910627974
"2015_1139_1326",0.348189152561548
"2015_1139_1328",0.433120465119644
"2015_1139_1329",0.714796655937253
"2015_1139_1332",0.756158417757833
"2015_1139_1344",0.620602236013172
"2015_1139_1345",0.60926187802757
"2015_1139_1352",0.906014838322026
"2015_1139_1361",0.478481730061795
"2015_1139_1372",0.369327255902519
"2015_1139_1374",0.389068905855547
"2015_1139_1385",0.720928171450539
"2015_1139_1400",0.391343739052185
"2015_1139_1411",0.893094382799306
"2015_1139_1412",0.840806972606061
"2015_1139_1414",0.776018550331318
"2015_1139_1417",0.725836354308604
"2015_1139_1428",0.189785078633989
"2015_1139_1433",0.554300994096335
"2015_1139_1434",0.59721573159243
"2015_1139_1437",0.158781616776049
"2015_1139_1438",0.102682157771854
"2015_1139_1452",0.521478933883172
"2015_1139_1455",0.235993182073814
"2015_1139_1458",0.116306536024269
"2015_1139_1459",0.692725694968413
"2015_1139_1461",0.825225798572319
"2015_1139_1462",0.583954067859706
"2015_1140_1153",0.464574966778695
"2015_1140_1157",0.7925744804771
"2015_1140_1172",0.53150898377012
"2015_1140_1173",0.687201590477814
"2015_1140_1181",0.143541258772644
"2015_1140_1186",0.796727649854373
"2015_1140_1207",0.491500777284449
"2015_1140_1208",0.595199848825207
"2015_1140_1209",0.522377710674552
"2015_1140_1211",0.127806150997681
"2015_1140_1214",0.938594484899099
"2015_1140_1217",0.641213187494408
"2015_1140_1231",0.643534870220356
"2015_1140_1234",0.467591435573746
"2015_1140_1235",0.464843476958225
"2015_1140_1242",0.398119032288956
"2015_1140_1246",0.0364163466143625
"2015_1140_1248",0.886077584786946
"2015_1140_1257",0.355854363321751
"2015_1140_1261",0.712877989372997
"2015_1140_1264",0.854623680087599
"2015_1140_1268",0.596832058655893
"2015_1140_1277",0.345011997246907
"2015_1140_1279",0.649715199857195
"2015_1140_1295",0.838653218886411
"2015_1140_1301",0.605172444543151
"2015_1140_1308",0.447717547662513
"2015_1140_1314",0.262320609916789
"2015_1140_1316",0.78363155913898
"2015_1140_1318",0.776594159456765
"2015_1140_1320",0.386685367002854
"2015_1140_1323",0.436318604887456
"2015_1140_1326",0.330123187211287
"2015_1140_1328",0.413353120814432
"2015_1140_1329",0.697851551266211
"2015_1140_1332",0.74091228444674
"2015_1140_1344",0.601447270913831
"2015_1140_1345",0.589906639326815
"2015_1140_1352",0.898890186553727
"2015_1140_1361",0.458411619309908
"2015_1140_1372",0.350677967536555
"2015_1140_1374",0.370085601081304
"2015_1140_1385",0.704218776117555
"2015_1140_1400",0.372205022014339
"2015_1140_1411",0.885135288531416
"2015_1140_1412",0.829711627062691
"2015_1140_1414",0.761622247403047
"2015_1140_1417",0.709506744300393
"2015_1140_1428",0.177692455103336
"2015_1140_1433",0.534293088601887
"2015_1140_1434",0.577670378201041
"2015_1140_1437",0.148306700153476
"2015_1140_1438",0.095478185489324
"2015_1140_1452",0.500972010615743
"2015_1140_1455",0.221746005821069
"2015_1140_1458",0.108274083469016
"2015_1140_1459",0.675234254661754
"2015_1140_1461",0.812980115121052
"2015_1140_1462",0.564210374589981
"2015_1153_1157",0.81493456695467
"2015_1153_1172",0.566880260573409
"2015_1153_1173",0.717946868676687
"2015_1153_1181",0.161899627493669
"2015_1153_1186",0.819024938224972
"2015_1153_1207",0.526950420337253
"2015_1153_1208",0.629014391996123
"2015_1153_1209",0.557934931420789
"2015_1153_1211",0.144483113460343
"2015_1153_1214",0.946306831817242
"2015_1153_1217",0.673190847041227
"2015_1153_1231",0.675380088727844
"2015_1153_1234",0.503018177852944
"2015_1153_1235",0.500741581394618
"2015_1153_1242",0.432580746565847
"2015_1153_1246",0.0418169500994537
"2015_1153_1248",0.899872711292727
"2015_1153_1257",0.388998681271349
"2015_1153_1261",0.741119730059473
"2015_1153_1264",0.871520112499029
"2015_1153_1268",0.63096545761477
"2015_1153_1277",0.377738419110364
"2015_1153_1279",0.681360347056943
"2015_1153_1295",0.85715958646549
"2015_1153_1301",0.638552999811251
"2015_1153_1308",0.484286195254856
"2015_1153_1314",0.29084655515655
"2015_1153_1316",0.807032386896257
"2015_1153_1318",0.800369468098214
"2015_1153_1320",0.421628221326515
"2015_1153_1323",0.472168688583941
"2015_1153_1326",0.362243971174045
"2015_1153_1328",0.448444646167761
"2015_1153_1329",0.727560656439751
"2015_1153_1332",0.767448037727019
"2015_1153_1344",0.63492165607569
"2015_1153_1345",0.623743846833688
"2015_1153_1352",0.911173231526186
"2015_1153_1361",0.493785353320308
"2015_1153_1372",0.383775339257857
"2015_1153_1374",0.403725053871902
"2015_1153_1385",0.73348301944123
"2015_1153_1400",0.406138629477466
"2015_1153_1411",0.898845416951383
"2015_1153_1412",0.848865505972223
"2015_1153_1414",0.786648917433574
"2015_1153_1417",0.737870688113859
"2015_1153_1428",0.199417522974451
"2015_1153_1433",0.569445696754387
"2015_1153_1434",0.611862020535148
"2015_1153_1437",0.167153023130855
"2015_1153_1438",0.108471806296448
"2015_1153_1452",0.537159774957895
"2015_1153_1455",0.247230074137017
"2015_1153_1458",0.122761108343808
"2015_1153_1459",0.705778060477892
"2015_1153_1461",0.834426567868087
"2015_1153_1462",0.598865231627526
"2015_1157_1172",0.229038052504818
"2015_1157_1173",0.36580899831698
"2015_1157_1181",0.0420243173717523
"2015_1157_1186",0.506632269738424
"2015_1157_1207",0.20188952195535
"2015_1157_1208",0.277938230664308
"2015_1157_1209",0.222663243559923
"2015_1157_1211",0.0369334738266523
"2015_1157_1214",0.800051524663929
"2015_1157_1217",0.318680527274826
"2015_1157_1231",0.320867078791641
"2015_1157_1234",0.186889923704728
"2015_1157_1235",0.185386295220631
"2015_1157_1242",0.147568042689549
"2015_1157_1246",0.00980816820117111
"2015_1157_1248",0.670909499734846
"2015_1157_1257",0.126316875335893
"2015_1157_1261",0.393919422803589
"2015_1157_1264",0.606232144146868
"2015_1157_1268",0.279493305660904
"2015_1157_1277",0.121152523852722
"2015_1157_1279",0.326827847336222
"2015_1157_1295",0.576573770713349
"2015_1157_1301",0.28630287727927
"2015_1157_1308",0.175549528915019
"2015_1157_1314",0.0851882343998667
"2015_1157_1316",0.486897824828428
"2015_1157_1318",0.47647327316819
"2015_1157_1320",0.141869118558493
"2015_1157_1323",0.16868040933886
"2015_1157_1326",0.114242678854107
"2015_1157_1328",0.155784365881432
"2015_1157_1329",0.377191778217101
"2015_1157_1332",0.428235960073876
"2015_1157_1344",0.28312130769039
"2015_1157_1345",0.273501917244293
"2015_1157_1352",0.699537351836486
"2015_1157_1361",0.181344290818358
"2015_1157_1372",0.123890974883376
"2015_1157_1374",0.133268036619373
"2015_1157_1385",0.384311784609369
"2015_1157_1400",0.134403366402819
"2015_1157_1411",0.668578610465233
"2015_1157_1412",0.560496191461629
"2015_1157_1414",0.455575186877836
"2015_1157_1417",0.389949809638471
"2015_1157_1428",0.0535307494178088
"2015_1157_1433",0.230943760641666
"2015_1157_1434",0.263617318966983
"2015_1157_1437",0.0435871452143706
"2015_1157_1438",0.0268867281609392
"2015_1157_1452",0.2084360549617
"2015_1157_1455",0.0694050033217419
"2015_1157_1458",0.0307986914216548
"2015_1157_1459",0.352526840902077
"2015_1157_1461",0.533092182896967
"2015_1157_1462",0.253135854088688
"2015_1172_1173",0.658538824681569
"2015_1172_1181",0.128555085644452
"2015_1172_1186",0.775412732789878
"2015_1172_1207",0.460008466351269
"2015_1172_1208",0.564515377116173
"2015_1172_1209",0.490796510642346
"2015_1172_1211",0.114389948552227
"2015_1172_1214",0.930920144607439
"2015_1172_1217",0.611724249268738
"2015_1172_1231",0.614016869859759
"2015_1172_1234",0.436291279378167
"2015_1172_1235",0.433466009960935
"2015_1172_1242",0.36832043261371
"2015_1172_1246",0.0320291108771936
"2015_1172_1248",0.872561166832128
"2015_1172_1257",0.327374080708223
"2015_1172_1261",0.686418929522301
"2015_1172_1264",0.838214738604582
"2015_1172_1268",0.56591373863329
"2015_1172_1277",0.316980293875441
"2015_1172_1279",0.620536164636213
"2015_1172_1295",0.820761769554011
"2015_1172_1301",0.574687693144222
"2015_1172_1308",0.413397612492817
"2015_1172_1314",0.238002262900088
"2015_1172_1316",0.761339964307872
"2015_1172_1318",0.753962671844183
"2015_1172_1320",0.356775829815054
"2015_1172_1323",0.405222625352361
"2015_1172_1326",0.302856564570306
"2015_1172_1328",0.383084998572756
"2015_1172_1329",0.670168993252983
"2015_1172_1332",0.715919018873243
"2015_1172_1344",0.570795983026698
"2015_1172_1345",0.558910044187932
"2015_1172_1352",0.886818654278665
"2015_1172_1361",0.427193381089729
"2015_1172_1372",0.321841788213791
"2015_1172_1374",0.341060616314423
"2015_1172_1385",0.676913135567077
"2015_1172_1400",0.342333552439892
"2015_1172_1411",0.871690956928464
"2015_1172_1412",0.811165613745711
"2015_1172_1414",0.737919102716839
"2015_1172_1417",0.682826991914853
"2015_1172_1428",0.160023526689706
"2015_1172_1433",0.50285493446672
"2015_1172_1434",0.546385658756708
"2015_1172_1437",0.133076158814738
"2015_1172_1438",0.0849990169526331
"2015_1172_1452",0.46713022536186
"2015_1172_1455",0.200468353787766
"2015_1172_1458",0.0966809569694214
"2015_1172_1459",0.646959983241105
"2015_1172_1461",0.792250410170108
"2015_1172_1462",0.533020979652312
"2015_1173_1181",0.0704094492559289
"2015_1173_1186",0.641787524245153
"2015_1173_1207",0.305390365257401
"2015_1173_1208",0.401743868500123
"2015_1173_1209",0.333311509198232
"2015_1173_1211",0.062543676798801
"2015_1173_1214",0.874673060120562
"2015_1173_1217",0.448834378591284
"2015_1173_1231",0.450610453828422
"2015_1173_1234",0.285325839529833
"2015_1173_1235",0.284203143870978
"2015_1173_1242",0.231516792100153
"2015_1173_1246",0.0164553858576811
"2015_1173_1248",0.780396133953046
"2015_1173_1257",0.200485155640122
"2015_1173_1261",0.531316923257004
"2015_1173_1264",0.72878830861857
"2015_1173_1268",0.403550604240061
"2015_1173_1277",0.192987991407798
"2015_1173_1279",0.458408982132465
"2015_1173_1295",0.703797070943156
"2015_1173_1301",0.411227921761672
"2015_1173_1308",0.259174380199821
"2015_1173_1314",0.137429858020971
"2015_1173_1316",0.623418246658435
"2015_1173_1318",0.613633962485655
"2015_1173_1320",0.223521813348675
"2015_1173_1323",0.261233292240651
"2015_1173_1326",0.183329038707222
"2015_1173_1328",0.243615774945408
"2015_1173_1329",0.513264789097546
"2015_1173_1332",0.56657938086504
"2015_1173_1344",0.406896269660188
"2015_1173_1345",0.39482402476258
"2015_1173_1352",0.802513800567164
"2015_1173_1361",0.277675899273508
"2015_1173_1372",0.195115032778134
"2015_1173_1374",0.210500168617239
"2015_1173_1385",0.520935284983812
"2015_1173_1400",0.209612490680067
"2015_1173_1411",0.778724412975306
"2015_1173_1412",0.68966259526027
"2015_1173_1414",0.593581067076966
"2015_1173_1417",0.526468802240002
"2015_1173_1428",0.08970394480728
"2015_1173_1433",0.343588123598007
"2015_1173_1434",0.382515930446576
"2015_1173_1437",0.0735009180082621
"2015_1173_1438",0.0455005966859209
"2015_1173_1452",0.305646907857249
"2015_1173_1455",0.113973009614285
"2015_1173_1458",0.0523863881937872
"2015_1173_1459",0.487260100188587
"2015_1173_1461",0.664039240755556
"2015_1173_1462",0.371571621751103
"2015_1181_1186",0.95909439114169
"2015_1181_1207",0.852221231972294
"2015_1181_1208",0.897751216274949
"2015_1181_1209",0.867329418049961
"2015_1181_1211",0.466478425541093
"2015_1181_1214",0.989161345004817
"2015_1181_1217",0.914271603370267
"2015_1181_1231",0.915042256283279
"2015_1181_1234",0.839738060583869
"2015_1181_1235",0.838613221349536
"2015_1181_1242",0.79785482894328
"2015_1181_1246",0.184336618837186
"2015_1181_1248",0.978979864085657
"2015_1181_1257",0.767216032146683
"2015_1181_1261",0.936805148045658
"2015_1181_1264",0.972326082255428
"2015_1181_1268",0.898569282899171
"2015_1181_1277",0.758601000014805
"2015_1181_1279",0.917164049847777
"2015_1181_1295",0.968835532476299
"2015_1181_1301",0.901444923369555
"2015_1181_1308",0.829533435775082
"2015_1181_1314",0.679826652589352
"2015_1181_1316",0.955885169748769
"2015_1181_1318",0.954050418771875
"2015_1181_1320",0.790732263653025
"2015_1181_1323",0.822566021651531
"2015_1181_1326",0.746236164726509
"2015_1181_1328",0.808112060782873
"2015_1181_1329",0.932624792289183
"2015_1181_1332",0.944733247593492
"2015_1181_1344",0.900033675795194
"2015_1181_1345",0.895635243061951
"2015_1181_1352",0.981526375816807
"2015_1181_1361",0.834702665911399
"2015_1181_1372",0.763266011619388
"2015_1181_1374",0.778027836663322
"2015_1181_1385",0.934484711580897
"2015_1181_1400",0.77977019807396
"2015_1181_1411",0.978729827948546
"2015_1181_1412",0.966756326841222
"2015_1181_1414",0.950245507828696
"2015_1181_1417",0.935786763515571
"2015_1181_1428",0.563259564894432
"2015_1181_1433",0.872580055634322
"2015_1181_1434",0.890835909792859
"2015_1181_1437",0.509584586132828
"2015_1181_1438",0.386444381549022
"2015_1181_1452",0.857375162665787
"2015_1181_1455",0.629652193117786
"2015_1181_1458",0.420119317783724
"2015_1181_1459",0.925508419342311
"2015_1181_1461",0.963160316338693
"2015_1181_1462",0.885464365029842
"2015_1186_1207",0.197787133638291
"2015_1186_1208",0.27294618198509
"2015_1186_1209",0.218243995081117
"2015_1186_1211",0.0360412389203543
"2015_1186_1214",0.796025816594946
"2015_1186_1217",0.313237112402049
"2015_1186_1231",0.315217841309018
"2015_1186_1234",0.182992721834079
"2015_1186_1235",0.181404900390469
"2015_1186_1242",0.144415036250499
"2015_1186_1246",0.00944408435434061
"2015_1186_1248",0.664757043924051
"2015_1186_1257",0.123434570488865
"2015_1186_1261",0.387972269494329
"2015_1186_1264",0.600102017663932
"2015_1186_1268",0.27409109447967
"2015_1186_1277",0.118379330014611
"2015_1186_1279",0.321358281290068
"2015_1186_1295",0.570133620548703
"2015_1186_1301",0.281186853780782
"2015_1186_1308",0.16819725042937
"2015_1186_1314",0.0827157980909842
"2015_1186_1316",0.480235224466517
"2015_1186_1318",0.470206289589698
"2015_1186_1320",0.138387746743185
"2015_1186_1323",0.164790425861332
"2015_1186_1326",0.111711601885693
"2015_1186_1328",0.152440456241008
"2015_1186_1329",0.370420073236564
"2015_1186_1332",0.421942937872313
"2015_1186_1344",0.277907786382769
"2015_1186_1345",0.268233400087261
"2015_1186_1352",0.69413712435163
"2015_1186_1361",0.177492184982167
"2015_1186_1372",0.120535807014935
"2015_1186_1374",0.130242265040514
"2015_1186_1385",0.37761604021091
"2015_1186_1400",0.130615867939652
"2015_1186_1411",0.663014017448336
"2015_1186_1412",0.554325067566337
"2015_1186_1414",0.449193679260545
"2015_1186_1417",0.38391581539941
"2015_1186_1428",0.052276419470621
"2015_1186_1433",0.226536571709661
"2015_1186_1434",0.258361723123558
"2015_1186_1437",0.0425477495810769
"2015_1186_1438",0.0261519784971327
"2015_1186_1452",0.201400042728951
"2015_1186_1455",0.067580342288431
"2015_1186_1458",0.0300500429778362
"2015_1186_1459",0.34673554544289
"2015_1186_1461",0.524587908399451
"2015_1186_1462",0.248437404360574
"2015_1207_1208",0.603376886012122
"2015_1207_1209",0.530888627980978
"2015_1207_1211",0.131644470086025
"2015_1207_1214",0.940527419599559
"2015_1207_1217",0.648998078582449
"2015_1207_1231",0.651296654186789
"2015_1207_1234",0.476064643497149
"2015_1207_1235",0.473365894700869
"2015_1207_1242",0.406294110716563
"2015_1207_1246",0.0376436701472838
"2015_1207_1248",0.889495872848138
"2015_1207_1257",0.363687680688614
"2015_1207_1261",0.719794838629818
"2015_1207_1264",0.858813033642875
"2015_1207_1268",0.605046563488563
"2015_1207_1277",0.352737054982264
"2015_1207_1279",0.657418774893509
"2015_1207_1295",0.843227356941207
"2015_1207_1301",0.613267796246996
"2015_1207_1308",0.456381280220462
"2015_1207_1314",0.268990016677761
"2015_1207_1316",0.789378866719681
"2015_1207_1318",0.782450136350552
"2015_1207_1320",0.394875710530815
"2015_1207_1323",0.444780977995551
"2015_1207_1326",0.337685525838536
"2015_1207_1328",0.421654313089779
"2015_1207_1329",0.705056588695037
"2015_1207_1332",0.747412666631998
"2015_1207_1344",0.609568892669768
"2015_1207_1345",0.598109637501231
"2015_1207_1352",0.90194980418277
"2015_1207_1361",0.466865353355911
"2015_1207_1372",0.358494825106769
"2015_1207_1374",0.378048664253522
"2015_1207_1385",0.711326450013912
"2015_1207_1400",0.380235127900339
"2015_1207_1411",0.888552089326824
"2015_1207_1412",0.83446388728922
"2015_1207_1414",0.767766061937969
"2015_1207_1417",0.716464200475737
"2015_1207_1428",0.182716948364413
"2015_1207_1433",0.542747571963712
"2015_1207_1434",0.585949637638615
"2015_1207_1437",0.152653294331339
"2015_1207_1438",0.0984607699121435
"2015_1207_1452",0.509626852955618
"2015_1207_1455",0.227680879266194
"2015_1207_1458",0.111600866060074
"2015_1207_1459",0.682670358928701
"2015_1207_1461",0.818210108877461
"2015_1207_1462",0.572563416218277
"2015_1208_1209",0.426461575019327
"2015_1208_1211",0.0906285965466007
"2015_1208_1214",0.912249113875839
"2015_1208_1217",0.548642626326414
"2015_1208_1231",0.551090485464904
"2015_1208_1234",0.373922658778832
"2015_1208_1235",0.371188159302518
"2015_1208_1242",0.310287581655999
"2015_1208_1246",0.0249584275559054
"2015_1208_1248",0.840845202465108
"2015_1208_1257",0.273058464524505
"2015_1208_1261",0.628066615531394
"2015_1208_1264",0.79987472293939
"2015_1208_1268",0.501460995024606
"2015_1208_1277",0.263709942535914
"2015_1208_1279",0.557828302183539
"2015_1208_1295",0.779385747179811
"2015_1208_1301",0.510403721439044
"2015_1208_1308",0.353403184291865
"2015_1208_1314",0.194419665282424
"2015_1208_1316",0.711083242706626
"2015_1208_1318",0.702732556397126
"2015_1208_1320",0.29974622986032
"2015_1208_1323",0.344572279846105
"2015_1208_1326",0.251037293587036
"2015_1208_1328",0.323887320939422
"2015_1208_1329",0.610599568071809
"2015_1208_1332",0.66034365920291
"2015_1208_1344",0.506473781372583
"2015_1208_1345",0.494433617099034
"2015_1208_1352",0.858045765994147
"2015_1208_1361",0.365299765730513
"2015_1208_1372",0.268278587967403
"2015_1208_1374",0.285441357664722
"2015_1208_1385",0.617851090899828
"2015_1208_1400",0.286869724973335
"2015_1208_1411",0.839765722309115
"2015_1208_1412",0.768197206721137
"2015_1208_1414",0.68475265205968
"2015_1208_1417",0.624217771185362
"2015_1208_1428",0.128142180626274
"2015_1208_1433",0.438305762561175
"2015_1208_1434",0.481807410610309
"2015_1208_1437",0.105892984718348
"2015_1208_1438",0.0669252632842516
"2015_1208_1452",0.404335231218181
"2015_1208_1455",0.162197939340517
"2015_1208_1458",0.0762813045335439
"2015_1208_1459",0.585695826609588
"2015_1208_1461",0.746518738015447
"2015_1208_1462",0.468235229868781
"2015_1209_1211",0.118155147906391
"2015_1209_1214",0.933248476645451
"2015_1209_1217",0.620401364821421
"2015_1209_1231",0.622638510599134
"2015_1209_1234",0.445303827081573
"2015_1209_1235",0.442523271649501
"2015_1209_1242",0.376891093698331
"2015_1209_1246",0.0331347250677391
"2015_1209_1248",0.876591823305922
"2015_1209_1257",0.335458020670819
"2015_1209_1261",0.694281707160845
"2015_1209_1264",0.843145827441017
"2015_1209_1268",0.574926258726695
"2015_1209_1277",0.324933790356802
"2015_1209_1279",0.629152506131629
"2015_1209_1295",0.826112377048378
"2015_1209_1301",0.583629851444066
"2015_1209_1308",0.421573364984423
"2015_1209_1314",0.244548630438815
"2015_1209_1316",0.767960827148496
"2015_1209_1318",0.760726909573001
"2015_1209_1320",0.365239119856554
"2015_1209_1323",0.414106370109776
"2015_1209_1326",0.310654497276323
"2015_1209_1328",0.391823026299705
"2015_1209_1329",0.67822730460272
"2015_1209_1332",0.723347075899938
"2015_1209_1344",0.579730448972319
"2015_1209_1345",0.567873728211572
"2015_1209_1352",0.890461941662641
"2015_1209_1361",0.436151592643386
"2015_1209_1372",0.329719027868104
"2015_1209_1374",0.349304535608667
"2015_1209_1385",0.684890192622014
"2015_1209_1400",0.350408854009727
"2015_1209_1411",0.875750168148658
"2015_1209_1412",0.816728215947504
"2015_1209_1414",0.744976799807296
"2015_1209_1417",0.690707581985299
"2015_1209_1428",0.165022064481961
"2015_1209_1433",0.512039896930047
"2015_1209_1434",0.555381995019911
"2015_1209_1437",0.137364876823756
"2015_1209_1438",0.0878575193536044
"2015_1209_1452",0.475734873830121
"2015_1209_1455",0.206331557533187
"2015_1209_1458",0.0999290331447375
"2015_1209_1459",0.655323347989404
"2015_1209_1461",0.798174217365111
"2015_1209_1462",0.542166942777079
"2015_1211_1214",0.990504229138371
"2015_1211_1217",0.924220986671305
"2015_1211_1231",0.924925622649542
"2015_1211_1234",0.857010533900701
"2015_1211_1235",0.855642301326543
"2015_1211_1242",0.818644120346965
"2015_1211_1246",0.2050012333617
"2015_1211_1248",0.981506471154394
"2015_1211_1257",0.790358582157704
"2015_1211_1261",0.944269651467092
"2015_1211_1264",0.975678833197944
"2015_1211_1268",0.90992228537218
"2015_1211_1277",0.782356886220024
"2015_1211_1279",0.926782007033962
"2015_1211_1295",0.972579651018522
"2015_1211_1301",0.912740122713252
"2015_1211_1308",0.846861055229984
"2015_1211_1314",0.708161578597037
"2015_1211_1316",0.961110680380651
"2015_1211_1318",0.959550075847046
"2015_1211_1320",0.811391937850079
"2015_1211_1323",0.840808558884033
"2015_1211_1326",0.770806145896846
"2015_1211_1328",0.827830432403469
"2015_1211_1329",0.940331808509102
"2015_1211_1332",0.951254147480885
"2015_1211_1344",0.911492389297799
"2015_1211_1345",0.907548938501025
"2015_1211_1352",0.983783976450515
"2015_1211_1361",0.852425734469726
"2015_1211_1372",0.786568965668213
"2015_1211_1374",0.800375230562689
"2015_1211_1385",0.942014646059063
"2015_1211_1400",0.801807959585595
"2015_1211_1411",0.981338704077814
"2015_1211_1412",0.970803571680419
"2015_1211_1414",0.956145774546063
"2015_1211_1417",0.943400282934913
"2015_1211_1428",0.595905522399846
"2015_1211_1433",0.886741339273514
"2015_1211_1434",0.903235201616871
"2015_1211_1437",0.543031389666905
"2015_1211_1438",0.418717266623536
"2015_1211_1452",0.872597317376309
"2015_1211_1455",0.660370359673771
"2015_1211_1458",0.453138943661861
"2015_1211_1459",0.93415950504952
"2015_1211_1461",0.967380917737057
"2015_1211_1462",0.898324799946009
"2015_1214_1217",0.10468625791051
"2015_1214_1231",0.105620915048107
"2015_1214_1234",0.0543316431337196
"2015_1214_1235",0.0537336276722535
"2015_1214_1242",0.0414806087059094
"2015_1214_1246",0.00245766101836638
"2015_1214_1248",0.336977954849213
"2015_1214_1257",0.0348747248446035
"2015_1214_1261",0.139736569696299
"2015_1214_1264",0.277703142702499
"2015_1214_1268",0.0882249165122252
"2015_1214_1277",0.0333070113021806
"2015_1214_1279",0.108219764004686
"2015_1214_1295",0.253642159808842
"2015_1214_1301",0.0911416781463491
"2015_1214_1308",0.0500040744907601
"2015_1214_1314",0.0226957231815416
"2015_1214_1316",0.191435745553542
"2015_1214_1318",0.18526666892887
"2015_1214_1320",0.039551941672876
"2015_1214_1323",0.048140412134054
"2015_1214_1326",0.0312351463357636
"2015_1214_1328",0.0440509442627711
"2015_1214_1329",0.131079909763231
"2015_1214_1332",0.157550918899497
"2015_1214_1344",0.0898502523702549
"2015_1214_1345",0.0859917786090652
"2015_1214_1352",0.367665757002895
"2015_1214_1361",0.052461903475904
"2015_1214_1372",0.0340760662960776
"2015_1214_1374",0.0370062399466652
"2015_1214_1385",0.134602858175461
"2015_1214_1400",0.037266611044433
"2015_1214_1411",0.335162932826207
"2015_1214_1412",0.24172503749326
"2015_1214_1414",0.172831664280708
"2015_1214_1417",0.137775349595678
"2015_1214_1428",0.0139409018986954
"2015_1214_1433",0.0698206132600807
"2015_1214_1434",0.0821039809733726
"2015_1214_1437",0.0112642988707603
"2015_1214_1438",0.00685329288000068
"2015_1214_1452",0.0613391861856333
"2015_1214_1455",0.0182853834104413
"2015_1214_1458",0.00788119340122426
"2015_1214_1459",0.119707881336029
"2015_1214_1461",0.220810280666732
"2015_1214_1462",0.0780859657558322
"2015_1217_1231",0.502522195244279
"2015_1217_1234",0.329497164920714
"2015_1217_1235",0.326995982926156
"2015_1217_1242",0.27013433121838
"2015_1217_1246",0.0206921783408465
"2015_1217_1248",0.813087124032139
"2015_1217_1257",0.236120443744447
"2015_1217_1261",0.581449379182237
"2015_1217_1264",0.766835625695901
"2015_1217_1268",0.452960837077705
"2015_1217_1277",0.227637517114996
"2015_1217_1279",0.509281922902306
"2015_1217_1295",0.744089037472293
"2015_1217_1301",0.461682885176904
"2015_1217_1308",0.311664229480907
"2015_1217_1314",0.165900915841901
"2015_1217_1316",0.669516479078232
"2015_1217_1318",0.660428519824955
"2015_1217_1320",0.260668354574071
"2015_1217_1323",0.302116376667245
"2015_1217_1326",0.216147370459062
"2015_1217_1328",0.282735289009427
"2015_1217_1329",0.563616528741815
"2015_1217_1332",0.615357129796538
"2015_1217_1344",0.457814502101784
"2015_1217_1345",0.445937286990152
"2015_1217_1352",0.832598237168452
"2015_1217_1361",0.321389305615566
"2015_1217_1372",0.232005634529064
"2015_1217_1374",0.247401784400529
"2015_1217_1385",0.571089542480627
"2015_1217_1400",0.249020427768777
"2015_1217_1411",0.811730773355892
"2015_1217_1412",0.731636399738967
"2015_1217_1414",0.641243318402055
"2015_1217_1417",0.577460287505459
"2015_1217_1428",0.107868401869856
"2015_1217_1433",0.390963879419213
"2015_1217_1434",0.433523066340385
"2015_1217_1437",0.0887837134164198
"2015_1217_1438",0.0557619050577158
"2015_1217_1452",0.359409371111773
"2015_1217_1455",0.137488580140266
"2015_1217_1458",0.0636180764148829
"2015_1217_1459",0.537721085962495
"2015_1217_1461",0.708408532676056
"2015_1217_1462",0.420085716904823
"2015_1231_1234",0.327269850425957
"2015_1231_1235",0.324980785859981
"2015_1231_1242",0.268147768003478
"2015_1231_1246",0.0205247473461797
"2015_1231_1248",0.81175023885319
"2015_1231_1257",0.234309807308041
"2015_1231_1261",0.579029646496073
"2015_1231_1264",0.765122726498192
"2015_1231_1268",0.450724754601424
"2015_1231_1277",0.225871737414991
"2015_1231_1279",0.506781718515048
"2015_1231_1295",0.742320383259502
"2015_1231_1301",0.4591769166619
"2015_1231_1308",0.310396575786956
"2015_1231_1314",0.164619084408077
"2015_1231_1316",0.667491524258806
"2015_1231_1318",0.658228466338916
"2015_1231_1320",0.259053666434089
"2015_1231_1323",0.300288401323196
"2015_1231_1326",0.214441612608616
"2015_1231_1328",0.280805054373754
"2015_1231_1329",0.561553421250723
"2015_1231_1332",0.613107120807909
"2015_1231_1344",0.455308561018016
"2015_1231_1345",0.443458245801478
"2015_1231_1352",0.83125913780993
"2015_1231_1361",0.319194589227839
"2015_1231_1372",0.23033010167831
"2015_1231_1374",0.245533594126807
"2015_1231_1385",0.568992432084949
"2015_1231_1400",0.247310298321193
"2015_1231_1411",0.810213854460075
"2015_1231_1412",0.729659730215386
"2015_1231_1414",0.639056841381432
"2015_1231_1417",0.574992543450132
"2015_1231_1428",0.106904729803412
"2015_1231_1433",0.388580394751777
"2015_1231_1434",0.431073779223395
"2015_1231_1437",0.087970549656825
"2015_1231_1438",0.0552464783881693
"2015_1231_1452",0.35770095217961
"2015_1231_1455",0.136328937870676
"2015_1231_1458",0.0630188098463486
"2015_1231_1459",0.535328863379538
"2015_1231_1461",0.706999152229008
"2015_1231_1462",0.417676499198964
"2015_1234_1235",0.497346492955475
"2015_1234_1242",0.429598896992943
"2015_1234_1246",0.0412854571451805
"2015_1234_1248",0.898594870632736
"2015_1234_1257",0.386137941975401
"2015_1234_1261",0.738715588054872
"2015_1234_1264",0.870050826550473
"2015_1234_1268",0.627753396654157
"2015_1234_1277",0.374909446798815
"2015_1234_1279",0.678667728900655
"2015_1234_1295",0.855504519276002
"2015_1234_1301",0.635733072975687
"2015_1234_1308",0.480426092641456
"2015_1234_1314",0.288270227999945
"2015_1234_1316",0.804901574367036
"2015_1234_1318",0.79833050718069
"2015_1234_1320",0.418075681682555
"2015_1234_1323",0.468627308813983
"2015_1234_1326",0.359437670372517
"2015_1234_1328",0.445210847816367
"2015_1234_1329",0.72465719403737
"2015_1234_1332",0.765094346114584
"2015_1234_1344",0.632118278803615
"2015_1234_1345",0.620911058418487
"2015_1234_1352",0.910113106202609
"2015_1234_1361",0.490771871507878
"2015_1234_1372",0.380842275318036
"2015_1234_1374",0.40082720453014
"2015_1234_1385",0.730662520624018
"2015_1234_1400",0.403097722049132
"2015_1234_1411",0.897697966679603
"2015_1234_1412",0.84728114501707
"2015_1234_1414",0.784434033716316
"2015_1234_1417",0.735518846105374
"2015_1234_1428",0.197464729348775
"2015_1234_1433",0.566417192824675
"2015_1234_1434",0.608992135602278
"2015_1234_1437",0.16546433963856
"2015_1234_1438",0.10730315540745
"2015_1234_1452",0.533651866738896
"2015_1234_1455",0.244975257217097
"2015_1234_1458",0.121460133005119
"2015_1234_1459",0.70307817027372
"2015_1234_1461",0.832127069521919
"2015_1234_1462",0.595845765713206
"2015_1235_1242",0.432351102717114
"2015_1235_1246",0.0412398608969951
"2015_1235_1248",0.899476625673532
"2015_1235_1257",0.388530258339373
"2015_1235_1261",0.740967473369753
"2015_1235_1264",0.871327382775914
"2015_1235_1268",0.630157789766644
"2015_1235_1277",0.377291415448032
"2015_1235_1279",0.681203023240219
"2015_1235_1295",0.85683582617237
"2015_1235_1301",0.63835937337247
"2015_1235_1308",0.477021334382164
"2015_1235_1314",0.289197082589313
"2015_1235_1316",0.806551697242276
"2015_1235_1318",0.800198553141265
"2015_1235_1320",0.420214687234226
"2015_1235_1323",0.470994587466179
"2015_1235_1326",0.362034194771582
"2015_1235_1328",0.448005990738067
"2015_1235_1329",0.726400959724182
"2015_1235_1332",0.767108278360064
"2015_1235_1344",0.63458851863874
"2015_1235_1345",0.623210164132588
"2015_1235_1352",0.911039082034718
"2015_1235_1361",0.493344949554957
"2015_1235_1372",0.382102371744979
"2015_1235_1374",0.403232549519102
"2015_1235_1385",0.732467092128963
"2015_1235_1400",0.404002585900709
"2015_1235_1411",0.898767397568744
"2015_1235_1412",0.848771797568104
"2015_1235_1414",0.786327310422241
"2015_1235_1417",0.737664476587561
"2015_1235_1428",0.199299280744884
"2015_1235_1433",0.569268968943285
"2015_1235_1434",0.611183495477209
"2015_1235_1437",0.167030871363732
"2015_1235_1438",0.108074806321981
"2015_1235_1452",0.532208731719964
"2015_1235_1455",0.24643887865757
"2015_1235_1458",0.12265186978761
"2015_1235_1459",0.705460109930573
"2015_1235_1461",0.832752731029759
"2015_1235_1462",0.598660015791342
"2015_1242_1246",0.0540246596296581
"2015_1242_1248",0.921602800945747
"2015_1242_1257",0.455093897168831
"2015_1242_1261",0.789627780639265
"2015_1242_1264",0.898852515912172
"2015_1242_1268",0.691123268494457
"2015_1242_1277",0.443309174456827
"2015_1242_1279",0.737125369974754
"2015_1242_1295",0.887092964846994
"2015_1242_1301",0.698543482923191
"2015_1242_1308",0.550431171464518
"2015_1242_1314",0.349590395527939
"2015_1242_1316",0.845544232561328
"2015_1242_1318",0.840127951987847
"2015_1242_1320",0.487925406198384
"2015_1242_1323",0.539145762586079
"2015_1242_1326",0.426946707355276
"2015_1242_1328",0.515764581510722
"2015_1242_1329",0.777307555510709
"2015_1242_1332",0.812129496719679
"2015_1242_1344",0.695255039974664
"2015_1242_1345",0.685004193398457
"2015_1242_1352",0.930743185466566
"2015_1242_1361",0.5613294913496
"2015_1242_1372",0.44944180603165
"2015_1242_1374",0.470395216733827
"2015_1242_1385",0.782528457621173
"2015_1242_1400",0.472603139233713
"2015_1242_1411",0.920945110116543
"2015_1242_1412",0.88046967221376
"2015_1242_1414",0.828464617726081
"2015_1242_1417",0.786893079415132
"2015_1242_1428",0.246241715589097
"2015_1242_1433",0.634294372198961
"2015_1242_1434",0.674034080821127
"2015_1242_1437",0.208393549531749
"2015_1242_1438",0.137610984008236
"2015_1242_1452",0.602657516373331
"2015_1242_1455",0.30105229048047
"2015_1242_1458",0.15509529188407
"2015_1242_1459",0.75862806224221
"2015_1242_1461",0.867853397357139
"2015_1242_1462",0.661848015635228
"2015_1246_1248",0.995235939391719
"2015_1246_1257",0.935890024404637
"2015_1246_1261",0.985058814026869
"2015_1246_1264",0.993661730372563
"2015_1246_1268",0.975413389733311
"2015_1246_1277",0.93297598138504
"2015_1246_1279",0.980081089945635
"2015_1246_1295",0.99285706535898
"2015_1246_1301",0.975956996706713
"2015_1246_1308",0.955754528501408
"2015_1246_1314",0.903753885883675
"2015_1246_1316",0.989792347090619
"2015_1246_1318",0.989300853767134
"2015_1246_1320",0.944406208237426
"2015_1246_1323",0.954140168434933
"2015_1246_1326",0.928810704734974
"2015_1246_1328",0.949478437305331
"2015_1246_1329",0.984186230018877
"2015_1246_1332",0.987064586794824
"2015_1246_1344",0.975551438777664
"2015_1246_1345",0.974360249880685
"2015_1246_1352",0.995798875295163
"2015_1246_1361",0.957212193403527
"2015_1246_1372",0.934463512745321
"2015_1246_1374",0.939481866199518
"2015_1246_1385",0.984630560117094
"2015_1246_1400",0.939970435515358
"2015_1246_1411",0.99513920034504
"2015_1246_1412",0.992317261144505
"2015_1246_1414",0.988406903751602
"2015_1246_1417",0.984762890820751
"2015_1246_1428",0.851351102348557
"2015_1246_1433",0.968178645118532
"2015_1246_1434",0.973062805363775
"2015_1246_1437",0.82176855193694
"2015_1246_1438",0.735916800257924
"2015_1246_1452",0.963802154328719
"2015_1246_1455",0.882655458966193
"2015_1246_1458",0.76266193121939
"2015_1246_1459",0.982272542265796
"2015_1246_1461",0.991638622647294
"2015_1246_1462",0.97174810320155
"2015_1248_1257",0.0662351175710393
"2015_1248_1261",0.242193124192013
"2015_1248_1264",0.430763350758043
"2015_1248_1268",0.159960288371164
"2015_1248_1277",0.063354711040248
"2015_1248_1279",0.192712839484694
"2015_1248_1295",0.40078954798445
"2015_1248_1301",0.164689682361804
"2015_1248_1308",0.0918950954243454
"2015_1248_1314",0.0433780681596963
"2015_1248_1316",0.317851483396173
"2015_1248_1318",0.309160099066923
"2015_1248_1320",0.0749276873181088
"2015_1248_1323",0.0904971085041085
"2015_1248_1326",0.0596034228468756
"2015_1248_1328",0.0831567228295065
"2015_1248_1329",0.228814164541364
"2015_1248_1332",0.269056667988311
"2015_1248_1344",0.162415969952898
"2015_1248_1345",0.155851127473138
"2015_1248_1352",0.533673578324168
"2015_1248_1361",0.0980514997957185
"2015_1248_1372",0.0644903092018423
"2015_1248_1374",0.070138743657404
"2015_1248_1385",0.234286552847011
"2015_1248_1400",0.0702284870440617
"2015_1248_1411",0.497986333583966
"2015_1248_1412",0.385359926337531
"2015_1248_1414",0.291411309290167
"2015_1248_1417",0.238981177327032
"2015_1248_1428",0.0270522192089259
"2015_1248_1433",0.128650419945596
"2015_1248_1434",0.149246738747482
"2015_1248_1437",0.0219061341792212
"2015_1248_1438",0.0133376802429305
"2015_1248_1452",0.112266673360129
"2015_1248_1455",0.0351987383007937
"2015_1248_1458",0.0153728015866547
"2015_1248_1459",0.211139847845611
"2015_1248_1461",0.357436150124653
"2015_1248_1462",0.142855245990487
"2015_1257_1261",0.818023406047647
"2015_1257_1264",0.914144451487486
"2015_1257_1268",0.728449590299052
"2015_1257_1277",0.488092993629935
"2015_1257_1279",0.770533153630073
"2015_1257_1295",0.90400197693043
"2015_1257_1301",0.735070248539058
"2015_1257_1308",0.59550373604742
"2015_1257_1314",0.391745201688843
"2015_1257_1316",0.867765116477059
"2015_1257_1318",0.862910893009488
"2015_1257_1320",0.533402792724268
"2015_1257_1323",0.583872808316587
"2015_1257_1326",0.471479674108611
"2015_1257_1328",0.560670375867189
"2015_1257_1329",0.807240098958533
"2015_1257_1332",0.838181622353953
"2015_1257_1344",0.732019104007304
"2015_1257_1345",0.722520099308949
"2015_1257_1352",0.941526002629777
"2015_1257_1361",0.60507523654119
"2015_1257_1372",0.494449036308144
"2015_1257_1374",0.515384337811242
"2015_1257_1385",0.811899014673756
"2015_1257_1400",0.517814609153424
"2015_1257_1411",0.933120145320755
"2015_1257_1412",0.89817192913768
"2015_1257_1414",0.852663087185517
"2015_1257_1417",0.815536409141866
"2015_1257_1428",0.281187147153554
"2015_1257_1433",0.675003863937226
"2015_1257_1434",0.712318388681158
"2015_1257_1437",0.239665219036729
"2015_1257_1438",0.160440545989892
"2015_1257_1452",0.645502205021114
"2015_1257_1455",0.340301138156238
"2015_1257_1458",0.180186544768477
"2015_1257_1459",0.790158289317718
"2015_1257_1461",0.887556333534945
"2015_1257_1462",0.700968950647733
"2015_1261_1264",0.702994200339445
"2015_1261_1268",0.373315042299078
"2015_1261_1277",0.174995225624307
"2015_1261_1279",0.427618080633946
"2015_1261_1295",0.676602312675859
"2015_1261_1301",0.381710629744615
"2015_1261_1308",0.244747718243847
"2015_1261_1314",0.1250855753362
"2015_1261_1316",0.59309484874223
"2015_1261_1318",0.583319468368087
"2015_1261_1320",0.202248605527923
"2015_1261_1323",0.237431849764876
"2015_1261_1326",0.165619362827205
"2015_1261_1328",0.220995016010839
"2015_1261_1329",0.481518871732202
"2015_1261_1332",0.535170861069771
"2015_1261_1344",0.378014762706572
"2015_1261_1345",0.366768642386179
"2015_1261_1352",0.781637839836111
"2015_1261_1361",0.254207298283178
"2015_1261_1372",0.178433357289681
"2015_1261_1374",0.191316645039163
"2015_1261_1385",0.489157965553107
"2015_1261_1400",0.192447653555622
"2015_1261_1411",0.756310005295589
"2015_1261_1412",0.662450723035425
"2015_1261_1414",0.562617169986767
"2015_1261_1417",0.495897445749398
"2015_1261_1428",0.0800690468020642
"2015_1261_1433",0.316053455306235
"2015_1261_1434",0.35511891299243
"2015_1261_1437",0.065539988058631
"2015_1261_1438",0.0407513063733408
"2015_1261_1452",0.286893145938598
"2015_1261_1455",0.102872125211312
"2015_1261_1458",0.0466244935996485
"2015_1261_1459",0.455686800041946
"2015_1261_1461",0.635652475957005
"2015_1261_1462",0.342727737658456
"2015_1264_1268",0.201035355634692
"2015_1264_1277",0.0821932646043638
"2015_1264_1279",0.239901426299161
"2015_1264_1295",0.469164392781948
"2015_1264_1301",0.20683834153211
"2015_1264_1308",0.11949604368958
"2015_1264_1314",0.0568176760519299
"2015_1264_1316",0.38107558467198
"2015_1264_1318",0.371648721484183
"2015_1264_1320",0.0966959552893567
"2015_1264_1323",0.116210180002635
"2015_1264_1326",0.0773551312090583
"2015_1264_1328",0.107026632043782
"2015_1264_1329",0.281677887909946
"2015_1264_1332",0.327239311316714
"2015_1264_1344",0.204227524218236
"2015_1264_1345",0.196466448431021
"2015_1264_1352",0.601961555411669
"2015_1264_1361",0.12580989104484
"2015_1264_1372",0.0838618294123477
"2015_1264_1374",0.0908074505608739
"2015_1264_1385",0.287929552375969
"2015_1264_1400",0.0912284695714172
"2015_1264_1411",0.567331685179486
"2015_1264_1412",0.453271936683834
"2015_1264_1414",0.352099167993333
"2015_1264_1417",0.293522657547973
"2015_1264_1428",0.0354643329260889
"2015_1264_1433",0.163333548022241
"2015_1264_1434",0.188582851448212
"2015_1264_1437",0.0287728071547676
"2015_1264_1438",0.017606575795797
"2015_1264_1452",0.144514068631439
"2015_1264_1455",0.0461409104240492
"2015_1264_1458",0.0202373144600053
"2015_1264_1459",0.261284889838603
"2015_1264_1461",0.423899454369659
"2015_1264_1462",0.180532436745396
"2015_1268_1277",0.262245896900664
"2015_1268_1279",0.556333158822044
"2015_1268_1295",0.778398684559151
"2015_1268_1301",0.508790274620602
"2015_1268_1308",0.348067345960834
"2015_1268_1314",0.192605826497507
"2015_1268_1316",0.709892937761197
"2015_1268_1318",0.701529576576494
"2015_1268_1320",0.298425134556588
"2015_1268_1323",0.343202655262964
"2015_1268_1326",0.249805427871185
"2015_1268_1328",0.322645711745025
"2015_1268_1329",0.60909779809659
"2015_1268_1332",0.659069102557923
"2015_1268_1344",0.504687625150174
"2015_1268_1345",0.492471095765886
"2015_1268_1352",0.857352930979283
"2015_1268_1361",0.363577494172467
"2015_1268_1372",0.266113619627941
"2015_1268_1374",0.283879233242708
"2015_1268_1385",0.616393412658548
"2015_1268_1400",0.284394037268794
"2015_1268_1411",0.838976822014831
"2015_1268_1412",0.767091661599761
"2015_1268_1414",0.683525719299127
"2015_1268_1417",0.622630002135958
"2015_1268_1428",0.127446580459206
"2015_1268_1433",0.436801397041626
"2015_1268_1434",0.479737973097907
"2015_1268_1437",0.105277447567716
"2015_1268_1438",0.0663551833922399
"2015_1268_1452",0.39990996274652
"2015_1268_1455",0.16094329130944
"2015_1268_1458",0.0758103809858399
"2015_1268_1459",0.584316541916898
"2015_1268_1461",0.745017291842415
"2015_1268_1462",0.466777941008385
"2015_1277_1279",0.778844822182197
"2015_1277_1295",0.908051825639273
"2015_1277_1301",0.744241605852237
"2015_1277_1308",0.606882915572986
"2015_1277_1314",0.403146720761935
"2015_1277_1316",0.873128228103758
"2015_1277_1318",0.868445962404343
"2015_1277_1320",0.545208432604292
"2015_1277_1323",0.595374415474235
"2015_1277_1326",0.483362935725653
"2015_1277_1328",0.572356734862446
"2015_1277_1329",0.814526287728311
"2015_1277_1332",0.844532613242156
"2015_1277_1344",0.741259911231853
"2015_1277_1345",0.731968616549847
"2015_1277_1352",0.944091798306121
"2015_1277_1361",0.616399701800988
"2015_1277_1372",0.506352674226882
"2015_1277_1374",0.527271356359334
"2015_1277_1385",0.819050129591137
"2015_1277_1400",0.529688783945059
"2015_1277_1411",0.936031047593069
"2015_1277_1412",0.902445960979688
"2015_1277_1414",0.858541604312103
"2015_1277_1417",0.82259493571697
"2015_1277_1428",0.290913192220349
"2015_1277_1433",0.685363144988374
"2015_1277_1434",0.721980397352635
"2015_1277_1437",0.248452284123644
"2015_1277_1438",0.166960704583897
"2015_1277_1452",0.656302049561325
"2015_1277_1455",0.351074012555365
"2015_1277_1458",0.187330461158789
"2015_1277_1459",0.797941043423866
"2015_1277_1461",0.892203003658388
"2015_1277_1462",0.710853105376171
"2015_1279_1295",0.736892311712356
"2015_1279_1301",0.452468784810547
"2015_1279_1308",0.302977231856141
"2015_1279_1314",0.160705785297836
"2015_1279_1316",0.661162398261882
"2015_1279_1318",0.652036477430111
"2015_1279_1320",0.25342552672101
"2015_1279_1323",0.294213751284901
"2015_1279_1326",0.209921666385711
"2015_1279_1328",0.275229215101102
"2015_1279_1329",0.554265057648217
"2015_1279_1332",0.606482359667755
"2015_1279_1344",0.448597895270154
"2015_1279_1345",0.436742749304599
"2015_1279_1352",0.827334935504909
"2015_1279_1361",0.313323836978776
"2015_1279_1372",0.225320709976421
"2015_1279_1374",0.240528743698706
"2015_1279_1385",0.561797558468465
"2015_1279_1400",0.241957150524126
"2015_1279_1411",0.805985457389106
"2015_1279_1412",0.72428448706737
"2015_1279_1414",0.632608768195031
"2015_1279_1417",0.568369952308172
"2015_1279_1428",0.104347340312267
"2015_1279_1433",0.382159751336881
"2015_1279_1434",0.424370914849241
"2015_1279_1437",0.0858250202434288
"2015_1279_1438",0.0538188874006578
"2015_1279_1452",0.350346167779839
"2015_1279_1455",0.133097112504824
"2015_1279_1458",0.0614407252843986
"2015_1279_1459",0.52844256476821
"2015_1279_1461",0.700319650642107
"2015_1279_1462",0.411060277875556
"2015_1295_1301",0.227780557697894
"2015_1295_1308",0.132455244314398
"2015_1295_1314",0.0636919244923142
"2015_1295_1316",0.410597379927035
"2015_1295_1318",0.40090585674744
"2015_1295_1320",0.108020412539972
"2015_1295_1323",0.12949903865778
"2015_1295_1326",0.0866161228971443
"2015_1295_1328",0.119415308307795
"2015_1295_1329",0.307295886878013
"2015_1295_1332",0.354985580783684
"2015_1295_1344",0.224939996159372
"2015_1295_1345",0.216566624979539
"2015_1295_1352",0.631147426564245
"2015_1295_1361",0.13995666235855
"2015_1295_1372",0.0936984240603847
"2015_1295_1374",0.101468156824694
"2015_1295_1385",0.313875560207261
"2015_1295_1400",0.10180169143946
"2015_1295_1411",0.597339317607361
"2015_1295_1412",0.483963834931489
"2015_1295_1414",0.380760344537939
"2015_1295_1417",0.31968129443293
"2015_1295_1428",0.0399314083769711
"2015_1295_1433",0.18089309550209
"2015_1295_1434",0.208061772077044
"2015_1295_1437",0.0324223621659336
"2015_1295_1438",0.0198518521168064
"2015_1295_1452",0.159907220141561
"2015_1295_1455",0.0518315042911715
"2015_1295_1458",0.0228282800083793
"2015_1295_1459",0.285812827972343
"2015_1295_1461",0.454163940579403
"2015_1295_1462",0.199515222740751
"2015_1301_1308",0.345495687420037
"2015_1301_1314",0.188250494821173
"2015_1301_1316",0.702566891203798
"2015_1301_1318",0.693975119921007
"2015_1301_1320",0.291324274267546
"2015_1301_1323",0.335436608048851
"2015_1301_1326",0.243296422287795
"2015_1301_1328",0.314886233450661
"2015_1301_1329",0.600941384882296
"2015_1301_1332",0.651002120292134
"2015_1301_1344",0.496106147251366
"2015_1301_1345",0.484121880459667
"2015_1301_1352",0.85292333441987
"2015_1301_1361",0.355757238817483
"2015_1301_1372",0.260480292968617
"2015_1301_1374",0.277088200373479
"2015_1301_1385",0.608220402845395
"2015_1301_1400",0.278823711901227
"2015_1301_1411",0.83408542513788
"2015_1301_1412",0.760698010901968
"2015_1301_1414",0.675753438212597
"2015_1301_1417",0.614418931191817
"2015_1301_1428",0.123560980921866
"2015_1301_1433",0.428078922856326
"2015_1301_1434",0.471548837264664
"2015_1301_1437",0.102017381191444
"2015_1301_1438",0.0644208435937951
"2015_1301_1452",0.395455716903092
"2015_1301_1455",0.156731774868881
"2015_1301_1458",0.0734028320876729
"2015_1301_1459",0.575599267360462
"2015_1301_1461",0.739075570440377
"2015_1301_1462",0.457886402766779
"2015_1308_1314",0.303235550157835
"2015_1308_1316",0.820593810148341
"2015_1308_1318",0.812573076772409
"2015_1308_1320",0.446221173543117
"2015_1308_1323",0.496175575208005
"2015_1308_1326",0.378364214268957
"2015_1308_1328",0.469064280781954
"2015_1308_1329",0.746981855749227
"2015_1308_1332",0.782065059208501
"2015_1308_1344",0.650157466742484
"2015_1308_1345",0.638659903384612
"2015_1308_1352",0.917617733889242
"2015_1308_1361",0.510109868459602
"2015_1308_1372",0.397974317899209
"2015_1308_1374",0.419363065465312
"2015_1308_1385",0.752185159965919
"2015_1308_1400",0.420477284507009
"2015_1308_1411",0.905548374053711
"2015_1308_1412",0.857844581477631
"2015_1308_1414",0.800383968261579
"2015_1308_1417",0.750815899948822
"2015_1308_1428",0.211062492294874
"2015_1308_1433",0.587142132336002
"2015_1308_1434",0.62672424593844
"2015_1308_1437",0.177040647186675
"2015_1308_1438",0.114564070862005
"2015_1308_1452",0.552030815399186
"2015_1308_1455",0.258826705725876
"2015_1308_1458",0.130313985470208
"2015_1308_1459",0.722431873220949
"2015_1308_1461",0.850410968520366
"2015_1308_1462",0.616964341149889
"2015_1314_1316",0.911111131834064
"2015_1314_1318",0.907424737169602
"2015_1314_1320",0.641698788631861
"2015_1314_1323",0.687075983080626
"2015_1314_1326",0.580924908076276
"2015_1314_1328",0.665534293298443
"2015_1314_1329",0.86774374629355
"2015_1314_1332",0.889841941453941
"2015_1314_1344",0.80924766371797
"2015_1314_1345",0.801689170621291
"2015_1314_1352",0.96168733709737
"2015_1314_1361",0.704063360694732
"2015_1314_1372",0.602921767515125
"2015_1314_1374",0.622814866493999
"2015_1314_1385",0.871097708331808
"2015_1314_1400",0.625134962740897
"2015_1314_1411",0.955975567437378
"2015_1314_1412",0.93203797192355
"2015_1314_1414",0.900252062166696
"2015_1314_1417",0.872911218447598
"2015_1314_1428",0.378172039847086
"2015_1314_1433",0.763585327426161
"2015_1314_1434",0.793546914564439
"2015_1314_1437",0.328785655551307
"2015_1314_1438",0.228767905460278
"2015_1314_1452",0.739220799477213
"2015_1314_1455",0.444657252116079
"2015_1314_1458",0.254554392070875
"2015_1314_1459",0.85441587399428
"2015_1314_1461",0.92559352891114
"2015_1314_1462",0.784866661426581
"2015_1316_1318",0.489943184569242
"2015_1316_1320",0.148090533868188
"2015_1316_1323",0.175967220973958
"2015_1316_1326",0.119797192803398
"2015_1316_1328",0.162943059386001
"2015_1316_1329",0.389045539447565
"2015_1316_1332",0.441344892537435
"2015_1316_1344",0.294033009661509
"2015_1316_1345",0.284009402695669
"2015_1316_1352",0.710667306394111
"2015_1316_1361",0.189315801525667
"2015_1316_1372",0.129137593181833
"2015_1316_1374",0.139450282445054
"2015_1316_1385",0.396376482786667
"2015_1316_1400",0.13981539597844
"2015_1316_1411",0.680447513826509
"2015_1316_1412",0.573760260216571
"2015_1316_1414",0.468832423974618
"2015_1316_1417",0.402766927267388
"2015_1316_1428",0.0563340981836721
"2015_1316_1433",0.24068682211642
"2015_1316_1434",0.273769200123842
"2015_1316_1437",0.045886040676201
"2015_1316_1438",0.028237442427668
"2015_1316_1452",0.214297736460756
"2015_1316_1455",0.0727223939009468
"2015_1316_1458",0.0324406159389767
"2015_1316_1459",0.364861173057922
"2015_1316_1461",0.544250028729958
"2015_1316_1462",0.263493482803091
"2015_1318_1320",0.153285567792879
"2015_1318_1323",0.181906775456037
"2015_1318_1326",0.124173418071115
"2015_1318_1328",0.168495557599971
"2015_1318_1329",0.398738675784363
"2015_1318_1332",0.451269709433944
"2015_1318_1344",0.302679922644855
"2015_1318_1345",0.292594574872327
"2015_1318_1352",0.718855907970501
"2015_1318_1361",0.195771741788092
"2015_1318_1372",0.1341977631983
"2015_1318_1374",0.144530977909883
"2015_1318_1385",0.406106321039946
"2015_1318_1400",0.14532478093846
"2015_1318_1411",0.689148527440363
"2015_1318_1412",0.583654255465608
"2015_1318_1414",0.478845571067437
"2015_1318_1417",0.412671373357101
"2015_1318_1428",0.0585325732348181
"2015_1318_1433",0.248169170641132
"2015_1318_1434",0.282234086524553
"2015_1318_1437",0.0477070632426852
"2015_1318_1438",0.0294369624928831
"2015_1318_1452",0.222799884748327
"2015_1318_1455",0.075669574085104
"2015_1318_1458",0.0337515188214698
"2015_1318_1459",0.374220033110352
"2015_1318_1461",0.554588916621788
"2015_1318_1462",0.271391349525983
"2015_1320_1323",0.5512618485669
"2015_1320_1326",0.438823746200525
"2015_1320_1328",0.528225375985041
"2015_1320_1329",0.785553599691587
"2015_1320_1332",0.81962824564772
"2015_1320_1344",0.705168819408183
"2015_1320_1345",0.694804778740468
"2015_1320_1352",0.933894761565983
"2015_1320_1361",0.572781804173058
"2015_1320_1372",0.459174717368512
"2015_1320_1374",0.481912591127465
"2015_1320_1385",0.790689787808869
"2015_1320_1400",0.481843866835029
"2015_1320_1411",0.924489997013777
"2015_1320_1412",0.885539771766038
"2015_1320_1414",0.835443187462672
"2015_1320_1417",0.79482965382721
"2015_1320_1428",0.255449834946686
"2015_1320_1433",0.645640253823637
"2015_1320_1434",0.683826622603962
"2015_1320_1437",0.216502341555571
"2015_1320_1438",0.142811448592453
"2015_1320_1452",0.60839466745942
"2015_1320_1455",0.310165463182762
"2015_1320_1458",0.16150459325839
"2015_1320_1459",0.767657668492491
"2015_1320_1461",0.872880651057987
"2015_1320_1462",0.672883312740592
"2015_1323_1326",0.389084375487616
"2015_1323_1328",0.476853565083832
"2015_1323_1329",0.748863232508412
"2015_1323_1332",0.787202838417325
"2015_1323_1344",0.66083234479191
"2015_1323_1345",0.649734289141357
"2015_1323_1352",0.92000780173702
"2015_1323_1361",0.522054114029875
"2015_1323_1372",0.409130974178637
"2015_1323_1374",0.431129543206268
"2015_1323_1385",0.754603396884783
"2015_1323_1400",0.431371457279106
"2015_1323_1411",0.90883218883134
"2015_1323_1412",0.863020591338618
"2015_1323_1414",0.805184922755062
"2015_1323_1417",0.759352273272187
"2015_1323_1428",0.218385572667948
"2015_1323_1433",0.597373437851106
"2015_1323_1434",0.638010031642823
"2015_1323_1437",0.183710473501075
"2015_1323_1438",0.119565180474893
"2015_1323_1452",0.559373439824239
"2015_1323_1455",0.268206751811678
"2015_1323_1458",0.135608702514102
"2015_1323_1459",0.728985695928712
"2015_1323_1461",0.848260240326675
"2015_1323_1462",0.626150607653061
"2015_1326_1328",0.588405249381707
"2015_1326_1329",0.824087336007087
"2015_1326_1332",0.852984386047209
"2015_1326_1344",0.753825715547583
"2015_1326_1345",0.744821015933229
"2015_1326_1352",0.947472496768353
"2015_1326_1361",0.632016104970921
"2015_1326_1372",0.522821675744713
"2015_1326_1374",0.5438264232744
"2015_1326_1385",0.828454698171229
"2015_1326_1400",0.546010550158774
"2015_1326_1411",0.93988910274299
"2015_1326_1412",0.908145902679576
"2015_1326_1414",0.866351783607767
"2015_1326_1417",0.832104698599744
"2015_1326_1428",0.304822084244503
"2015_1326_1433",0.699517638432457
"2015_1326_1434",0.735127823257627
"2015_1326_1437",0.261088927741746
"2015_1326_1438",0.176393482128478
"2015_1326_1452",0.67055946356251
"2015_1326_1455",0.366330165549477
"2015_1326_1458",0.197678932206999
"2015_1326_1459",0.808373125543481
"2015_1326_1461",0.898099220503404
"2015_1326_1462",0.724292202823356
"2015_1328_1329",0.765901543485079
"2015_1328_1332",0.80230780408547
"2015_1328_1344",0.681651140512997
"2015_1328_1345",0.671043172591446
"2015_1328_1352",0.926567754848591
"2015_1328_1361",0.545602149889273
"2015_1328_1372",0.432998266955136
"2015_1328_1374",0.454531555568477
"2015_1328_1385",0.771360219106614
"2015_1328_1400",0.455770673687718
"2015_1328_1411",0.916249623765134
"2015_1328_1412",0.873692497839702
"2015_1328_1414",0.819306232521865
"2015_1328_1417",0.776106697141214
"2015_1328_1428",0.2347553176994
"2015_1328_1433",0.619597231397588
"2015_1328_1434",0.659749997985417
"2015_1328_1437",0.198186437597396
"2015_1328_1438",0.130073129901235
"2015_1328_1452",0.584900462298724
"2015_1328_1455",0.287529944111284
"2015_1328_1458",0.147000335429068
"2015_1328_1459",0.746905919303392
"2015_1328_1461",0.859922503626623
"2015_1328_1462",0.647651289385192
"2015_1329_1332",0.553666923077121
"2015_1329_1344",0.395004186157266
"2015_1329_1345",0.383270635609494
"2015_1329_1352",0.794093952062796
"2015_1329_1361",0.267929453284233
"2015_1329_1372",0.188150997444063
"2015_1329_1374",0.20249914301094
"2015_1329_1385",0.507689234887045
"2015_1329_1400",0.202446711667675
"2015_1329_1411",0.769703396297442
"2015_1329_1412",0.678660702759263
"2015_1329_1414",0.580876722852224
"2015_1329_1417",0.51397954858167
"2015_1329_1428",0.0856377153773096
"2015_1329_1433",0.332163738976027
"2015_1329_1434",0.371226267379435
"2015_1329_1437",0.070141502574261
"2015_1329_1438",0.043500157009857
"2015_1329_1452",0.297776070206855
"2015_1329_1455",0.109317617133911
"2015_1329_1458",0.04995298801498
"2015_1329_1459",0.474222254583575
"2015_1329_1461",0.65211296222881
"2015_1329_1462",0.359603613204618
"2015_1332_1344",0.345363153307832
"2015_1332_1345",0.334482175245962
"2015_1332_1352",0.756639458812959
"2015_1332_1361",0.228297130693689
"2015_1332_1372",0.158334463589699
"2015_1332_1374",0.170334616437683
"2015_1332_1385",0.45393219010069
"2015_1332_1400",0.171011216711988
"2015_1332_1411",0.729415223950359
"2015_1332_1412",0.630229440150068
"2015_1332_1414",0.52768992408737
"2015_1332_1417",0.460652717879764
"2015_1332_1428",0.0702757155496451
"2015_1332_1433",0.286393581916645
"2015_1332_1434",0.323281960894737
"2015_1332_1437",0.0574057460779439
"2015_1332_1438",0.0355278176239505
"2015_1332_1452",0.257600703921007
"2015_1332_1455",0.090432274258618
"2015_1332_1458",0.0407319819314617
"2015_1332_1459",0.421016100689054
"2015_1332_1461",0.601989494942085
"2015_1332_1462",0.311726617032983
"2015_1344_1345",0.488027614325527
"2015_1344_1352",0.854915666085116
"2015_1344_1361",0.359339540998276
"2015_1344_1372",0.263607641839001
"2015_1344_1374",0.280227174850586
"2015_1344_1385",0.61221531791498
"2015_1344_1400",0.282132959950525
"2015_1344_1411",0.836249455371562
"2015_1344_1412",0.763527358746082
"2015_1344_1414",0.679258092726046
"2015_1344_1417",0.618099848775577
"2015_1344_1428",0.125260232665608
"2015_1344_1433",0.431908191673999
"2015_1344_1434",0.475460005109185
"2015_1344_1437",0.10345277891669
"2015_1344_1438",0.0653809492126231
"2015_1344_1452",0.399738614393117
"2015_1344_1455",0.158836225472894
"2015_1344_1458",0.0744685892047413
"2015_1344_1459",0.579487796727031
"2015_1344_1461",0.74257315375233
"2015_1344_1462",0.461790631755514
"2015_1345_1352",0.860820155471197
"2015_1345_1361",0.370437991172772
"2015_1345_1372",0.273064752986916
"2015_1345_1374",0.289988461689754
"2015_1345_1385",0.623836927534633
"2015_1345_1400",0.292019759693282
"2015_1345_1411",0.842737709568228
"2015_1345_1412",0.772086090570032
"2015_1345_1414",0.689731710297299
"2015_1345_1417",0.629345911517621
"2015_1345_1428",0.130614983411114
"2015_1345_1433",0.443731007575917
"2015_1345_1434",0.487421890493378
"2015_1345_1437",0.107985356560826
"2015_1345_1438",0.0683743775215158
"2015_1345_1452",0.411622550565891
"2015_1345_1455",0.165352569485031
"2015_1345_1458",0.0778399516099711
"2015_1345_1459",0.591233383945074
"2015_1345_1461",0.752114797830572
"2015_1345_1462",0.473779098234085
"2015_1352_1361",0.0868968015215821
"2015_1352_1372",0.0570810774231748
"2015_1352_1374",0.0619537305155063
"2015_1352_1385",0.210969297041382
"2015_1352_1400",0.0622566667097843
"2015_1352_1411",0.464393301549184
"2015_1352_1412",0.354093943962369
"2015_1352_1414",0.264352106482803
"2015_1352_1417",0.215522118907064
"2015_1352_1428",0.0237357533383695
"2015_1352_1433",0.114328959652933
"2015_1352_1434",0.133215154496149
"2015_1352_1437",0.0192132615960487
"2015_1352_1438",0.0117129527382592
"2015_1352_1452",0.100505646890155
"2015_1352_1455",0.0309971575769149
"2015_1352_1458",0.0134743389235581
"2015_1352_1459",0.189548601413269
"2015_1352_1461",0.327311051775879
"2015_1352_1462",0.127151215347341
"2015_1361_1372",0.389615575348209
"2015_1361_1374",0.409725347620261
"2015_1361_1385",0.737962773580197
"2015_1361_1400",0.412056979023335
"2015_1361_1411",0.901046946067453
"2015_1361_1412",0.852001718182722
"2015_1361_1414",0.790647562705055
"2015_1361_1417",0.742638768842217
"2015_1361_1428",0.203385822381104
"2015_1361_1433",0.5754716225965
"2015_1361_1434",0.6177498356445
"2015_1361_1437",0.170627328491743
"2015_1361_1438",0.110895136741231
"2015_1361_1452",0.54297662173209
"2015_1361_1455",0.25187620375013
"2015_1361_1458",0.125455672505901
"2015_1361_1459",0.710763802043328
"2015_1361_1461",0.837359019243083
"2015_1361_1462",0.604725050394753
"2015_1372_1374",0.520923078354019
"2015_1372_1385",0.816334056348373
"2015_1372_1400",0.523419016597026
"2015_1372_1411",0.93461381357616
"2015_1372_1412",0.900286421731417
"2015_1372_1414",0.855890776320756
"2015_1372_1417",0.818922436878878
"2015_1372_1428",0.285913527644928
"2015_1372_1433",0.680135748680832
"2015_1372_1434",0.716814096783537
"2015_1372_1437",0.243863476877206
"2015_1372_1438",0.163424261324757
"2015_1372_1452",0.651152264469768
"2015_1372_1455",0.345254552606004
"2015_1372_1458",0.18356741679263
"2015_1372_1459",0.79434072275445
"2015_1372_1461",0.891002593763883
"2015_1372_1462",0.706011810403491
"2015_1374_1385",0.802335753210903
"2015_1374_1400",0.502440717681679
"2015_1374_1411",0.92917625103454
"2015_1374_1412",0.892403530447501
"2015_1374_1414",0.844767872930855
"2015_1374_1417",0.806096118639312
"2015_1374_1428",0.268916515978186
"2015_1374_1433",0.661360341549618
"2015_1374_1434",0.699541397068318
"2015_1374_1437",0.228629379605092
"2015_1374_1438",0.152321848659972
"2015_1374_1452",0.63131883435728
"2015_1374_1455",0.326621976109697
"2015_1374_1458",0.171272272169715
"2015_1374_1459",0.779777181912487
"2015_1374_1461",0.881288695420699
"2015_1374_1462",0.687913757544274
"2015_1385_1400",0.197731286738511
"2015_1385_1411",0.764234243176561
"2015_1385_1412",0.671971661389391
"2015_1385_1414",0.573383769727966
"2015_1385_1417",0.506386789846308
"2015_1385_1428",0.083279624790946
"2015_1385_1433",0.325426622580553
"2015_1385_1434",0.364228255077684
"2015_1385_1437",0.0681822373458597
"2015_1385_1438",0.0422709738284885
"2015_1385_1452",0.291853836304147
"2015_1385_1455",0.106437133996035
"2015_1385_1458",0.0485300072531569
"2015_1385_1459",0.466579014102294
"2015_1385_1461",0.64511687906437
"2015_1385_1462",0.352587298210537
"2015_1400_1411",0.92871230542585
"2015_1400_1412",0.891617761670697
"2015_1400_1414",0.844142684864428
"2015_1400_1417",0.804675589340926
"2015_1400_1428",0.267297552599537
"2015_1400_1433",0.659577625521601
"2015_1400_1434",0.697436299126121
"2015_1400_1437",0.227091166092287
"2015_1400_1438",0.151017573919652
"2015_1400_1452",0.629630850197224
"2015_1400_1455",0.324395156723238
"2015_1400_1458",0.169999858319038
"2015_1400_1459",0.778843483687587
"2015_1400_1461",0.882000239450036
"2015_1400_1462",0.686399930819861
"2015_1411_1412",0.387383142236398
"2015_1411_1414",0.29301542565039
"2015_1411_1417",0.240673183424324
"2015_1411_1428",0.0272792498571465
"2015_1411_1433",0.129597052748896
"2015_1411_1434",0.150680538016719
"2015_1411_1437",0.0220989198212674
"2015_1411_1438",0.0135013425061551
"2015_1411_1452",0.114678512367355
"2015_1411_1455",0.0356251671807687
"2015_1411_1458",0.0155127004204205
"2015_1411_1459",0.212439224286626
"2015_1411_1461",0.359780712390463
"2015_1411_1462",0.143844839936519
"2015_1412_1414",0.395960422516656
"2015_1412_1417",0.333900875872921
"2015_1412_1428",0.0424666399697407
"2015_1412_1433",0.190586123088188
"2015_1412_1434",0.219161147850841
"2015_1412_1437",0.034505591514551
"2015_1412_1438",0.0211974227766037
"2015_1412_1452",0.170464620778069
"2015_1412_1455",0.0552275965087383
"2015_1412_1458",0.0243143506095261
"2015_1412_1459",0.299039131240029
"2015_1412_1461",0.470934387761454
"2015_1412_1462",0.209922724114498
"2015_1414_1417",0.433252377818554
"2015_1414_1428",0.0633676262307823
"2015_1414_1433",0.264280105212065
"2015_1414_1434",0.299513557445715
"2015_1414_1437",0.0516923679968827
"2015_1414_1438",0.0319177569802099
"2015_1414_1452",0.23696197059845
"2015_1414_1455",0.081715900024978
"2015_1414_1458",0.0366135905913321
"2015_1414_1459",0.394251274888358
"2015_1414_1461",0.575146174655633
"2015_1414_1462",0.28844800292612
"2015_1417_1428",0.0812823008589495
"2015_1417_1433",0.319601683985889
"2015_1417_1434",0.358984336924728
"2015_1417_1437",0.0665500005757216
"2015_1417_1438",0.0414273496032033
"2015_1417_1452",0.291284395568953
"2015_1417_1455",0.104469965083452
"2015_1417_1458",0.0473589370778747
"2015_1417_1459",0.459826152408925
"2015_1417_1461",0.640248283613235
"2015_1417_1462",0.34643981023228
"2015_1428_1433",0.841500575178839
"2015_1428_1434",0.863551523561456
"2015_1428_1437",0.446239598579398
"2015_1428_1438",0.328105658175411
"2015_1428_1452",0.822527637527525
"2015_1428_1455",0.568615735458079
"2015_1428_1458",0.35975460635253
"2015_1428_1459",0.90583249944122
"2015_1428_1461",0.952548199578597
"2015_1428_1462",0.856958400683073
"2015_1433_1434",0.543783195886737
"2015_1433_1437",0.131779412121766
"2015_1433_1438",0.0842199475689663
"2015_1433_1452",0.465874050389927
"2015_1433_1455",0.198868750455557
"2015_1433_1458",0.0957058704295519
"2015_1433_1459",0.644351247329368
"2015_1433_1461",0.790749093028386
"2015_1433_1462",0.530165718619611
"2015_1434_1437",0.11293554960822
"2015_1434_1438",0.0716514258462094
"2015_1434_1452",0.424011145291707
"2015_1434_1455",0.172417767591206
"2015_1434_1458",0.0815331882001357
"2015_1434_1459",0.60342361559887
"2015_1434_1461",0.761674999329646
"2015_1434_1462",0.486391262213656
"2015_1437_1438",0.377380013242694
"2015_1437_1452",0.852059456802017
"2015_1437_1455",0.620647545887365
"2015_1437_1458",0.410826823896515
"2015_1437_1459",0.92271133450997
"2015_1437_1461",0.961447607346098
"2015_1437_1462",0.881442577955294
"2015_1438_1452",0.905177558662782
"2015_1438_1455",0.729681672201944
"2015_1438_1458",0.53495426755261
"2015_1438_1459",0.951761581812968
"2015_1438_1461",0.976495166953573
"2015_1438_1462",0.924676271359207
"2015_1452_1455",0.220425078786244
"2015_1452_1458",0.107924740391698
"2015_1452_1459",0.676563687933823
"2015_1452_1461",0.818565521746146
"2015_1452_1462",0.564652223150371
"2015_1455_1458",0.298816292569547
"2015_1455_1459",0.879663559915151
"2015_1455_1461",0.939010223227496
"2015_1455_1462",0.819757158967656
"2015_1458_1459",0.944820734124442
"2015_1458_1461",0.972819262542384
"2015_1458_1462",0.91425597453114
"2015_1459_1461",0.67539776908728
"2015_1459_1462",0.383804195854729
"2015_1461_1462",0.230158799934797
