ID,PRED
2015_1107_1112,0.115802536
2015_1107_1116,0.332572092
2015_1107_1124,0.249727637
2015_1107_1125,0.489344067
2015_1107_1129,0.295798845
2015_1107_1138,0.486176169
2015_1107_1139,0.420368585
2015_1107_1140,0.360147138
2015_1107_1153,0.409670938
2015_1107_1157,0.614224297
2015_1107_1172,0.30069276
2015_1107_1173,0.401624503
2015_1107_1181,0.105353514
2015_1107_1186,0.387302902
2015_1107_1207,0.444594909
2015_1107_1208,0.4446463
2015_1107_1209,0.47030405
2015_1107_1211,0.116715726
2015_1107_1214,0.767423205
2015_1107_1217,0.483712993
2015_1107_1231,0.408756906
2015_1107_1234,0.439590762
2015_1107_1235,0.19305411
2015_1107_1242,0.247543596
2015_1107_1246,0.089928009
2015_1107_1248,0.636792017
2015_1107_1257,0.303097914
2015_1107_1261,0.393687953
2015_1107_1264,0.638994018
2015_1107_1268,0.32809506
2015_1107_1277,0.342362602
2015_1107_1279,0.524883481
2015_1107_1295,0.497154136
2015_1107_1301,0.4904381
2015_1107_1308,0.462599546
2015_1107_1314,0.339548373
2015_1107_1316,0.54346282
2015_1107_1318,0.520789477
2015_1107_1320,0.20505278
2015_1107_1323,0.215521432
2015_1107_1326,0.266575913
2015_1107_1328,0.263277855
2015_1107_1329,0.537109352
2015_1107_1332,0.372551764
2015_1107_1344,0.44786543
2015_1107_1345,0.451820374
2015_1107_1352,0.682733266
2015_1107_1361,0.481380301
2015_1107_1372,0.226655522
2015_1107_1374,0.275987002
2015_1107_1385,0.416096729
2015_1107_1400,0.429795926
2015_1107_1411,0.652417729
2015_1107_1412,0.666060434
2015_1107_1414,0.53274391
2015_1107_1417,0.448061261
2015_1107_1428,0.255469203
2015_1107_1433,0.265150481
2015_1107_1434,0.304386491
2015_1107_1437,0.125931765
2015_1107_1438,0.183128685
2015_1107_1452,0.374141879
2015_1107_1455,0.261046845
2015_1107_1458,0.053788918
2015_1107_1459,0.44247092
2015_1107_1461,0.51578454
2015_1107_1462,0.422487494
2015_1112_1116,0.816892735
2015_1112_1124,0.76445801
2015_1112_1125,0.898960312
2015_1112_1129,0.822678868
2015_1112_1138,0.83731212
2015_1112_1139,0.82157354
2015_1112_1140,0.861591488
2015_1112_1153,0.733362559
2015_1112_1157,0.881482742
2015_1112_1172,0.82630716
2015_1112_1173,0.794107554
2015_1112_1181,0.574754259
2015_1112_1186,0.898392784
2015_1112_1207,0.811608173
2015_1112_1208,0.834538395
2015_1112_1209,0.764117278
2015_1112_1211,0.593160954
2015_1112_1214,0.975122413
2015_1112_1217,0.83455315
2015_1112_1231,0.875163494
2015_1112_1234,0.77041647
2015_1112_1235,0.663912496
2015_1112_1242,0.672349123
2015_1112_1246,0.379364582
2015_1112_1248,0.915677427
2015_1112_1257,0.735892039
2015_1112_1261,0.849181878
2015_1112_1264,0.949627195
2015_1112_1268,0.722907186
2015_1112_1277,0.752203854
2015_1112_1279,0.83695974
2015_1112_1295,0.90345868
2015_1112_1301,0.834337989
2015_1112_1308,0.895849643
2015_1112_1314,0.736565784
2015_1112_1316,0.911884378
2015_1112_1318,0.916904195
2015_1112_1320,0.722379012
2015_1112_1323,0.639106479
2015_1112_1326,0.710807447
2015_1112_1328,0.776841299
2015_1112_1329,0.875997818
2015_1112_1332,0.87589241
2015_1112_1344,0.82759723
2015_1112_1345,0.838914697
2015_1112_1352,0.936188518
2015_1112_1361,0.793742582
2015_1112_1372,0.75072758
2015_1112_1374,0.672842901
2015_1112_1385,0.830099509
2015_1112_1400,0.841213124
2015_1112_1411,0.94047666
2015_1112_1412,0.924786579
2015_1112_1414,0.920887194
2015_1112_1417,0.834462131
2015_1112_1428,0.647712633
2015_1112_1433,0.756715913
2015_1112_1434,0.805156605
2015_1112_1437,0.536350333
2015_1112_1438,0.614056996
2015_1112_1452,0.872353763
2015_1112_1455,0.718711301
2015_1112_1458,0.546980796
2015_1112_1459,0.815474624
2015_1112_1461,0.80556537
2015_1112_1462,0.808239226
2015_1116_1124,0.382262705
2015_1116_1125,0.738101791
2015_1116_1129,0.47873703
2015_1116_1138,0.536334317
2015_1116_1139,0.502887017
2015_1116_1140,0.550714844
2015_1116_1153,0.743927135
2015_1116_1157,0.768964905
2015_1116_1172,0.578050288
2015_1116_1173,0.530102231
2015_1116_1181,0.220966607
2015_1116_1186,0.693540777
2015_1116_1207,0.499270459
2015_1116_1208,0.569702828
2015_1116_1209,0.61302904
2015_1116_1211,0.255286174
2015_1116_1214,0.901003191
2015_1116_1217,0.614208639
2015_1116_1231,0.663059709
2015_1116_1234,0.622531455
2015_1116_1235,0.417325046
2015_1116_1242,0.414332941
2015_1116_1246,0.223142656
2015_1116_1248,0.822697828
2015_1116_1257,0.484160919
2015_1116_1261,0.650325213
2015_1116_1264,0.842594089
2015_1116_1268,0.569345285
2015_1116_1277,0.586393329
2015_1116_1279,0.617419847
2015_1116_1295,0.698700123
2015_1116_1301,0.687833104
2015_1116_1308,0.573999202
2015_1116_1314,0.495420956
2015_1116_1316,0.715378922
2015_1116_1318,0.665829601
2015_1116_1320,0.543057834
2015_1116_1323,0.333433544
2015_1116_1326,0.418103197
2015_1116_1328,0.504006304
2015_1116_1329,0.671523587
2015_1116_1332,0.635999676
2015_1116_1344,0.549082028
2015_1116_1345,0.594952175
2015_1116_1352,0.792291621
2015_1116_1361,0.548181844
2015_1116_1372,0.472781605
2015_1116_1374,0.311397903
2015_1116_1385,0.635059448
2015_1116_1400,0.545526494
2015_1116_1411,0.760451672
2015_1116_1412,0.75709988
2015_1116_1414,0.684251119
2015_1116_1417,0.653871305
2015_1116_1428,0.401480286
2015_1116_1433,0.529368354
2015_1116_1434,0.499073642
2015_1116_1437,0.216143542
2015_1116_1438,0.473084529
2015_1116_1452,0.629270634
2015_1116_1455,0.401453051
2015_1116_1458,0.201049533
2015_1116_1459,0.57943746
2015_1116_1461,0.825382159
2015_1116_1462,0.582987116
2015_1124_1125,0.776788202
2015_1124_1129,0.603442368
2015_1124_1138,0.594095028
2015_1124_1139,0.600499489
2015_1124_1140,0.678375913
2015_1124_1153,0.584014233
2015_1124_1157,0.702082819
2015_1124_1172,0.601444396
2015_1124_1173,0.548271161
2015_1124_1181,0.267522499
2015_1124_1186,0.72119632
2015_1124_1207,0.623710761
2015_1124_1208,0.626863278
2015_1124_1209,0.515567086
2015_1124_1211,0.235041751
2015_1124_1214,0.90684224
2015_1124_1217,0.672158283
2015_1124_1231,0.692473206
2015_1124_1234,0.525194738
2015_1124_1235,0.488769634
2015_1124_1242,0.434727515
2015_1124_1246,0.126501911
2015_1124_1248,0.767923629
2015_1124_1257,0.54414379
2015_1124_1261,0.597896666
2015_1124_1264,0.85637264
2015_1124_1268,0.473933045
2015_1124_1277,0.474986748
2015_1124_1279,0.747963892
2015_1124_1295,0.765825167
2015_1124_1301,0.591537015
2015_1124_1308,0.644229642
2015_1124_1314,0.520881617
2015_1124_1316,0.799932213
2015_1124_1318,0.709560947
2015_1124_1320,0.408884366
2015_1124_1323,0.394522332
2015_1124_1326,0.470909342
2015_1124_1328,0.509906489
2015_1124_1329,0.680674457
2015_1124_1332,0.635172334
2015_1124_1344,0.597450379
2015_1124_1345,0.704506558
2015_1124_1352,0.869686122
2015_1124_1361,0.4877758
2015_1124_1372,0.475309575
2015_1124_1374,0.454731941
2015_1124_1385,0.640715897
2015_1124_1400,0.632246372
2015_1124_1411,0.790612385
2015_1124_1412,0.831959538
2015_1124_1414,0.73454637
2015_1124_1417,0.674536372
2015_1124_1428,0.356568197
2015_1124_1433,0.548044017
2015_1124_1434,0.645965014
2015_1124_1437,0.318046361
2015_1124_1438,0.297207044
2015_1124_1452,0.636156804
2015_1124_1455,0.441579981
2015_1124_1458,0.296791474
2015_1124_1459,0.594980196
2015_1124_1461,0.681103421
2015_1124_1462,0.621009492
2015_1125_1129,0.306623871
2015_1125_1138,0.388278124
2015_1125_1139,0.289127581
2015_1125_1140,0.308918361
2015_1125_1153,0.242868815
2015_1125_1157,0.484975531
2015_1125_1172,0.266684029
2015_1125_1173,0.2730956
2015_1125_1181,0.106457961
2015_1125_1186,0.497765615
2015_1125_1207,0.308904437
2015_1125_1208,0.395106835
2015_1125_1209,0.293087796
2015_1125_1211,0.114060579
2015_1125_1214,0.720492076
2015_1125_1217,0.428162643
2015_1125_1231,0.376041665
2015_1125_1234,0.321797111
2015_1125_1235,0.230419287
2015_1125_1242,0.184478715
2015_1125_1246,0.043495135
2015_1125_1248,0.553194424
2015_1125_1257,0.20177797
2015_1125_1261,0.34706496
2015_1125_1264,0.535711079
2015_1125_1268,0.270143419
2015_1125_1277,0.234373106
2015_1125_1279,0.454933372
2015_1125_1295,0.505087707
2015_1125_1301,0.352554079
2015_1125_1308,0.342858069
2015_1125_1314,0.200087472
2015_1125_1316,0.472437758
2015_1125_1318,0.459139079
2015_1125_1320,0.20477881
2015_1125_1323,0.145596764
2015_1125_1326,0.237442987
2015_1125_1328,0.283503179
2015_1125_1329,0.38522558
2015_1125_1332,0.389746911
2015_1125_1344,0.369981886
2015_1125_1345,0.355292159
2015_1125_1352,0.600823966
2015_1125_1361,0.259389482
2015_1125_1372,0.211336624
2015_1125_1374,0.230779976
2015_1125_1385,0.420631957
2015_1125_1400,0.358799783
2015_1125_1411,0.578743898
2015_1125_1412,0.551672326
2015_1125_1414,0.447514074
2015_1125_1417,0.481199023
2015_1125_1428,0.142513001
2015_1125_1433,0.319093188
2015_1125_1434,0.314831226
2015_1125_1437,0.082421243
2015_1125_1438,0.14099971
2015_1125_1452,0.336113525
2015_1125_1455,0.161648305
2015_1125_1458,0.133216983
2015_1125_1459,0.292819419
2015_1125_1461,0.36554904
2015_1125_1462,0.352291028
2015_1129_1138,0.513521607
2015_1129_1139,0.50992054
2015_1129_1140,0.572727869
2015_1129_1153,0.517498012
2015_1129_1157,0.622387546
2015_1129_1172,0.465270783
2015_1129_1173,0.463286647
2015_1129_1181,0.187792552
2015_1129_1186,0.643411428
2015_1129_1207,0.545658421
2015_1129_1208,0.540092011
2015_1129_1209,0.433252712
2015_1129_1211,0.163610897
2015_1129_1214,0.853784098
2015_1129_1217,0.580939938
2015_1129_1231,0.571978327
2015_1129_1234,0.445729642
2015_1129_1235,0.411454781
2015_1129_1242,0.330810078
2015_1129_1246,0.084770825
2015_1129_1248,0.695124602
2015_1129_1257,0.445066891
2015_1129_1261,0.502325268
2015_1129_1264,0.768561357
2015_1129_1268,0.390858908
2015_1129_1277,0.376432735
2015_1129_1279,0.677426624
2015_1129_1295,0.698582871
2015_1129_1301,0.487142403
2015_1129_1308,0.517138533
2015_1129_1314,0.409684257
2015_1129_1316,0.69776566
2015_1129_1318,0.63069606
2015_1129_1320,0.330776455
2015_1129_1323,0.31147355
2015_1129_1326,0.394555115
2015_1129_1328,0.420719671
2015_1129_1329,0.591333892
2015_1129_1332,0.532584724
2015_1129_1344,0.516249046
2015_1129_1345,0.617410348
2015_1129_1352,0.804985674
2015_1129_1361,0.392160628
2015_1129_1372,0.375882279
2015_1129_1374,0.393494271
2015_1129_1385,0.558696421
2015_1129_1400,0.55867055
2015_1129_1411,0.706370726
2015_1129_1412,0.753286934
2015_1129_1414,0.643300898
2015_1129_1417,0.614471935
2015_1129_1428,0.257301391
2015_1129_1433,0.476503609
2015_1129_1434,0.571121839
2015_1129_1437,0.24209287
2015_1129_1438,0.232309698
2015_1129_1452,0.551739177
2015_1129_1455,0.353912066
2015_1129_1458,0.243115853
2015_1129_1459,0.484410709
2015_1129_1461,0.619998206
2015_1129_1462,0.535165671
2015_1138_1139,0.480624936
2015_1138_1140,0.516261957
2015_1138_1153,0.375503022
2015_1138_1157,0.609921258
2015_1138_1172,0.465965361
2015_1138_1173,0.475534447
2015_1138_1181,0.178609106
2015_1138_1186,0.60989679
2015_1138_1207,0.486850936
2015_1138_1208,0.550014641
2015_1138_1209,0.44249515
2015_1138_1211,0.235846426
2015_1138_1214,0.909625492
2015_1138_1217,0.509001782
2015_1138_1231,0.548213291
2015_1138_1234,0.441386354
2015_1138_1235,0.311040537
2015_1138_1242,0.335582284
2015_1138_1246,0.106383983
2015_1138_1248,0.65560378
2015_1138_1257,0.445030218
2015_1138_1261,0.507596545
2015_1138_1264,0.777442946
2015_1138_1268,0.376083174
2015_1138_1277,0.394403494
2015_1138_1279,0.600611295
2015_1138_1295,0.543609083
2015_1138_1301,0.514356636
2015_1138_1308,0.597305271
2015_1138_1314,0.45046639
2015_1138_1316,0.683325444
2015_1138_1318,0.623985221
2015_1138_1320,0.444514775
2015_1138_1323,0.289462355
2015_1138_1326,0.36841082
2015_1138_1328,0.43987748
2015_1138_1329,0.614007272
2015_1138_1332,0.566632019
2015_1138_1344,0.533250057
2015_1138_1345,0.585813229
2015_1138_1352,0.767027342
2015_1138_1361,0.34525071
2015_1138_1372,0.415871449
2015_1138_1374,0.348026351
2015_1138_1385,0.57430409
2015_1138_1400,0.523270533
2015_1138_1411,0.746952036
2015_1138_1412,0.736885735
2015_1138_1414,0.655433876
2015_1138_1417,0.588074725
2015_1138_1428,0.238302915
2015_1138_1433,0.461716211
2015_1138_1434,0.488898032
2015_1138_1437,0.187929624
2015_1138_1438,0.386147358
2015_1138_1452,0.630713252
2015_1138_1455,0.287920649
2015_1138_1458,0.415213464
2015_1138_1459,0.541820137
2015_1138_1461,0.483167373
2015_1138_1462,0.484194064
2015_1139_1140,0.56781723
2015_1139_1153,0.474910046
2015_1139_1157,0.647711093
2015_1139_1172,0.555879181
2015_1139_1173,0.51979442
2015_1139_1181,0.2165637
2015_1139_1186,0.637445863
2015_1139_1207,0.495812436
2015_1139_1208,0.540620685
2015_1139_1209,0.444180431
2015_1139_1211,0.189038573
2015_1139_1214,0.864099776
2015_1139_1217,0.587145554
2015_1139_1231,0.641706774
2015_1139_1234,0.471918164
2015_1139_1235,0.365690472
2015_1139_1242,0.373751049
2015_1139_1246,0.114655491
2015_1139_1248,0.710667479
2015_1139_1257,0.409895718
2015_1139_1261,0.58009
2015_1139_1264,0.770927379
2015_1139_1268,0.428668175
2015_1139_1277,0.431068525
2015_1139_1279,0.62140244
2015_1139_1295,0.618912892
2015_1139_1301,0.548907797
2015_1139_1308,0.550247228
2015_1139_1314,0.371421353
2015_1139_1316,0.726992961
2015_1139_1318,0.657669003
2015_1139_1320,0.426289305
2015_1139_1323,0.344960982
2015_1139_1326,0.37001024
2015_1139_1328,0.435593634
2015_1139_1329,0.653113366
2015_1139_1332,0.563521534
2015_1139_1344,0.5086975
2015_1139_1345,0.560682961
2015_1139_1352,0.790687522
2015_1139_1361,0.424038838
2015_1139_1372,0.470080595
2015_1139_1374,0.317890831
2015_1139_1385,0.621104982
2015_1139_1400,0.545513583
2015_1139_1411,0.731087707
2015_1139_1412,0.751875972
2015_1139_1414,0.679888522
2015_1139_1417,0.643412262
2015_1139_1428,0.289932792
2015_1139_1433,0.531402827
2015_1139_1434,0.476112253
2015_1139_1437,0.220742935
2015_1139_1438,0.335642977
2015_1139_1452,0.585540385
2015_1139_1455,0.31534237
2015_1139_1458,0.374733635
2015_1139_1459,0.626468972
2015_1139_1461,0.59087381
2015_1139_1462,0.536788226
2015_1140_1153,0.674929239
2015_1140_1157,0.741431596
2015_1140_1172,0.525446845
2015_1140_1173,0.448030222
2015_1140_1181,0.155988819
2015_1140_1186,0.673247946
2015_1140_1207,0.463059089
2015_1140_1208,0.516253756
2015_1140_1209,0.571348896
2015_1140_1211,0.207569227
2015_1140_1214,0.875609246
2015_1140_1217,0.554642274
2015_1140_1231,0.604797955
2015_1140_1234,0.571461725
2015_1140_1235,0.361473444
2015_1140_1242,0.349821325
2015_1140_1246,0.167583313
2015_1140_1248,0.79564622
2015_1140_1257,0.424480426
2015_1140_1261,0.558363454
2015_1140_1264,0.792577366
2015_1140_1268,0.523646959
2015_1140_1277,0.549598066
2015_1140_1279,0.5973827
2015_1140_1295,0.67109481
2015_1140_1301,0.645686673
2015_1140_1308,0.450521068
2015_1140_1314,0.432497268
2015_1140_1316,0.654671494
2015_1140_1318,0.580190442
2015_1140_1320,0.510739128
2015_1140_1323,0.266570931
2015_1140_1326,0.358745437
2015_1140_1328,0.439469255
2015_1140_1329,0.628290688
2015_1140_1332,0.582618339
2015_1140_1344,0.492471565
2015_1140_1345,0.552924164
2015_1140_1352,0.751053672
2015_1140_1361,0.462775674
2015_1140_1372,0.401369307
2015_1140_1374,0.265158691
2015_1140_1385,0.584134149
2015_1140_1400,0.507395933
2015_1140_1411,0.691255394
2015_1140_1412,0.694221755
2015_1140_1414,0.638620667
2015_1140_1417,0.620310842
2015_1140_1428,0.344909975
2015_1140_1433,0.489687125
2015_1140_1434,0.46084831
2015_1140_1437,0.175218691
2015_1140_1438,0.434962898
2015_1140_1452,0.581562066
2015_1140_1455,0.357759764
2015_1140_1458,0.157207666
2015_1140_1459,0.523196663
2015_1140_1461,0.781476909
2015_1140_1462,0.525665797
2015_1153_1157,0.598213036
2015_1153_1172,0.611375762
2015_1153_1173,0.371297026
2015_1153_1181,0.316374582
2015_1153_1186,0.675743835
2015_1153_1207,0.498395842
2015_1153_1208,0.606544935
2015_1153_1209,0.378718935
2015_1153_1211,0.223288349
2015_1153_1214,0.953292276
2015_1153_1217,0.579137031
2015_1153_1231,0.705682412
2015_1153_1234,0.412899615
2015_1153_1235,0.473722802
2015_1153_1242,0.471697543
2015_1153_1246,0.078185527
2015_1153_1248,0.66897802
2015_1153_1257,0.408773905
2015_1153_1261,0.610753013
2015_1153_1264,0.879344674
2015_1153_1268,0.347767793
2015_1153_1277,0.330718139
2015_1153_1279,0.693102789
2015_1153_1295,0.624001443
2015_1153_1301,0.490163338
2015_1153_1308,0.592686407
2015_1153_1314,0.3866962
2015_1153_1316,0.798778452
2015_1153_1318,0.724021692
2015_1153_1320,0.577204392
2015_1153_1323,0.203732798
2015_1153_1326,0.416735892
2015_1153_1328,0.52725744
2015_1153_1329,0.487889123
2015_1153_1332,0.635761619
2015_1153_1344,0.582466346
2015_1153_1345,0.539117411
2015_1153_1352,0.846338424
2015_1153_1361,0.495735305
2015_1153_1372,0.396647126
2015_1153_1374,0.365054496
2015_1153_1385,0.583912027
2015_1153_1400,0.577028009
2015_1153_1411,0.806641464
2015_1153_1412,0.833701355
2015_1153_1414,0.704189594
2015_1153_1417,0.59782512
2015_1153_1428,0.420514264
2015_1153_1433,0.441493602
2015_1153_1434,0.376832871
2015_1153_1437,0.211672934
2015_1153_1438,0.463203763
2015_1153_1452,0.746944626
2015_1153_1455,0.30448653
2015_1153_1458,0.067463128
2015_1153_1459,0.688071888
2015_1153_1461,0.612350313
2015_1153_1462,0.630846479
2015_1157_1172,0.355004006
2015_1157_1173,0.318176149
2015_1157_1181,0.125707443
2015_1157_1186,0.487444932
2015_1157_1207,0.362434648
2015_1157_1208,0.390983035
2015_1157_1209,0.353618067
2015_1157_1211,0.138700229
2015_1157_1214,0.755837816
2015_1157_1217,0.434537081
2015_1157_1231,0.43774583
2015_1157_1234,0.336819562
2015_1157_1235,0.261528954
2015_1157_1242,0.244148077
2015_1157_1246,0.062927943
2015_1157_1248,0.558851216
2015_1157_1257,0.343563134
2015_1157_1261,0.466824826
2015_1157_1264,0.656106493
2015_1157_1268,0.263669497
2015_1157_1277,0.290370267
2015_1157_1279,0.47252333
2015_1157_1295,0.412721499
2015_1157_1301,0.400335685
2015_1157_1308,0.475906674
2015_1157_1314,0.220818967
2015_1157_1316,0.531908338
2015_1157_1318,0.499084746
2015_1157_1320,0.123400117
2015_1157_1323,0.1779686
2015_1157_1326,0.245208293
2015_1157_1328,0.326341892
2015_1157_1329,0.443073719
2015_1157_1332,0.447210295
2015_1157_1344,0.386656998
2015_1157_1345,0.499839659
2015_1157_1352,0.654866072
2015_1157_1361,0.287459136
2015_1157_1372,0.223639956
2015_1157_1374,0.287603003
2015_1157_1385,0.409243604
2015_1157_1400,0.404888113
2015_1157_1411,0.601865817
2015_1157_1412,0.617907785
2015_1157_1414,0.527739373
2015_1157_1417,0.43362786
2015_1157_1428,0.189573007
2015_1157_1433,0.281218708
2015_1157_1434,0.345470419
2015_1157_1437,0.105548817
2015_1157_1438,0.094463644
2015_1157_1452,0.384646011
2015_1157_1455,0.145879067
2015_1157_1458,0.161260221
2015_1157_1459,0.332569837
2015_1157_1461,0.528946943
2015_1157_1462,0.405617445
2015_1172_1173,0.422074758
2015_1172_1181,0.206436601
2015_1172_1186,0.714824618
2015_1172_1207,0.471144423
2015_1172_1208,0.527321475
2015_1172_1209,0.4300116
2015_1172_1211,0.217694281
2015_1172_1214,0.828700446
2015_1172_1217,0.569470913
2015_1172_1231,0.599808148
2015_1172_1234,0.464720973
2015_1172_1235,0.382809283
2015_1172_1242,0.310716937
2015_1172_1246,0.081719495
2015_1172_1248,0.743298119
2015_1172_1257,0.327988095
2015_1172_1261,0.509220114
2015_1172_1264,0.685286455
2015_1172_1268,0.429348437
2015_1172_1277,0.404746781
2015_1172_1279,0.61928657
2015_1172_1295,0.707185107
2015_1172_1301,0.510924179
2015_1172_1308,0.477403246
2015_1172_1314,0.301596412
2015_1172_1316,0.66170385
2015_1172_1318,0.610038069
2015_1172_1320,0.371727292
2015_1172_1323,0.274254627
2015_1172_1326,0.395300739
2015_1172_1328,0.452561512
2015_1172_1329,0.562482079
2015_1172_1332,0.569616433
2015_1172_1344,0.494086154
2015_1172_1345,0.500970581
2015_1172_1352,0.770250008
2015_1172_1361,0.437417213
2015_1172_1372,0.359155775
2015_1172_1374,0.357883897
2015_1172_1385,0.579549952
2015_1172_1400,0.510990588
2015_1172_1411,0.699870664
2015_1172_1412,0.696262474
2015_1172_1414,0.632396835
2015_1172_1417,0.643305771
2015_1172_1428,0.278090954
2015_1172_1433,0.510317844
2015_1172_1434,0.517615268
2015_1172_1437,0.190511959
2015_1172_1438,0.244162461
2015_1172_1452,0.510614562
2015_1172_1455,0.314629041
2015_1172_1458,0.238778367
2015_1172_1459,0.449545114
2015_1172_1461,0.529119841
2015_1172_1462,0.524690854
2015_1173_1181,0.231799803
2015_1173_1186,0.651675603
2015_1173_1207,0.49054703
2015_1173_1208,0.582460414
2015_1173_1209,0.486244242
2015_1173_1211,0.219011458
2015_1173_1214,0.86369927
2015_1173_1217,0.561525569
2015_1173_1231,0.660061537
2015_1173_1234,0.509428731
2015_1173_1235,0.350144332
2015_1173_1242,0.426657164
2015_1173_1246,0.13518146
2015_1173_1248,0.731050949
2015_1173_1257,0.459449347
2015_1173_1261,0.614880813
2015_1173_1264,0.80730453
2015_1173_1268,0.467236155
2015_1173_1277,0.468574939
2015_1173_1279,0.673467483
2015_1173_1295,0.630684598
2015_1173_1301,0.580062927
2015_1173_1308,0.595240089
2015_1173_1314,0.358452981
2015_1173_1316,0.755286907
2015_1173_1318,0.686761333
2015_1173_1320,0.28849926
2015_1173_1323,0.325393645
2015_1173_1326,0.380401026
2015_1173_1328,0.44865248
2015_1173_1329,0.63206007
2015_1173_1332,0.576222002
2015_1173_1344,0.548780562
2015_1173_1345,0.627301702
2015_1173_1352,0.820644299
2015_1173_1361,0.454418451
2015_1173_1372,0.418451906
2015_1173_1374,0.385910898
2015_1173_1385,0.575079076
2015_1173_1400,0.582131118
2015_1173_1411,0.76963771
2015_1173_1412,0.785638532
2015_1173_1414,0.706271385
2015_1173_1417,0.609198144
2015_1173_1428,0.336140113
2015_1173_1433,0.481134182
2015_1173_1434,0.524121681
2015_1173_1437,0.207149463
2015_1173_1438,0.190202145
2015_1173_1452,0.529060427
2015_1173_1455,0.305657488
2015_1173_1458,0.290850485
2015_1173_1459,0.483612126
2015_1173_1461,0.745756993
2015_1173_1462,0.581599139
2015_1181_1186,0.902966519
2015_1181_1207,0.78284353
2015_1181_1208,0.812494862
2015_1181_1209,0.711685698
2015_1181_1211,0.519703306
2015_1181_1214,0.968156547
2015_1181_1217,0.80630375
2015_1181_1231,0.855189423
2015_1181_1234,0.75336774
2015_1181_1235,0.641195996
2015_1181_1242,0.627584938
2015_1181_1246,0.305545367
2015_1181_1248,0.913872116
2015_1181_1257,0.663016433
2015_1181_1261,0.789426883
2015_1181_1264,0.932829868
2015_1181_1268,0.730524965
2015_1181_1277,0.69722626
2015_1181_1279,0.831167644
2015_1181_1295,0.907577519
2015_1181_1301,0.805979587
2015_1181_1308,0.844157197
2015_1181_1314,0.640653343
2015_1181_1316,0.898296313
2015_1181_1318,0.896753847
2015_1181_1320,0.715286392
2015_1181_1323,0.598115974
2015_1181_1326,0.660308245
2015_1181_1328,0.739526706
2015_1181_1329,0.860874929
2015_1181_1332,0.842887631
2015_1181_1344,0.785992462
2015_1181_1345,0.800373941
2015_1181_1352,0.924798033
2015_1181_1361,0.747257589
2015_1181_1372,0.681802479
2015_1181_1374,0.631272843
2015_1181_1385,0.803280943
2015_1181_1400,0.816075557
2015_1181_1411,0.922694421
2015_1181_1412,0.903405196
2015_1181_1414,0.89661362
2015_1181_1417,0.822936306
2015_1181_1428,0.609795216
2015_1181_1433,0.74391058
2015_1181_1434,0.787218377
2015_1181_1437,0.515954893
2015_1181_1438,0.547728373
2015_1181_1452,0.84052841
2015_1181_1455,0.681463847
2015_1181_1458,0.510815544
2015_1181_1459,0.775151529
2015_1181_1461,0.789673867
2015_1181_1462,0.773190223
2015_1186_1207,0.39873401
2015_1186_1208,0.444977082
2015_1186_1209,0.364345834
2015_1186_1211,0.156258242
2015_1186_1214,0.821804135
2015_1186_1217,0.458696631
2015_1186_1231,0.382244755
2015_1186_1234,0.351866171
2015_1186_1235,0.246792794
2015_1186_1242,0.207589447
2015_1186_1246,0.054335707
2015_1186_1248,0.575494285
2015_1186_1257,0.320342037
2015_1186_1261,0.437084606
2015_1186_1264,0.584188115
2015_1186_1268,0.275109991
2015_1186_1277,0.275602044
2015_1186_1279,0.525018573
2015_1186_1295,0.599671197
2015_1186_1301,0.385012745
2015_1186_1308,0.410799417
2015_1186_1314,0.336562227
2015_1186_1316,0.513978263
2015_1186_1318,0.498173202
2015_1186_1320,0.184354512
2015_1186_1323,0.194902957
2015_1186_1326,0.287322567
2015_1186_1328,0.325991256
2015_1186_1329,0.47905101
2015_1186_1332,0.426384994
2015_1186_1344,0.440904983
2015_1186_1345,0.48048321
2015_1186_1352,0.674233688
2015_1186_1361,0.348696281
2015_1186_1372,0.237327497
2015_1186_1374,0.311153006
2015_1186_1385,0.450339195
2015_1186_1400,0.413036376
2015_1186_1411,0.651359933
2015_1186_1412,0.622994029
2015_1186_1414,0.519745018
2015_1186_1417,0.506030246
2015_1186_1428,0.138180867
2015_1186_1433,0.339523382
2015_1186_1434,0.379897872
2015_1186_1437,0.11171394
2015_1186_1438,0.136822333
2015_1186_1452,0.462276615
2015_1186_1455,0.276463601
2015_1186_1458,0.152343048
2015_1186_1459,0.435329548
2015_1186_1461,0.423914757
2015_1186_1462,0.391318348
2015_1207_1208,0.535186284
2015_1207_1209,0.488075962
2015_1207_1211,0.19629963
2015_1207_1214,0.874295816
2015_1207_1217,0.599460901
2015_1207_1231,0.617047608
2015_1207_1234,0.465207026
2015_1207_1235,0.365055027
2015_1207_1242,0.363708177
2015_1207_1246,0.114548799
2015_1207_1248,0.706254505
2015_1207_1257,0.431920431
2015_1207_1261,0.625770541
2015_1207_1264,0.769301314
2015_1207_1268,0.381387477
2015_1207_1277,0.444763693
2015_1207_1279,0.610383198
2015_1207_1295,0.59129621
2015_1207_1301,0.550552916
2015_1207_1308,0.57072302
2015_1207_1314,0.427335512
2015_1207_1316,0.70112177
2015_1207_1318,0.669686243
2015_1207_1320,0.398426996
2015_1207_1323,0.336900623
2015_1207_1326,0.387537366
2015_1207_1328,0.441415497
2015_1207_1329,0.641418644
2015_1207_1332,0.578251711
2015_1207_1344,0.534195239
2015_1207_1345,0.578852623
2015_1207_1352,0.795962264
2015_1207_1361,0.440147149
2015_1207_1372,0.467836841
2015_1207_1374,0.341476443
2015_1207_1385,0.634540609
2015_1207_1400,0.549175168
2015_1207_1411,0.750676281
2015_1207_1412,0.767931703
2015_1207_1414,0.697516884
2015_1207_1417,0.649464363
2015_1207_1428,0.265574974
2015_1207_1433,0.506383789
2015_1207_1434,0.465654781
2015_1207_1437,0.181181845
2015_1207_1438,0.348854165
2015_1207_1452,0.583446221
2015_1207_1455,0.305169416
2015_1207_1458,0.367714659
2015_1207_1459,0.63047756
2015_1207_1461,0.600973847
2015_1207_1462,0.55832574
2015_1208_1209,0.440177707
2015_1208_1211,0.246250723
2015_1208_1214,0.849843299
2015_1208_1217,0.547016164
2015_1208_1231,0.544002646
2015_1208_1234,0.433551567
2015_1208_1235,0.296015369
2015_1208_1242,0.320356966
2015_1208_1246,0.105116659
2015_1208_1248,0.666421353
2015_1208_1257,0.347224006
2015_1208_1261,0.560439869
2015_1208_1264,0.717671754
2015_1208_1268,0.373865445
2015_1208_1277,0.412824178
2015_1208_1279,0.544571119
2015_1208_1295,0.598735787
2015_1208_1301,0.519730151
2015_1208_1308,0.531923922
2015_1208_1314,0.391178006
2015_1208_1316,0.625946632
2015_1208_1318,0.60068763
2015_1208_1320,0.207941825
2015_1208_1323,0.250502733
2015_1208_1326,0.338896326
2015_1208_1328,0.359124618
2015_1208_1329,0.569035959
2015_1208_1332,0.501624785
2015_1208_1344,0.482089706
2015_1208_1345,0.492667156
2015_1208_1352,0.704947587
2015_1208_1361,0.341348211
2015_1208_1372,0.362511111
2015_1208_1374,0.321681103
2015_1208_1385,0.511875044
2015_1208_1400,0.493958765
2015_1208_1411,0.693980101
2015_1208_1412,0.667688917
2015_1208_1414,0.645682797
2015_1208_1417,0.527517453
2015_1208_1428,0.303197046
2015_1208_1433,0.407078593
2015_1208_1434,0.441800763
2015_1208_1437,0.183913221
2015_1208_1438,0.146609786
2015_1208_1452,0.514720137
2015_1208_1455,0.312792022
2015_1208_1458,0.131958195
2015_1208_1459,0.510765734
2015_1208_1461,0.506293838
2015_1208_1462,0.471639925
2015_1209_1211,0.273691089
2015_1209_1214,0.876961488
2015_1209_1217,0.629721233
2015_1209_1231,0.651620449
2015_1209_1234,0.492657474
2015_1209_1235,0.416711688
2015_1209_1242,0.411789513
2015_1209_1246,0.143131202
2015_1209_1248,0.722015738
2015_1209_1257,0.561677567
2015_1209_1261,0.677844873
2015_1209_1264,0.8331856
2015_1209_1268,0.411943081
2015_1209_1277,0.461290844
2015_1209_1279,0.604831504
2015_1209_1295,0.581782826
2015_1209_1301,0.574178277
2015_1209_1308,0.729369859
2015_1209_1314,0.406761618
2015_1209_1316,0.751450876
2015_1209_1318,0.707838995
2015_1209_1320,0.23298952
2015_1209_1323,0.339630375
2015_1209_1326,0.415837618
2015_1209_1328,0.500508871
2015_1209_1329,0.60864289
2015_1209_1332,0.634095721
2015_1209_1344,0.565463566
2015_1209_1345,0.681090176
2015_1209_1352,0.81643008
2015_1209_1361,0.479501285
2015_1209_1372,0.441246256
2015_1209_1374,0.420962276
2015_1209_1385,0.5971996
2015_1209_1400,0.540360756
2015_1209_1411,0.793388953
2015_1209_1412,0.805635185
2015_1209_1414,0.696317126
2015_1209_1417,0.593182872
2015_1209_1428,0.355727678
2015_1209_1433,0.453724706
2015_1209_1434,0.487437191
2015_1209_1437,0.219308874
2015_1209_1438,0.183040469
2015_1209_1452,0.576895409
2015_1209_1455,0.277590217
2015_1209_1458,0.294565281
2015_1209_1459,0.554099023
2015_1209_1461,0.7181751
2015_1209_1462,0.585824023
2015_1211_1214,0.956926611
2015_1211_1217,0.821984441
2015_1211_1231,0.843359813
2015_1211_1234,0.739646802
2015_1211_1235,0.645530476
2015_1211_1242,0.618550946
2015_1211_1246,0.294709054
2015_1211_1248,0.911762902
2015_1211_1257,0.737049535
2015_1211_1261,0.854491987
2015_1211_1264,0.917242912
2015_1211_1268,0.689603618
2015_1211_1277,0.697216462
2015_1211_1279,0.814806729
2015_1211_1295,0.895161786
2015_1211_1301,0.795388967
2015_1211_1308,0.880402402
2015_1211_1314,0.649576314
2015_1211_1316,0.881997491
2015_1211_1318,0.895241167
2015_1211_1320,0.528558436
2015_1211_1323,0.643926882
2015_1211_1326,0.63390264
2015_1211_1328,0.675203945
2015_1211_1329,0.858124864
2015_1211_1332,0.7891376
2015_1211_1344,0.747979527
2015_1211_1345,0.84558956
2015_1211_1352,0.918537412
2015_1211_1361,0.772494626
2015_1211_1372,0.643373705
2015_1211_1374,0.708460313
2015_1211_1385,0.784004274
2015_1211_1400,0.805478349
2015_1211_1411,0.899153106
2015_1211_1412,0.900010621
2015_1211_1414,0.891219854
2015_1211_1417,0.803903807
2015_1211_1428,0.635733904
2015_1211_1433,0.70169791
2015_1211_1434,0.762020457
2015_1211_1437,0.52885613
2015_1211_1438,0.438975973
2015_1211_1452,0.807404679
2015_1211_1455,0.678627577
2015_1211_1458,0.477359804
2015_1211_1459,0.83489979
2015_1211_1461,0.852426313
2015_1211_1462,0.785338491
2015_1214_1217,0.163025635
2015_1214_1231,0.218993952
2015_1214_1234,0.127095169
2015_1214_1235,0.065560025
2015_1214_1242,0.080154953
2015_1214_1246,0.016817568
2015_1214_1248,0.306301515
2015_1214_1257,0.108552457
2015_1214_1261,0.177234478
2015_1214_1264,0.337535709
2015_1214_1268,0.101895261
2015_1214_1277,0.127634556
2015_1214_1279,0.180461477
2015_1214_1295,0.291773979
2015_1214_1301,0.185130151
2015_1214_1308,0.177486327
2015_1214_1314,0.111113801
2015_1214_1316,0.272642203
2015_1214_1318,0.236612578
2015_1214_1320,0.030102521
2015_1214_1323,0.065306152
2015_1214_1326,0.076834334
2015_1214_1328,0.087612413
2015_1214_1329,0.230010942
2015_1214_1332,0.152777457
2015_1214_1344,0.133612753
2015_1214_1345,0.185778409
2015_1214_1352,0.351332258
2015_1214_1361,0.188356187
2015_1214_1372,0.068338861
2015_1214_1374,0.06679834
2015_1214_1385,0.15481087
2015_1214_1400,0.156541252
2015_1214_1411,0.306730307
2015_1214_1412,0.309697638
2015_1214_1414,0.277496827
2015_1214_1417,0.163407598
2015_1214_1428,0.065969928
2015_1214_1433,0.093756445
2015_1214_1434,0.124720641
2015_1214_1437,0.033248818
2015_1214_1438,0.019495811
2015_1214_1452,0.122705888
2015_1214_1455,0.088952644
2015_1214_1458,0.029352549
2015_1214_1459,0.214701083
2015_1214_1461,0.078672566
2015_1214_1462,0.156239063
2015_1217_1231,0.511690272
2015_1217_1234,0.388455102
2015_1217_1235,0.283476207
2015_1217_1242,0.293068629
2015_1217_1246,0.081792864
2015_1217_1248,0.624411198
2015_1217_1257,0.39719146
2015_1217_1261,0.484085599
2015_1217_1264,0.730090129
2015_1217_1268,0.3311226
2015_1217_1277,0.344883475
2015_1217_1279,0.510714898
2015_1217_1295,0.557566314
2015_1217_1301,0.469139308
2015_1217_1308,0.535309466
2015_1217_1314,0.321189377
2015_1217_1316,0.634141006
2015_1217_1318,0.551059521
2015_1217_1320,0.224127721
2015_1217_1323,0.278882763
2015_1217_1326,0.283411925
2015_1217_1328,0.362384052
2015_1217_1329,0.555123614
2015_1217_1332,0.492473378
2015_1217_1344,0.427765001
2015_1217_1345,0.550032642
2015_1217_1352,0.713179785
2015_1217_1361,0.394398076
2015_1217_1372,0.341011156
2015_1217_1374,0.256540039
2015_1217_1385,0.496363333
2015_1217_1400,0.440597383
2015_1217_1411,0.66352776
2015_1217_1412,0.681789896
2015_1217_1414,0.566935038
2015_1217_1417,0.510271421
2015_1217_1428,0.240457658
2015_1217_1433,0.38471375
2015_1217_1434,0.351352943
2015_1217_1437,0.155671527
2015_1217_1438,0.166080884
2015_1217_1452,0.489852747
2015_1217_1455,0.278171291
2015_1217_1458,0.18187964
2015_1217_1459,0.494921756
2015_1217_1461,0.524849244
2015_1217_1462,0.430011282
2015_1231_1234,0.381054501
2015_1231_1235,0.291728816
2015_1231_1242,0.241105602
2015_1231_1246,0.057683607
2015_1231_1248,0.647920461
2015_1231_1257,0.25733897
2015_1231_1261,0.416790828
2015_1231_1264,0.624081159
2015_1231_1268,0.344746197
2015_1231_1277,0.317923802
2015_1231_1279,0.536392814
2015_1231_1295,0.610012117
2015_1231_1301,0.43340288
2015_1231_1308,0.400234619
2015_1231_1314,0.239652325
2015_1231_1316,0.582105441
2015_1231_1318,0.517341437
2015_1231_1320,0.279456492
2015_1231_1323,0.1982373
2015_1231_1326,0.301916653
2015_1231_1328,0.360608712
2015_1231_1329,0.481680547
2015_1231_1332,0.481532511
2015_1231_1344,0.420622166
2015_1231_1345,0.42034412
2015_1231_1352,0.69297997
2015_1231_1361,0.332550189
2015_1231_1372,0.286423708
2015_1231_1374,0.266885592
2015_1231_1385,0.498783318
2015_1231_1400,0.426458882
2015_1231_1411,0.632593371
2015_1231_1412,0.62170082
2015_1231_1414,0.548058016
2015_1231_1417,0.552815168
2015_1231_1428,0.20774774
2015_1231_1433,0.418029459
2015_1231_1434,0.408858171
2015_1231_1437,0.130232523
2015_1231_1438,0.178028593
2015_1231_1452,0.42810427
2015_1231_1455,0.23187947
2015_1231_1458,0.170850876
2015_1231_1459,0.37301142
2015_1231_1461,0.428989329
2015_1231_1462,0.42235792
2015_1234_1235,0.401276042
2015_1234_1242,0.409227206
2015_1234_1246,0.139657313
2015_1234_1248,0.706432568
2015_1234_1257,0.528453917
2015_1234_1261,0.626132402
2015_1234_1264,0.821140337
2015_1234_1268,0.429919083
2015_1234_1277,0.445958191
2015_1234_1279,0.645101969
2015_1234_1295,0.590764002
2015_1234_1301,0.569396725
2015_1234_1308,0.672533581
2015_1234_1314,0.370699953
2015_1234_1316,0.726161304
2015_1234_1318,0.65784186
2015_1234_1320,0.237593821
2015_1234_1323,0.31125269
2015_1234_1326,0.38742439
2015_1234_1328,0.482501289
2015_1234_1329,0.617823347
2015_1234_1332,0.608784815
2015_1234_1344,0.551753411
2015_1234_1345,0.67826922
2015_1234_1352,0.8049157
2015_1234_1361,0.449312046
2015_1234_1372,0.416880522
2015_1234_1374,0.432135497
2015_1234_1385,0.582711555
2015_1234_1400,0.555035752
2015_1234_1411,0.76042619
2015_1234_1412,0.779607227
2015_1234_1414,0.678130437
2015_1234_1417,0.596860343
2015_1234_1428,0.358972359
2015_1234_1433,0.453575855
2015_1234_1434,0.495383323
2015_1234_1437,0.220513038
2015_1234_1438,0.178504863
2015_1234_1452,0.566942333
2015_1234_1455,0.276746759
2015_1234_1458,0.274119009
2015_1234_1459,0.520196709
2015_1234_1461,0.70177882
2015_1234_1462,0.565016747
2015_1235_1242,0.518567054
2015_1235_1246,0.192661513
2015_1235_1248,0.784621528
2015_1235_1257,0.595075862
2015_1235_1261,0.647986567
2015_1235_1264,0.869563047
2015_1235_1268,0.529477259
2015_1235_1277,0.504456952
2015_1235_1279,0.741792458
2015_1235_1295,0.808426212
2015_1235_1301,0.638307075
2015_1235_1308,0.710741868
2015_1235_1314,0.526261064
2015_1235_1316,0.796829544
2015_1235_1318,0.793860728
2015_1235_1320,0.493342778
2015_1235_1323,0.442675242
2015_1235_1326,0.536854665
2015_1235_1328,0.591311686
2015_1235_1329,0.754032715
2015_1235_1332,0.700139467
2015_1235_1344,0.6962388
2015_1235_1345,0.729835151
2015_1235_1352,0.862221233
2015_1235_1361,0.547135287
2015_1235_1372,0.549488953
2015_1235_1374,0.484924471
2015_1235_1385,0.716522786
2015_1235_1400,0.673997673
2015_1235_1411,0.864372381
2015_1235_1412,0.845937036
2015_1235_1414,0.778040477
2015_1235_1417,0.743214113
2015_1235_1428,0.400379589
2015_1235_1433,0.612308423
2015_1235_1434,0.593038521
2015_1235_1437,0.328977148
2015_1235_1438,0.437820697
2015_1235_1452,0.710804533
2015_1235_1455,0.511452417
2015_1235_1458,0.464679781
2015_1235_1459,0.804722632
2015_1235_1461,0.648526719
2015_1235_1462,0.676083546
2015_1242_1246,0.188677189
2015_1242_1248,0.810074996
2015_1242_1257,0.5218112
2015_1242_1261,0.712345126
2015_1242_1264,0.847181876
2015_1242_1268,0.540865462
2015_1242_1277,0.567979002
2015_1242_1279,0.735458057
2015_1242_1295,0.785814929
2015_1242_1301,0.670943687
2015_1242_1308,0.721861499
2015_1242_1314,0.502707408
2015_1242_1316,0.810627542
2015_1242_1318,0.754194364
2015_1242_1320,0.474685629
2015_1242_1323,0.407677852
2015_1242_1326,0.524355429
2015_1242_1328,0.601272692
2015_1242_1329,0.70843501
2015_1242_1332,0.732999564
2015_1242_1344,0.656061785
2015_1242_1345,0.675100247
2015_1242_1352,0.867033098
2015_1242_1361,0.610496643
2015_1242_1372,0.567795253
2015_1242_1374,0.488119311
2015_1242_1385,0.712048432
2015_1242_1400,0.660872516
2015_1242_1411,0.836130429
2015_1242_1412,0.834106091
2015_1242_1414,0.788096325
2015_1242_1417,0.731606842
2015_1242_1428,0.454937119
2015_1242_1433,0.620263806
2015_1242_1434,0.651454088
2015_1242_1437,0.309697658
2015_1242_1438,0.372520176
2015_1242_1452,0.674413241
2015_1242_1455,0.474331045
2015_1242_1458,0.353611165
2015_1242_1459,0.622557976
2015_1242_1461,0.644142268
2015_1242_1462,0.675734315
2015_1246_1248,0.959400933
2015_1246_1257,0.88869798
2015_1246_1261,0.922459365
2015_1246_1264,0.978020388
2015_1246_1268,0.835333482
2015_1246_1277,0.852580188
2015_1246_1279,0.931015115
2015_1246_1295,0.925697763
2015_1246_1301,0.906057996
2015_1246_1308,0.943816783
2015_1246_1314,0.787308154
2015_1246_1316,0.966174516
2015_1246_1318,0.937142165
2015_1246_1320,0.699433663
2015_1246_1323,0.752877181
2015_1246_1326,0.803504895
2015_1246_1328,0.854168398
2015_1246_1329,0.925197178
2015_1246_1332,0.923296468
2015_1246_1344,0.883735252
2015_1246_1345,0.942807858
2015_1246_1352,0.975999796
2015_1246_1361,0.844509679
2015_1246_1372,0.865518122
2015_1246_1374,0.806213756
2015_1246_1385,0.914917912
2015_1246_1400,0.882331378
2015_1246_1411,0.962902007
2015_1246_1412,0.968559652
2015_1246_1414,0.942900243
2015_1246_1417,0.918305156
2015_1246_1428,0.829398382
2015_1246_1433,0.870901143
2015_1246_1434,0.859462043
2015_1246_1437,0.677654873
2015_1246_1438,0.570802821
2015_1246_1452,0.907654104
2015_1246_1455,0.752079517
2015_1246_1458,0.637354612
2015_1246_1459,0.897498601
2015_1246_1461,0.951189349
2015_1246_1462,0.900074716
2015_1248_1257,0.262135326
2015_1248_1261,0.379004146
2015_1248_1264,0.569471947
2015_1248_1268,0.229574125
2015_1248_1277,0.202650895
2015_1248_1279,0.412451212
2015_1248_1295,0.364000414
2015_1248_1301,0.322631418
2015_1248_1308,0.388306961
2015_1248_1314,0.147482998
2015_1248_1316,0.444681805
2015_1248_1318,0.4481263
2015_1248_1320,0.093933863
2015_1248_1323,0.132405993
2015_1248_1326,0.185464255
2015_1248_1328,0.262640889
2015_1248_1329,0.369599695
2015_1248_1332,0.359624782
2015_1248_1344,0.324960101
2015_1248_1345,0.414485857
2015_1248_1352,0.578573511
2015_1248_1361,0.228003434
2015_1248_1372,0.146382974
2015_1248_1374,0.240517312
2015_1248_1385,0.335729066
2015_1248_1400,0.338526723
2015_1248_1411,0.542417144
2015_1248_1412,0.546401141
2015_1248_1414,0.434535604
2015_1248_1417,0.378470129
2015_1248_1428,0.129331694
2015_1248_1433,0.226769675
2015_1248_1434,0.284227183
2015_1248_1437,0.075891206
2015_1248_1438,0.066755881
2015_1248_1452,0.312163366
2015_1248_1455,0.102711026
2015_1248_1458,0.128273862
2015_1248_1459,0.25268742
2015_1248_1461,0.475772725
2015_1248_1462,0.344588222
2015_1257_1261,0.653502106
2015_1257_1264,0.816974834
2015_1257_1268,0.432117871
2015_1257_1277,0.447560731
2015_1257_1279,0.683860996
2015_1257_1295,0.742978916
2015_1257_1301,0.565082843
2015_1257_1308,0.624641192
2015_1257_1314,0.48459457
2015_1257_1316,0.807764826
2015_1257_1318,0.724856969
2015_1257_1320,0.36765007
2015_1257_1323,0.36279114
2015_1257_1326,0.494269662
2015_1257_1328,0.486485455
2015_1257_1329,0.670466385
2015_1257_1332,0.615358309
2015_1257_1344,0.618709675
2015_1257_1345,0.640990914
2015_1257_1352,0.849103101
2015_1257_1361,0.565516131
2015_1257_1372,0.529198528
2015_1257_1374,0.350592707
2015_1257_1385,0.66744622
2015_1257_1400,0.584763752
2015_1257_1411,0.829209064
2015_1257_1412,0.819483537
2015_1257_1414,0.736069214
2015_1257_1417,0.679565869
2015_1257_1428,0.343376761
2015_1257_1433,0.573092696
2015_1257_1434,0.516044888
2015_1257_1437,0.297886569
2015_1257_1438,0.252085334
2015_1257_1452,0.62115506
2015_1257_1455,0.445094178
2015_1257_1458,0.298315651
2015_1257_1459,0.663073491
2015_1257_1461,0.685524948
2015_1257_1462,0.631274783
2015_1261_1264,0.745782551
2015_1261_1268,0.346651227
2015_1261_1277,0.334233094
2015_1261_1279,0.495875796
2015_1261_1295,0.672614875
2015_1261_1301,0.450972128
2015_1261_1308,0.554489671
2015_1261_1314,0.320264995
2015_1261_1316,0.66825304
2015_1261_1318,0.466519172
2015_1261_1320,0.159512409
2015_1261_1323,0.232717398
2015_1261_1326,0.277543463
2015_1261_1328,0.382737757
2015_1261_1329,0.493308355
2015_1261_1332,0.4978369
2015_1261_1344,0.400202369
2015_1261_1345,0.490253785
2015_1261_1352,0.710498336
2015_1261_1361,0.428850331
2015_1261_1372,0.313849982
2015_1261_1374,0.305746031
2015_1261_1385,0.479222353
2015_1261_1400,0.307049347
2015_1261_1411,0.666025658
2015_1261_1412,0.677726574
2015_1261_1414,0.451094744
2015_1261_1417,0.492198639
2015_1261_1428,0.213509786
2015_1261_1433,0.377926174
2015_1261_1434,0.416964072
2015_1261_1437,0.168497917
2015_1261_1438,0.099375406
2015_1261_1452,0.51228343
2015_1261_1455,0.30336269
2015_1261_1458,0.39481292
2015_1261_1459,0.429549586
2015_1261_1461,0.501913476
2015_1261_1462,0.442887615
2015_1264_1268,0.161275064
2015_1264_1277,0.197483158
2015_1264_1279,0.322624362
2015_1264_1295,0.437582495
2015_1264_1301,0.26068375
2015_1264_1308,0.228393013
2015_1264_1314,0.136046235
2015_1264_1316,0.440772606
2015_1264_1318,0.359230213
2015_1264_1320,0.225502717
2015_1264_1323,0.097103305
2015_1264_1326,0.158221927
2015_1264_1328,0.217765711
2015_1264_1329,0.335948405
2015_1264_1332,0.3395185
2015_1264_1344,0.242767014
2015_1264_1345,0.316014986
2015_1264_1352,0.530046924
2015_1264_1361,0.239945297
2015_1264_1372,0.151353841
2015_1264_1374,0.093819337
2015_1264_1385,0.291960591
2015_1264_1400,0.270373759
2015_1264_1411,0.465077744
2015_1264_1412,0.457395531
2015_1264_1414,0.424520516
2015_1264_1417,0.321589783
2015_1264_1428,0.103189379
2015_1264_1433,0.207246279
2015_1264_1434,0.227055607
2015_1264_1437,0.070797963
2015_1264_1438,0.146273903
2015_1264_1452,0.225762085
2015_1264_1455,0.138463753
2015_1264_1458,0.212852492
2015_1264_1459,0.361026377
2015_1264_1461,0.199183684
2015_1264_1462,0.269733001
2015_1268_1277,0.513967807
2015_1268_1279,0.73496726
2015_1268_1295,0.678463525
2015_1268_1301,0.628577647
2015_1268_1308,0.673238448
2015_1268_1314,0.418006701
2015_1268_1316,0.750631242
2015_1268_1318,0.686139803
2015_1268_1320,0.301813631
2015_1268_1323,0.355229011
2015_1268_1326,0.445896157
2015_1268_1328,0.536308984
2015_1268_1329,0.678639185
2015_1268_1332,0.657985959
2015_1268_1344,0.609425159
2015_1268_1345,0.73807408
2015_1268_1352,0.843008038
2015_1268_1361,0.501890238
2015_1268_1372,0.455147737
2015_1268_1374,0.524324502
2015_1268_1385,0.646557728
2015_1268_1400,0.629901935
2015_1268_1411,0.784357017
2015_1268_1412,0.808086888
2015_1268_1414,0.723260821
2015_1268_1417,0.686568045
2015_1268_1428,0.416776963
2015_1268_1433,0.528385529
2015_1268_1434,0.569509531
2015_1268_1437,0.263740082
2015_1268_1438,0.231207743
2015_1268_1452,0.617613038
2015_1268_1455,0.341049638
2015_1268_1458,0.317212659
2015_1268_1459,0.560405172
2015_1268_1461,0.766710993
2015_1268_1462,0.629348666
2015_1277_1279,0.679308627
2015_1277_1295,0.677465839
2015_1277_1301,0.611797469
2015_1277_1308,0.678490848
2015_1277_1314,0.39452484
2015_1277_1316,0.757354696
2015_1277_1318,0.717817828
2015_1277_1320,0.304929468
2015_1277_1323,0.391562724
2015_1277_1326,0.468335319
2015_1277_1328,0.539098375
2015_1277_1329,0.636080828
2015_1277_1332,0.655229673
2015_1277_1344,0.578145004
2015_1277_1345,0.701961271
2015_1277_1352,0.83582417
2015_1277_1361,0.514982421
2015_1277_1372,0.414611098
2015_1277_1374,0.493200727
2015_1277_1385,0.638155975
2015_1277_1400,0.593322868
2015_1277_1411,0.786783775
2015_1277_1412,0.80331136
2015_1277_1414,0.712011358
2015_1277_1417,0.676673033
2015_1277_1428,0.390453031
2015_1277_1433,0.518872833
2015_1277_1434,0.554492526
2015_1277_1437,0.26412526
2015_1277_1438,0.224483088
2015_1277_1452,0.575495418
2015_1277_1455,0.32323506
2015_1277_1458,0.347714473
2015_1277_1459,0.553650278
2015_1277_1461,0.771205884
2015_1277_1462,0.624320143
2015_1279_1295,0.502148117
2015_1279_1301,0.428025403
2015_1279_1308,0.444321526
2015_1279_1314,0.325860672
2015_1279_1316,0.553833241
2015_1279_1318,0.495305672
2015_1279_1320,0.257055051
2015_1279_1323,0.175248348
2015_1279_1326,0.320376315
2015_1279_1328,0.32871277
2015_1279_1329,0.465486933
2015_1279_1332,0.457493991
2015_1279_1344,0.460073888
2015_1279_1345,0.448884266
2015_1279_1352,0.674232272
2015_1279_1361,0.346614138
2015_1279_1372,0.320964637
2015_1279_1374,0.24849701
2015_1279_1385,0.495192511
2015_1279_1400,0.39325705
2015_1279_1411,0.655784763
2015_1279_1412,0.642709171
2015_1279_1414,0.537084906
2015_1279_1417,0.511387601
2015_1279_1428,0.173231867
2015_1279_1433,0.365280269
2015_1279_1434,0.344102443
2015_1279_1437,0.108611622
2015_1279_1438,0.224076999
2015_1279_1452,0.451024139
2015_1279_1455,0.224425426
2015_1279_1458,0.19072478
2015_1279_1459,0.36691564
2015_1279_1461,0.405791162
2015_1279_1462,0.440658705
2015_1295_1301,0.452277854
2015_1295_1308,0.374849679
2015_1295_1314,0.278472226
2015_1295_1316,0.50738607
2015_1295_1318,0.475836325
2015_1295_1320,0.212886897
2015_1295_1323,0.207156989
2015_1295_1326,0.253655302
2015_1295_1328,0.245045895
2015_1295_1329,0.504964225
2015_1295_1332,0.338379692
2015_1295_1344,0.392027932
2015_1295_1345,0.400993086
2015_1295_1352,0.646250325
2015_1295_1361,0.453322388
2015_1295_1372,0.186998541
2015_1295_1374,0.250680043
2015_1295_1385,0.380397553
2015_1295_1400,0.399431352
2015_1295_1411,0.586129412
2015_1295_1412,0.605119051
2015_1295_1414,0.495249187
2015_1295_1417,0.430663463
2015_1295_1428,0.244010414
2015_1295_1433,0.262977125
2015_1295_1434,0.297291622
2015_1295_1437,0.128779515
2015_1295_1438,0.170448277
2015_1295_1452,0.331165567
2015_1295_1455,0.252731142
2015_1295_1458,0.051788971
2015_1295_1459,0.403657918
2015_1295_1461,0.491356771
2015_1295_1462,0.385557096
2015_1301_1308,0.562757717
2015_1301_1314,0.280181404
2015_1301_1316,0.658736004
2015_1301_1318,0.592291693
2015_1301_1320,0.202986296
2015_1301_1323,0.267826482
2015_1301_1326,0.337183808
2015_1301_1328,0.424403775
2015_1301_1329,0.54533403
2015_1301_1332,0.545585858
2015_1301_1344,0.463357225
2015_1301_1345,0.588908275
2015_1301_1352,0.75053388
2015_1301_1361,0.384242942
2015_1301_1372,0.315229302
2015_1301_1374,0.360638284
2015_1301_1385,0.514657782
2015_1301_1400,0.485626202
2015_1301_1411,0.683332101
2015_1301_1412,0.705397723
2015_1301_1414,0.618281852
2015_1301_1417,0.541801801
2015_1301_1428,0.287045768
2015_1301_1433,0.401165519
2015_1301_1434,0.444865106
2015_1301_1437,0.180058957
2015_1301_1438,0.139705723
2015_1301_1452,0.481808647
2015_1301_1455,0.22470326
2015_1301_1458,0.236900629
2015_1301_1459,0.440462544
2015_1301_1461,0.642127966
2015_1301_1462,0.498533541
2015_1308_1314,0.308831826
2015_1308_1316,0.731146567
2015_1308_1318,0.58479794
2015_1308_1320,0.254496071
2015_1308_1323,0.25786622
2015_1308_1326,0.286839337
2015_1308_1328,0.339662609
2015_1308_1329,0.542370909
2015_1308_1332,0.488111339
2015_1308_1344,0.410279738
2015_1308_1345,0.528052871
2015_1308_1352,0.756825132
2015_1308_1361,0.288580259
2015_1308_1372,0.354141063
2015_1308_1374,0.206188313
2015_1308_1385,0.483855978
2015_1308_1400,0.476459658
2015_1308_1411,0.657692642
2015_1308_1412,0.706579479
2015_1308_1414,0.613458699
2015_1308_1417,0.492380544
2015_1308_1428,0.237537116
2015_1308_1433,0.409455049
2015_1308_1434,0.479005682
2015_1308_1437,0.214532979
2015_1308_1438,0.139087012
2015_1308_1452,0.4844852
2015_1308_1455,0.281264776
2015_1308_1458,0.178528818
2015_1308_1459,0.455245379
2015_1308_1461,0.515828348
2015_1308_1462,0.406519237
2015_1314_1316,0.827768996
2015_1314_1318,0.77751178
2015_1314_1320,0.425912235
2015_1314_1323,0.470623462
2015_1314_1326,0.470011302
2015_1314_1328,0.493591117
2015_1314_1329,0.740708945
2015_1314_1332,0.62235447
2015_1314_1344,0.591325838
2015_1314_1345,0.613693426
2015_1314_1352,0.856475433
2015_1314_1361,0.575192601
2015_1314_1372,0.525044927
2015_1314_1374,0.340905069
2015_1314_1385,0.670935086
2015_1314_1400,0.601378472
2015_1314_1411,0.819564793
2015_1314_1412,0.837199232
2015_1314_1414,0.774487653
2015_1314_1417,0.666832241
2015_1314_1428,0.451129697
2015_1314_1433,0.568654092
2015_1314_1434,0.539720796
2015_1314_1437,0.332851571
2015_1314_1438,0.326123037
2015_1314_1452,0.615127786
2015_1314_1455,0.442707352
2015_1314_1458,0.418084982
2015_1314_1459,0.740226384
2015_1314_1461,0.721987282
2015_1314_1462,0.644044891
2015_1316_1318,0.391490733
2015_1316_1320,0.238309893
2015_1316_1323,0.127088751
2015_1316_1326,0.228789237
2015_1316_1328,0.2421365
2015_1316_1329,0.394112099
2015_1316_1332,0.356517373
2015_1316_1344,0.334777638
2015_1316_1345,0.337172178
2015_1316_1352,0.596737157
2015_1316_1361,0.229735198
2015_1316_1372,0.21593498
2015_1316_1374,0.160294678
2015_1316_1385,0.397919129
2015_1316_1400,0.322368355
2015_1316_1411,0.530944726
2015_1316_1412,0.524406296
2015_1316_1414,0.436654051
2015_1316_1417,0.446982647
2015_1316_1428,0.137039524
2015_1316_1433,0.320878309
2015_1316_1434,0.293110262
2015_1316_1437,0.093916579
2015_1316_1438,0.150458628
2015_1316_1452,0.334500951
2015_1316_1455,0.167880673
2015_1316_1458,0.139536774
2015_1316_1459,0.261869532
2015_1316_1461,0.322874215
2015_1316_1462,0.334683133
2015_1318_1320,0.252575767
2015_1318_1323,0.16579405
2015_1318_1326,0.206242059
2015_1318_1328,0.285115851
2015_1318_1329,0.439837793
2015_1318_1332,0.411417448
2015_1318_1344,0.358285466
2015_1318_1345,0.42740541
2015_1318_1352,0.662895866
2015_1318_1361,0.230837897
2015_1318_1372,0.255045
2015_1318_1374,0.219359849
2015_1318_1385,0.415335134
2015_1318_1400,0.369256231
2015_1318_1411,0.610511378
2015_1318_1412,0.63072212
2015_1318_1414,0.504656012
2015_1318_1417,0.43982182
2015_1318_1428,0.229046119
2015_1318_1433,0.328691817
2015_1318_1434,0.319532395
2015_1318_1437,0.121402398
2015_1318_1438,0.164777854
2015_1318_1452,0.366189337
2015_1318_1455,0.221193648
2015_1318_1458,0.116512702
2015_1318_1459,0.389918146
2015_1318_1461,0.39820823
2015_1318_1462,0.376482902
2015_1320_1323,0.522303282
2015_1320_1326,0.627387095
2015_1320_1328,0.615080418
2015_1320_1329,0.820850741
2015_1320_1332,0.746798073
2015_1320_1344,0.78499852
2015_1320_1345,0.787810121
2015_1320_1352,0.842965876
2015_1320_1361,0.635111243
2015_1320_1372,0.596534698
2015_1320_1374,0.603829456
2015_1320_1385,0.766970575
2015_1320_1400,0.656148415
2015_1320_1411,0.911454637
2015_1320_1412,0.814861208
2015_1320_1414,0.746846649
2015_1320_1417,0.806596837
2015_1320_1428,0.554665526
2015_1320_1433,0.667013632
2015_1320_1434,0.535823589
2015_1320_1437,0.324980893
2015_1320_1438,0.393476489
2015_1320_1452,0.834688484
2015_1320_1455,0.525706863
2015_1320_1458,0.998560128
2015_1320_1459,0.930970536
2015_1320_1461,0.563325
2015_1320_1462,0.704902896
2015_1323_1326,0.574676425
2015_1323_1328,0.611649589
2015_1323_1329,0.77669259
2015_1323_1332,0.725369576
2015_1323_1344,0.732403429
2015_1323_1345,0.779804737
2015_1323_1352,0.914175932
2015_1323_1361,0.621664838
2015_1323_1372,0.587813467
2015_1323_1374,0.555353684
2015_1323_1385,0.748830301
2015_1323_1400,0.732622837
2015_1323_1411,0.890561117
2015_1323_1412,0.894559127
2015_1323_1414,0.827764858
2015_1323_1417,0.77824065
2015_1323_1428,0.4931872
2015_1323_1433,0.671187326
2015_1323_1434,0.691147288
2015_1323_1437,0.357426492
2015_1323_1438,0.339252508
2015_1323_1452,0.722239928
2015_1323_1455,0.476359706
2015_1323_1458,0.46806298
2015_1323_1459,0.636181993
2015_1323_1461,0.877310667
2015_1323_1462,0.75050563
2015_1326_1328,0.524312742
2015_1326_1329,0.719480924
2015_1326_1332,0.651646432
2015_1326_1344,0.646119134
2015_1326_1345,0.647262858
2015_1326_1352,0.83058471
2015_1326_1361,0.531097945
2015_1326_1372,0.506611076
2015_1326_1374,0.479573721
2015_1326_1385,0.656274334
2015_1326_1400,0.646815212
2015_1326_1411,0.843400364
2015_1326_1412,0.811138493
2015_1326_1414,0.767802291
2015_1326_1417,0.677896389
2015_1326_1428,0.423633806
2015_1326_1433,0.556005535
2015_1326_1434,0.598645175
2015_1326_1437,0.318048224
2015_1326_1438,0.263483668
2015_1326_1452,0.679361699
2015_1326_1455,0.448775658
2015_1326_1458,0.259057318
2015_1326_1459,0.662755284
2015_1326_1461,0.690381607
2015_1326_1462,0.638051825
2015_1328_1329,0.658742425
2015_1328_1332,0.612081047
2015_1328_1344,0.617255437
2015_1328_1345,0.653007284
2015_1328_1352,0.824143288
2015_1328_1361,0.517719757
2015_1328_1372,0.460142157
2015_1328_1374,0.442073359
2015_1328_1385,0.618605584
2015_1328_1400,0.588131718
2015_1328_1411,0.819900576
2015_1328_1412,0.79536845
2015_1328_1414,0.71170803
2015_1328_1417,0.645218474
2015_1328_1428,0.317428657
2015_1328_1433,0.516990609
2015_1328_1434,0.563303182
2015_1328_1437,0.275585887
2015_1328_1438,0.275350337
2015_1328_1452,0.651700699
2015_1328_1455,0.463067833
2015_1328_1458,0.298704143
2015_1328_1459,0.673595333
2015_1328_1461,0.565825607
2015_1328_1462,0.570737987
2015_1329_1332,0.462102945
2015_1329_1344,0.411664558
2015_1329_1345,0.494147183
2015_1329_1352,0.722036744
2015_1329_1361,0.350576473
2015_1329_1372,0.269199402
2015_1329_1374,0.295947459
2015_1329_1385,0.454868726
2015_1329_1400,0.454609308
2015_1329_1411,0.646969442
2015_1329_1412,0.671472839
2015_1329_1414,0.59785713
2015_1329_1417,0.493103689
2015_1329_1428,0.210327271
2015_1329_1433,0.338451051
2015_1329_1434,0.398417506
2015_1329_1437,0.111288924
2015_1329_1438,0.124898616
2015_1329_1452,0.357179083
2015_1329_1455,0.196478181
2015_1329_1458,0.192396973
2015_1329_1459,0.362478595
2015_1329_1461,0.638619847
2015_1329_1462,0.466524638
2015_1332_1344,0.476079055
2015_1332_1345,0.520827224
2015_1332_1352,0.727955236
2015_1332_1361,0.405912396
2015_1332_1372,0.317375877
2015_1332_1374,0.308485948
2015_1332_1385,0.504999049
2015_1332_1400,0.453557067
2015_1332_1411,0.712804413
2015_1332_1412,0.685487635
2015_1332_1414,0.59667529
2015_1332_1417,0.533568994
2015_1332_1428,0.204301557
2015_1332_1433,0.408142496
2015_1332_1434,0.436393805
2015_1332_1437,0.176484383
2015_1332_1438,0.166864285
2015_1332_1452,0.520199565
2015_1332_1455,0.343132719
2015_1332_1458,0.208467586
2015_1332_1459,0.537006995
2015_1332_1461,0.460985095
2015_1332_1462,0.43641615
2015_1344_1345,0.506201936
2015_1344_1352,0.727280068
2015_1344_1361,0.374638805
2015_1344_1372,0.393340551
2015_1344_1374,0.314370102
2015_1344_1385,0.528786908
2015_1344_1400,0.49684437
2015_1344_1411,0.729792576
2015_1344_1412,0.701947085
2015_1344_1414,0.666546131
2015_1344_1417,0.529790153
2015_1344_1428,0.318470026
2015_1344_1433,0.427206953
2015_1344_1434,0.448561468
2015_1344_1437,0.201719763
2015_1344_1438,0.148993678
2015_1344_1452,0.550628518
2015_1344_1455,0.326803483
2015_1344_1458,0.141310792
2015_1344_1459,0.54429695
2015_1344_1461,0.51886831
2015_1344_1462,0.483654046
2015_1345_1352,0.738758173
2015_1345_1361,0.42459424
2015_1345_1372,0.36269495
2015_1345_1374,0.240103478
2015_1345_1385,0.536957246
2015_1345_1400,0.432262139
2015_1345_1411,0.724676579
2015_1345_1412,0.707908839
2015_1345_1414,0.597729733
2015_1345_1417,0.548243983
2015_1345_1428,0.200478379
2015_1345_1433,0.414831925
2015_1345_1434,0.350050879
2015_1345_1437,0.155655217
2015_1345_1438,0.155202317
2015_1345_1452,0.484162365
2015_1345_1455,0.29893433
2015_1345_1458,0.187965452
2015_1345_1459,0.513594874
2015_1345_1461,0.559046268
2015_1345_1462,0.493840382
2015_1352_1361,0.173270842
2015_1352_1372,0.1533396
2015_1352_1374,0.112095166
2015_1352_1385,0.311510971
2015_1352_1400,0.23383562
2015_1352_1411,0.479912121
2015_1352_1412,0.460084206
2015_1352_1414,0.347454282
2015_1352_1417,0.339902964
2015_1352_1428,0.084695429
2015_1352_1433,0.211793067
2015_1352_1434,0.192865134
2015_1352_1437,0.05222119
2015_1352_1438,0.109488485
2015_1352_1452,0.235001545
2015_1352_1455,0.10500502
2015_1352_1458,0.099259817
2015_1352_1459,0.193712246
2015_1352_1461,0.243703059
2015_1352_1462,0.254940629
2015_1361_1372,0.461978214
2015_1361_1374,0.439308509
2015_1361_1385,0.59804355
2015_1361_1400,0.64662861
2015_1361_1411,0.841145348
2015_1361_1412,0.801193657
2015_1361_1414,0.75923675
2015_1361_1417,0.61643804
2015_1361_1428,0.479273472
2015_1361_1433,0.499872244
2015_1361_1434,0.588297321
2015_1361_1437,0.290401124
2015_1361_1438,0.306580162
2015_1361_1452,0.55292917
2015_1361_1455,0.256643484
2015_1361_1458,0.127511762
2015_1361_1459,0.605656231
2015_1361_1461,0.606927502
2015_1361_1462,0.572700995
2015_1372_1374,0.434614096
2015_1372_1385,0.668055793
2015_1372_1400,0.637300409
2015_1372_1411,0.813869407
2015_1372_1412,0.80019136
2015_1372_1414,0.772967177
2015_1372_1417,0.700365008
2015_1372_1428,0.369111653
2015_1372_1433,0.575134431
2015_1372_1434,0.619128705
2015_1372_1437,0.249260587
2015_1372_1438,0.271001409
2015_1372_1452,0.679396109
2015_1372_1455,0.458668421
2015_1372_1458,0.38279289
2015_1372_1459,0.653735965
2015_1372_1461,0.7223546
2015_1372_1462,0.602900146
2015_1374_1385,0.685446552
2015_1374_1400,0.65021063
2015_1374_1411,0.864592157
2015_1374_1412,0.885552323
2015_1374_1414,0.770433454
2015_1374_1417,0.68364324
2015_1374_1428,0.390790091
2015_1374_1433,0.563356869
2015_1374_1434,0.644773721
2015_1374_1437,0.337820595
2015_1374_1438,0.347561485
2015_1374_1452,0.710486936
2015_1374_1455,0.481086701
2015_1374_1458,0.343486005
2015_1374_1459,0.674682406
2015_1374_1461,0.707050325
2015_1374_1462,0.685544654
2015_1385_1400,0.453558052
2015_1385_1411,0.684537879
2015_1385_1412,0.65450653
2015_1385_1414,0.590656126
2015_1385_1417,0.520397718
2015_1385_1428,0.220879742
2015_1385_1433,0.395315741
2015_1385_1434,0.434992958
2015_1385_1437,0.133871688
2015_1385_1438,0.165128822
2015_1385_1452,0.503924865
2015_1385_1455,0.27884472
2015_1385_1458,0.273181574
2015_1385_1459,0.448964884
2015_1385_1461,0.542983777
2015_1385_1462,0.440126671
2015_1400_1411,0.729207151
2015_1400_1412,0.738915414
2015_1400_1414,0.656588369
2015_1400_1417,0.562160139
2015_1400_1428,0.314592554
2015_1400_1433,0.417696541
2015_1400_1434,0.429400569
2015_1400_1437,0.166547818
2015_1400_1438,0.287192525
2015_1400_1452,0.481609017
2015_1400_1455,0.319938272
2015_1400_1458,0.188684659
2015_1400_1459,0.488139023
2015_1400_1461,0.529437149
2015_1400_1462,0.521682623
2015_1411_1412,0.48416377
2015_1411_1414,0.419595093
2015_1411_1417,0.322661555
2015_1411_1428,0.159410074
2015_1411_1433,0.236732022
2015_1411_1434,0.238837109
2015_1411_1437,0.085214925
2015_1411_1438,0.050487745
2015_1411_1452,0.302730816
2015_1411_1455,0.151391811
2015_1411_1458,0.051429451
2015_1411_1459,0.317024827
2015_1411_1461,0.294021468
2015_1411_1462,0.262298012
2015_1412_1414,0.393422285
2015_1412_1417,0.359380665
2015_1412_1428,0.114115239
2015_1412_1433,0.253991886
2015_1412_1434,0.222406675
2015_1412_1437,0.073223316
2015_1412_1438,0.122356665
2015_1412_1452,0.28619657
2015_1412_1455,0.131976437
2015_1412_1458,0.117223973
2015_1412_1459,0.239117719
2015_1412_1461,0.258767967
2015_1412_1462,0.277557081
2015_1414_1417,0.439470935
2015_1414_1428,0.20644656
2015_1414_1433,0.309238202
2015_1414_1434,0.315651168
2015_1414_1437,0.106858182
2015_1414_1438,0.17541198
2015_1414_1452,0.319103278
2015_1414_1455,0.210738687
2015_1414_1458,0.118136752
2015_1414_1459,0.373799864
2015_1414_1461,0.409670858
2015_1414_1462,0.376480585
2015_1417_1428,0.187354182
2015_1417_1433,0.353194886
2015_1417_1434,0.40113458
2015_1417_1437,0.106136315
2015_1417_1438,0.156298482
2015_1417_1452,0.475631462
2015_1417_1455,0.245143316
2015_1417_1458,0.254040726
2015_1417_1459,0.408297954
2015_1417_1461,0.516113544
2015_1417_1462,0.422916533
2015_1428_1433,0.700639865
2015_1428_1434,0.704179587
2015_1428_1437,0.438753317
2015_1428_1438,0.330342359
2015_1428_1452,0.723087012
2015_1428_1455,0.493855387
2015_1428_1458,0.324655597
2015_1428_1459,0.686722879
2015_1428_1461,0.682868226
2015_1428_1462,0.738128716
2015_1433_1434,0.555612898
2015_1433_1437,0.191116847
2015_1433_1438,0.248327128
2015_1433_1452,0.619621859
2015_1433_1455,0.386441867
2015_1433_1458,0.338394686
2015_1433_1459,0.555200998
2015_1433_1461,0.670858606
2015_1433_1462,0.547078839
2015_1434_1437,0.213378983
2015_1434_1438,0.386378235
2015_1434_1452,0.554046493
2015_1434_1455,0.366973981
2015_1434_1458,0.247484138
2015_1434_1459,0.535644068
2015_1434_1461,0.728383963
2015_1434_1462,0.559036175
2015_1437_1438,0.580143259
2015_1437_1452,0.831233055
2015_1437_1455,0.61529992
2015_1437_1458,0.561328875
2015_1437_1459,0.841936456
2015_1437_1461,0.864547371
2015_1437_1462,0.839829936
2015_1438_1452,0.896003022
2015_1438_1455,0.611120237
2015_1438_1458,0.999182598
2015_1438_1459,0.961093145
2015_1438_1461,0.649434874
2015_1438_1462,0.773083639
2015_1452_1455,0.344361435
2015_1452_1458,0.132879161
2015_1452_1459,0.630846734
2015_1452_1461,0.347852839
2015_1452_1462,0.477862383
2015_1455_1458,0.194699524
2015_1455_1459,0.71284111
2015_1455_1461,0.781923956
2015_1455_1462,0.715914807
2015_1458_1459,0.954071478
2015_1458_1461,0.958724148
2015_1458_1462,0.779223768
2015_1459_1461,0.396944315
2015_1459_1462,0.534636114
2015_1461_1462,0.524038625
