"id","pred"
"2015_1107_1112",0.0234861104831558
"2015_1107_1116",0.151405182689745
"2015_1107_1124",0.100977319752243
"2015_1107_1125",0.485530755767068
"2015_1107_1129",0.211551479161651
"2015_1107_1138",0.27415557423126
"2015_1107_1139",0.136620015773362
"2015_1107_1140",0.162994613985116
"2015_1107_1153",0.222746122142058
"2015_1107_1157",0.524233002444087
"2015_1107_1172",0.171894921584908
"2015_1107_1173",0.240454078253848
"2015_1107_1181",0.034810338928787
"2015_1107_1186",0.528544969131704
"2015_1107_1207",0.145444081308318
"2015_1107_1208",0.189654188674061
"2015_1107_1209",0.327588157452967
"2015_1107_1211",0.0618564059951153
"2015_1107_1214",0.731522597668033
"2015_1107_1217",0.335887674884537
"2015_1107_1231",0.190132588020887
"2015_1107_1234",0.117038936075122
"2015_1107_1235",0.0867714432547583
"2015_1107_1242",0.091253385603916
"2015_1107_1246",0.0153334532114584
"2015_1107_1248",0.592472565598173
"2015_1107_1257",0.0950514529901972
"2015_1107_1261",0.214916456563425
"2015_1107_1264",0.449231426246376
"2015_1107_1268",0.168829451725413
"2015_1107_1277",0.0968817061420563
"2015_1107_1279",0.216471852020631
"2015_1107_1295",0.537183902100285
"2015_1107_1301",0.157106339919623
"2015_1107_1308",0.399435897387796
"2015_1107_1314",0.062330925827922
"2015_1107_1316",0.490719095468888
"2015_1107_1318",0.464221420420492
"2015_1107_1320",0.161707218751324
"2015_1107_1323",0.078906822359013
"2015_1107_1326",0.0904807089074419
"2015_1107_1328",0.0826296006509677
"2015_1107_1329",0.207285160225804
"2015_1107_1332",0.213279422538239
"2015_1107_1344",0.15211027274973
"2015_1107_1345",0.173636482271712
"2015_1107_1352",0.567802546905444
"2015_1107_1361",0.184871195023056
"2015_1107_1372",0.261509571752185
"2015_1107_1374",0.163697825587541
"2015_1107_1385",0.223059032870654
"2015_1107_1400",0.126146840270122
"2015_1107_1411",0.712533076524156
"2015_1107_1412",0.482511855729318
"2015_1107_1414",0.399190210197944
"2015_1107_1417",0.186316322303584
"2015_1107_1428",0.0698680345037759
"2015_1107_1433",0.201819409155138
"2015_1107_1434",0.325339985512774
"2015_1107_1437",0.0344769803669824
"2015_1107_1438",0.0410715444566387
"2015_1107_1452",0.148337754350859
"2015_1107_1455",0.123394180261402
"2015_1107_1458",0.0283665496360389
"2015_1107_1459",0.420237624801545
"2015_1107_1461",0.391948328300191
"2015_1107_1462",0.154029464608156
"2015_1112_1116",0.830925680715253
"2015_1112_1124",0.761704825028059
"2015_1112_1125",0.974457476432024
"2015_1112_1129",0.882393016824283
"2015_1112_1138",0.917356366041801
"2015_1112_1139",0.813819828012932
"2015_1112_1140",0.84272467263987
"2015_1112_1153",0.889750378003864
"2015_1112_1157",0.979684547577815
"2015_1112_1172",0.851126169698743
"2015_1112_1173",0.900266882378468
"2015_1112_1181",0.568688607961657
"2015_1112_1186",0.980187788247846
"2015_1112_1207",0.824313947844195
"2015_1112_1208",0.866270706900158
"2015_1112_1209",0.938340160736153
"2015_1112_1211",0.67294570524712
"2015_1112_1214",0.995370172247953
"2015_1112_1217",0.941105419500099
"2015_1112_1231",0.866646414630564
"2015_1112_1234",0.787581758300384
"2015_1112_1235",0.73472315248027
"2015_1112_1242",0.74375104732998
"2015_1112_1246",0.430535658089436
"2015_1112_1248",0.986780812747637
"2015_1112_1257",0.750921265699348
"2015_1112_1261",0.884681526134381
"2015_1112_1264",0.968534099907982
"2015_1112_1268",0.848322749959437
"2015_1112_1277",0.754455100000891
"2015_1112_1279",0.885650665430671
"2015_1112_1295",0.981235523713885
"2015_1112_1301",0.836893353686874
"2015_1112_1308",0.958401558468081
"2015_1112_1314",0.674403485223409
"2015_1112_1316",0.975213766412704
"2015_1112_1318",0.971069620187888
"2015_1112_1320",0.84150075653256
"2015_1112_1323",0.717521900536716
"2015_1112_1326",0.741860436456728
"2015_1112_1328",0.725793674366741
"2015_1112_1329",0.879336868065976
"2015_1112_1332",0.883572677848008
"2015_1112_1344",0.831679633997598
"2015_1112_1345",0.852700921965177
"2015_1112_1352",0.984504458779248
"2015_1112_1361",0.862375464486883
"2015_1112_1372",0.911344627037302
"2015_1112_1374",0.843475366662356
"2015_1112_1385",0.889840526023081
"2015_1112_1400",0.800280732429176
"2015_1112_1411",0.99453396133409
"2015_1112_1412",0.973997265913756
"2015_1112_1414",0.958357806242644
"2015_1112_1417",0.863600961218883
"2015_1112_1428",0.695099525891246
"2015_1112_1433",0.875495298308862
"2015_1112_1434",0.937573817562468
"2015_1112_1437",0.566934326802756
"2015_1112_1438",0.598301950225733
"2015_1112_1452",0.827461137290148
"2015_1112_1455",0.796675483130533
"2015_1112_1458",0.532562104610171
"2015_1112_1459",0.962935178952092
"2015_1112_1461",0.95665798256459
"2015_1112_1462",0.833606224197117
"2015_1116_1124",0.402882137224557
"2015_1116_1125",0.83991687988727
"2015_1116_1129",0.590755473242762
"2015_1116_1138",0.666504485824857
"2015_1116_1139",0.473934711424862
"2015_1116_1140",0.519192877552698
"2015_1116_1153",0.605493768715731
"2015_1116_1157",0.862391378584052
"2015_1116_1172",0.53337413460494
"2015_1116_1173",0.627685642913088
"2015_1116_1181",0.216238233229082
"2015_1116_1186",0.864731254061816
"2015_1116_1207",0.489712570682517
"2015_1116_1208",0.560144411892768
"2015_1116_1209",0.720363815839787
"2015_1116_1211",0.305168731956458
"2015_1116_1214",0.95022783149476
"2015_1116_1217",0.728034631839111
"2015_1116_1231",0.560833809491642
"2015_1116_1234",0.436534343105096
"2015_1116_1235",0.370397587133578
"2015_1116_1242",0.380969529061471
"2015_1116_1246",0.128670499331041
"2015_1116_1248",0.896907468963236
"2015_1116_1257",0.38964024445162
"2015_1116_1261",0.595251917977243
"2015_1116_1264",0.816652960639508
"2015_1116_1268",0.528569619517251
"2015_1116_1277",0.393811715441732
"2015_1116_1279",0.597283985224303
"2015_1116_1295",0.869423116052701
"2015_1116_1301",0.509566221502535
"2015_1116_1308",0.781035597356919
"2015_1116_1314",0.306513263280734
"2015_1116_1316",0.843071665995638
"2015_1116_1318",0.826553437883928
"2015_1116_1320",0.517147931062302
"2015_1116_1323",0.351058996535799
"2015_1116_1326",0.378958530015487
"2015_1116_1328",0.360302351938701
"2015_1116_1329",0.584933811160865
"2015_1116_1332",0.593026256897729
"2015_1116_1344",0.501198618471734
"2015_1116_1345",0.536075252993724
"2015_1116_1352",0.885138050852644
"2015_1116_1361",0.553110696599553
"2015_1116_1372",0.652387989899916
"2015_1116_1374",0.520364734333188
"2015_1116_1385",0.605870782736341
"2015_1116_1400",0.454328906087921
"2015_1116_1411",0.94412207523148
"2015_1116_1412",0.838085142105057
"2015_1116_1414",0.780866379661667
"2015_1116_1417",0.555191833027099
"2015_1116_1428",0.327354464697512
"2015_1116_1433",0.577448559457468
"2015_1116_1434",0.718295603928439
"2015_1116_1437",0.214932102378755
"2015_1116_1438",0.239205316985778
"2015_1116_1452",0.494716377674404
"2015_1116_1455",0.449116872910601
"2015_1116_1458",0.190452622607447
"2015_1116_1459",0.79650615376637
"2015_1116_1461",0.775277027296574
"2015_1116_1462",0.504405077378792
"2015_1124_1125",0.89242905231054
"2015_1124_1129",0.682739666121286
"2015_1124_1138",0.750532857675161
"2015_1124_1139",0.571631877231164
"2015_1124_1140",0.615638303500194
"2015_1124_1153",0.696178247400676
"2015_1124_1157",0.909338683024974
"2015_1124_1172",0.629179876858475
"2015_1124_1173",0.716212634522797
"2015_1124_1181",0.294933205074534
"2015_1124_1186",0.911096129705288
"2015_1124_1207",0.587117788020439
"2015_1124_1208",0.654405770133253
"2015_1124_1209",0.796664671492509
"2015_1124_1211",0.395975774838099
"2015_1124_1214",0.970742057362697
"2015_1124_1217",0.803033179366862
"2015_1124_1231",0.655039027941201
"2015_1124_1234",0.534323787284938
"2015_1124_1235",0.466182021109119
"2015_1124_1242",0.477266088804549
"2015_1124_1246",0.187502223583584
"2015_1124_1248",0.934423988756569
"2015_1124_1257",0.486290262656712
"2015_1124_1261",0.686839594227339
"2015_1124_1264",0.874487300925573
"2015_1124_1268",0.624588914739242
"2015_1124_1277",0.490638629133765
"2015_1124_1279",0.688723146237203
"2015_1124_1295",0.914498078189686
"2015_1124_1301",0.606369084671069
"2015_1124_1308",0.846489858230835
"2015_1124_1314",0.397471834765262
"2015_1124_1316",0.894843653514761
"2015_1124_1318",0.882265863056395
"2015_1124_1320",0.613672597152444
"2015_1124_1323",0.445705749592431
"2015_1124_1326",0.475107388442418
"2015_1124_1328",0.455500700357031
"2015_1124_1329",0.677417594708941
"2015_1124_1332",0.684771481426853
"2015_1124_1344",0.598277005980903
"2015_1124_1345",0.631733634155818
"2015_1124_1352",0.925954879485182
"2015_1124_1361",0.647823455733894
"2015_1124_1372",0.738138073621327
"2015_1124_1374",0.616749863057621
"2015_1124_1385",0.696532642434379
"2015_1124_1400",0.552174258166172
"2015_1124_1411",0.966800878213022
"2015_1124_1412",0.891055704417144
"2015_1124_1414",0.846326781210318
"2015_1124_1417",0.649712307468266
"2015_1124_1428",0.420164265968306
"2015_1124_1433",0.670492413317589
"2015_1124_1434",0.794922535562708
"2015_1124_1437",0.293425006685981
"2015_1124_1438",0.321655750534024
"2015_1124_1452",0.59199318404725
"2015_1124_1455",0.546977956941172
"2015_1124_1458",0.264225362442816
"2015_1124_1459",0.858783625587878
"2015_1124_1461",0.841826893708104
"2015_1124_1462",0.601399639008841
"2015_1125_1129",0.222216771262653
"2015_1125_1138",0.286385289550518
"2015_1125_1139",0.144786249892596
"2015_1125_1140",0.17211300880002
"2015_1125_1153",0.233704438083876
"2015_1125_1157",0.538660814507225
"2015_1125_1172",0.181337531420028
"2015_1125_1173",0.251907116094001
"2015_1125_1181",0.0377077830843873
"2015_1125_1186",0.542955973401831
"2015_1125_1207",0.153907585763505
"2015_1125_1208",0.199659981050539
"2015_1125_1209",0.340783950410395
"2015_1125_1211",0.0664732683430991
"2015_1125_1214",0.743383450330262
"2015_1125_1217",0.349211780632891
"2015_1125_1231",0.200162150900094
"2015_1125_1234",0.124342890239089
"2015_1125_1235",0.0926558447315839
"2015_1125_1242",0.0973649307608398
"2015_1125_1246",0.016806438979725
"2015_1125_1248",0.606478680520744
"2015_1125_1257",0.101390836389582
"2015_1125_1261",0.225661595354352
"2015_1125_1264",0.463604465607268
"2015_1125_1268",0.178169003981846
"2015_1125_1277",0.103250115303653
"2015_1125_1279",0.227288838068945
"2015_1125_1295",0.551569893722924
"2015_1125_1301",0.165998297326195
"2015_1125_1308",0.413509061540949
"2015_1125_1314",0.0669314754169327
"2015_1125_1316",0.505192016201889
"2015_1125_1318",0.478661029576468
"2015_1125_1320",0.17078370002277
"2015_1125_1323",0.0844051128843494
"2015_1125_1326",0.0965886969476721
"2015_1125_1328",0.0883188697155244
"2015_1125_1329",0.217863868193315
"2015_1125_1332",0.223946962230864
"2015_1125_1344",0.160816959366419
"2015_1125_1345",0.183143893415936
"2015_1125_1352",0.582020783096678
"2015_1125_1361",0.194732440320719
"2015_1125_1372",0.273434025082708
"2015_1125_1374",0.172825101680585
"2015_1125_1385",0.23410180589647
"2015_1125_1400",0.133885875360044
"2015_1125_1411",0.724757899780949
"2015_1125_1412",0.496980215011707
"2015_1125_1414",0.413263303605859
"2015_1125_1417",0.196160288401138
"2015_1125_1428",0.0748658358712735
"2015_1125_1433",0.21223051789625
"2015_1125_1434",0.338528931316915
"2015_1125_1437",0.0373279295438297
"2015_1125_1438",0.0444084609466734
"2015_1125_1452",0.156959698037156
"2015_1125_1455",0.130992122557196
"2015_1125_1458",0.0307949699611208
"2015_1125_1459",0.434472155875026
"2015_1125_1461",0.40596144451426
"2015_1125_1462",0.162848362502791
"2015_1129_1138",0.579581503502035
"2015_1129_1139",0.384053194935282
"2015_1129_1140",0.428043709124441
"2015_1129_1153",0.515198255538688
"2015_1129_1157",0.805595882410099
"2015_1129_1172",0.442066632787166
"2015_1129_1173",0.538340756272392
"2015_1129_1181",0.155218633459965
"2015_1129_1186",0.808540453644899
"2015_1129_1207",0.399252703864364
"2015_1129_1208",0.468851877832887
"2015_1129_1209",0.63851891738038
"2015_1129_1211",0.229950633386625
"2015_1129_1214",0.921884487630025
"2015_1129_1217",0.647063537161923
"2015_1129_1231",0.469547700333104
"2015_1129_1234",0.348549933853014
"2015_1129_1235",0.287651243613524
"2015_1129_1242",0.297230355808535
"2015_1129_1246",0.0866025151422313
"2015_1129_1248",0.849626419881347
"2015_1129_1257",0.305122464830578
"2015_1129_1261",0.504620892581035
"2015_1129_1264",0.749612969576737
"2015_1129_1268",0.43730458264256
"2015_1129_1277",0.308934183738309
"2015_1129_1279",0.506722310553557
"2015_1129_1295",0.814414678877738
"2015_1129_1301",0.418587201271679
"2015_1129_1308",0.707573986685476
"2015_1129_1314",0.231100695651237
"2015_1129_1316",0.781652531221364
"2015_1129_1318",0.761546559064183
"2015_1129_1320",0.426030093705588
"2015_1129_1323",0.27030490473657
"2015_1129_1326",0.295403581233689
"2015_1129_1328",0.278556584461815
"2015_1129_1329",0.49404909776097
"2015_1129_1332",0.502341042009696
"2015_1129_1344",0.410414384530475
"2015_1129_1345",0.444751330501748
"2015_1129_1352",0.834402846524627
"2015_1129_1361",0.461775468665195
"2015_1129_1372",0.564475917934964
"2015_1129_1374",0.429194863522999
"2015_1129_1385",0.515601165544567
"2015_1129_1400",0.365351168459175
"2015_1129_1411",0.913276498516358
"2015_1129_1412",0.775546721551558
"2015_1129_1414",0.707360546774207
"2015_1129_1417",0.463875119649659
"2015_1129_1428",0.249299158069925
"2015_1129_1433",0.486394788078106
"2015_1129_1434",0.636207082475322
"2015_1129_1437",0.154175236791661
"2015_1129_1438",0.174055175056508
"2015_1129_1452",0.404113756090995
"2015_1129_1455",0.360404028291058
"2015_1129_1458",0.134453755446708
"2015_1129_1459",0.725676200667824
"2015_1129_1461",0.700869370408003
"2015_1129_1462",0.413544528027204
"2015_1138_1139",0.310074377103956
"2015_1138_1140",0.351170148795148
"2015_1138_1153",0.435372211811534
"2015_1138_1157",0.745712121032319
"2015_1138_1172",0.364465601684388
"2015_1138_1173",0.45835829178383
"2015_1138_1181",0.112200026032037
"2015_1138_1186",0.749162323176763
"2015_1138_1207",0.324161465812701
"2015_1138_1208",0.390130982693957
"2015_1138_1209",0.561079719503548
"2015_1138_1211",0.173680678174315
"2015_1138_1214",0.888248703584166
"2015_1138_1217",0.570087040150344
"2015_1138_1231",0.390807136242248
"2015_1138_1234",0.277599266213868
"2015_1138_1235",0.223322266208008
"2015_1138_1242",0.23173295925595
"2015_1138_1246",0.059078395513349
"2015_1138_1248",0.797891983336575
"2015_1138_1257",0.238708396878581
"2015_1138_1261",0.42495555845299
"2015_1138_1264",0.681719239377615
"2015_1138_1268",0.359947800120582
"2015_1138_1277",0.242077491799188
"2015_1138_1279",0.42701843118038
"2015_1138_1295",0.756017225725889
"2015_1138_1301",0.342261020643521
"2015_1138_1308",0.635151067383207
"2015_1138_1314",0.174651035005695
"2015_1138_1316",0.718040794566829
"2015_1138_1318",0.695156625745613
"2015_1138_1320",0.349268728474179
"2015_1138_1323",0.208228015693425
"2015_1138_1326",0.23013982611622
"2015_1138_1328",0.215376425975249
"2015_1138_1329",0.414599429629898
"2015_1138_1332",0.422731226253136
"2015_1138_1344",0.334592913939789
"2015_1138_1345",0.367028370356013
"2015_1138_1352",0.779636253927396
"2015_1138_1361",0.383315766221433
"2015_1138_1372",0.484657238475936
"2015_1138_1374",0.352260893087284
"2015_1138_1385",0.435778007069499
"2015_1138_1400",0.292889724436183
"2015_1138_1411",0.877121420543187
"2015_1138_1412",0.711051711865982
"2015_1138_1414",0.634914217980255
"2015_1138_1417",0.385358028999849
"2015_1138_1428",0.190119714233524
"2015_1138_1433",0.407133961445404
"2015_1138_1434",0.558642010259839
"2015_1138_1437",0.111374039746057
"2015_1138_1438",0.127364619680366
"2015_1138_1452",0.328699050380565
"2015_1138_1455",0.288363404497148
"2015_1138_1458",0.0957409731122593
"2015_1138_1459",0.655062573978039
"2015_1138_1461",0.627823537594473
"2015_1138_1462",0.337519455360628
"2015_1139_1140",0.545190933311618
"2015_1139_1153",0.630399422564449
"2015_1139_1157",0.876203758167557
"2015_1139_1172",0.559281565875329
"2015_1139_1173",0.652137574765417
"2015_1139_1181",0.23591481219501
"2015_1139_1186",0.878397852343564
"2015_1139_1207",0.515794162795165
"2015_1139_1208",0.585783192611092
"2015_1139_1209",0.74189504608516
"2015_1139_1211",0.328407390023201
"2015_1139_1214",0.956504416487978
"2015_1139_1217",0.74922189305874
"2015_1139_1231",0.586464367130668
"2015_1139_1234",0.462408198029195
"2015_1139_1235",0.395360292480702
"2015_1139_1242",0.406128590836969
"2015_1139_1246",0.142876306876061
"2015_1139_1248",0.908125529197893
"2015_1139_1257",0.41491781997791
"2015_1139_1261",0.620348622634147
"2015_1139_1264",0.833349205419214
"2015_1139_1268",0.554505552644369
"2015_1139_1277",0.419185379346561
"2015_1139_1279",0.622372289523311
"2015_1139_1295",0.882694493412065
"2015_1139_1301",0.535602700670013
"2015_1139_1308",0.799817498127792
"2015_1139_1314",0.329817190166542
"2015_1139_1316",0.85819195546056
"2015_1139_1318",0.842795048703062
"2015_1139_1320",0.543152660097945
"2015_1139_1323",0.375610801757612
"2015_1139_1326",0.404023022978438
"2015_1139_1328",0.385029820384863
"2015_1139_1329",0.61024558063636
"2015_1139_1332",0.618136815198928
"2015_1139_1344",0.527260352187004
"2015_1139_1345",0.561960982895505
"2015_1139_1352",0.897242912187724
"2015_1139_1361",0.578834185570318
"2015_1139_1372",0.676182306434633
"2015_1139_1374",0.546349812218256
"2015_1139_1385",0.630808051624363
"2015_1139_1400",0.480311998591617
"2015_1139_1411",0.951067330603302
"2015_1139_1412",0.853545379911798
"2015_1139_1414",0.799636022407376
"2015_1139_1417",0.580857179940462
"2015_1139_1428",0.351257178941621
"2015_1139_1433",0.602864092688835
"2015_1139_1434",0.739929774011963
"2015_1139_1437",0.234597446905857
"2015_1139_1438",0.259922003773607
"2015_1139_1452",0.520794282433579
"2015_1139_1455",0.475079466115142
"2015_1139_1458",0.208761754621195
"2015_1139_1459",0.814436182953159
"2015_1139_1461",0.794340228835456
"2015_1139_1462",0.530464498797025
"2015_1140_1153",0.586847465238235
"2015_1140_1157",0.851503237413197
"2015_1140_1172",0.514209461297818
"2015_1140_1173",0.609340690880656
"2015_1140_1181",0.202421520849542
"2015_1140_1186",0.853974393604559
"2015_1140_1207",0.470536489096529
"2015_1140_1208",0.541099122242832
"2015_1140_1209",0.703947994274174
"2015_1140_1211",0.288510794396046
"2015_1140_1214",0.945048833330383
"2015_1140_1217",0.711804033524193
"2015_1140_1231",0.541792867922396
"2015_1140_1234",0.417653831350919
"2015_1140_1235",0.352381225477449
"2015_1140_1242",0.362785963937143
"2015_1140_1246",0.118838848131842
"2015_1140_1248",0.887998936835157
"2015_1140_1257",0.371296329191407
"2015_1140_1261",0.57648982908635
"2015_1140_1264",0.803551293752423
"2015_1140_1268",0.509391092608076
"2015_1140_1277",0.375425141589227
"2015_1140_1279",0.578560842109346
"2015_1140_1295",0.858888556666769
"2015_1140_1301",0.490366306960731
"2015_1140_1308",0.766565984694593
"2015_1140_1314",0.289807236640085
"2015_1140_1316",0.831206872155624
"2015_1140_1318",0.813949790070551
"2015_1140_1320",0.497951725562082
"2015_1140_1323",0.333398585343125
"2015_1140_1326",0.360751733517892
"2015_1140_1328",0.342435735843275
"2015_1140_1329",0.566090974083112
"2015_1140_1332",0.574232815331733
"2015_1140_1344",0.482005207412115
"2015_1140_1345",0.516918852078716
"2015_1140_1352",0.875501859037889
"2015_1140_1361",0.534026924905026
"2015_1140_1372",0.634430035715616
"2015_1140_1374",0.501171173584105
"2015_1140_1385",0.587243308843573
"2015_1140_1400",0.435304065163182
"2015_1140_1411",0.938466215620843
"2015_1140_1412",0.825992666538839
"2015_1140_1414",0.766365254477779
"2015_1140_1417",0.536111534100892
"2015_1140_1428",0.310140000865518
"2015_1140_1433",0.558531064339467
"2015_1140_1434",0.701821205981021
"2015_1140_1437",0.201202956304282
"2015_1140_1438",0.2245223988846
"2015_1140_1452",0.475531178311846
"2015_1140_1455",0.430135362800307
"2015_1140_1458",0.177666932475784
"2015_1140_1459",0.782588570769484
"2015_1140_1461",0.760579634607546
"2015_1140_1462",0.485207348760219
"2015_1153_1157",0.79495501932768
"2015_1153_1172",0.427074856751217
"2015_1153_1173",0.523184006172454
"2015_1153_1181",0.14632018527931
"2015_1153_1186",0.797997470912093
"2015_1153_1207",0.384616828478133
"2015_1153_1208",0.453723505518522
"2015_1153_1209",0.624156238457275
"2015_1153_1211",0.218578732719237
"2015_1153_1214",0.916201711051698
"2015_1153_1217",0.632814756463339
"2015_1153_1231",0.454418146734455
"2015_1153_1234",0.334579791980437
"2015_1153_1235",0.274799701968306
"2015_1153_1242",0.284171835290539
"2015_1153_1246",0.0807636016492786
"2015_1153_1248",0.840550328243504
"2015_1153_1257",0.291935562051842
"2015_1153_1261",0.489420041203952
"2015_1153_1264",0.737366775477627
"2015_1153_1268",0.422343628908835
"2015_1153_1277",0.295645535274432
"2015_1153_1279",0.491521569036321
"2015_1153_1295",0.804074517858944
"2015_1153_1301",0.403768054011103
"2015_1153_1308",0.694349718855822
"2015_1153_1314",0.219690215541159
"2015_1153_1316",0.770269258905557
"2015_1153_1318",0.749573280406202
"2015_1153_1320",0.411150054842096
"2015_1153_1323",0.257861503039215
"2015_1153_1326",0.282430716096608
"2015_1153_1328",0.265926291721188
"2015_1153_1329",0.478859665944533
"2015_1153_1332",0.487141826411177
"2015_1153_1344",0.395664509666756
"2015_1153_1345",0.429744603076844
"2015_1153_1352",0.824760017144946
"2015_1153_1361",0.446676719353872
"2015_1153_1372",0.549435982910359
"2015_1153_1374",0.414289756546382
"2015_1153_1385",0.500403510228574
"2015_1153_1400",0.351147107648964
"2015_1153_1411",0.907127007613178
"2015_1153_1412",0.76397447425715
"2015_1153_1414",0.694135798887134
"2015_1153_1417",0.448763861649855
"2015_1153_1428",0.237386923668116
"2015_1153_1433",0.471217422374181
"2015_1153_1434",0.621805686722447
"2015_1153_1437",0.145295374208564
"2015_1153_1438",0.164470652889284
"2015_1153_1452",0.389436110629278
"2015_1153_1455",0.346254773777036
"2015_1153_1458",0.126378027516995
"2015_1153_1459",0.712848250393326
"2015_1153_1461",0.687505163524547
"2015_1153_1462",0.398776448372365
"2015_1157_1172",0.156872365451142
"2015_1157_1173",0.221960394704152
"2015_1157_1181",0.0304053663331545
"2015_1157_1186",0.50432318455187
"2015_1157_1207",0.132019668638919
"2015_1157_1208",0.173633749299635
"2015_1157_1209",0.305938513438868
"2015_1157_1211",0.0548185178019512
"2015_1157_1214",0.711138218256909
"2015_1157_1217",0.314021550697989
"2015_1157_1231",0.174101019813255
"2015_1157_1234",0.105556414465378
"2015_1157_1235",0.0775701807108349
"2015_1157_1242",0.0816901592700493
"2015_1157_1246",0.0131458789303453
"2015_1157_1248",0.568720512696863
"2015_1157_1257",0.0852232768792874
"2015_1157_1261",0.19759624110314
"2015_1157_1264",0.425291847202074
"2015_1157_1268",0.153996872797855
"2015_1157_1277",0.0868801821194004
"2015_1157_1279",0.199089894264215
"2015_1157_1295",0.512988948615631
"2015_1157_1301",0.142964111585075
"2015_1157_1308",0.376153914041452
"2015_1157_1314",0.0552365156525353
"2015_1157_1316",0.466508536784865
"2015_1157_1318",0.440155549705248
"2015_1157_1320",0.147283820273079
"2015_1157_1323",0.0703763827352056
"2015_1157_1326",0.0810055333216562
"2015_1157_1328",0.0737719481856886
"2015_1157_1329",0.19035715808785
"2015_1157_1332",0.196025341166302
"2015_1157_1344",0.138271548312508
"2015_1157_1345",0.158528150450245
"2015_1157_1352",0.543796341038153
"2015_1157_1361",0.169110973819084
"2015_1157_1372",0.242109793021746
"2015_1157_1374",0.149154681702762
"2015_1157_1385",0.205389495323816
"2015_1157_1400",0.114032271015353
"2015_1157_1411",0.691488692835149
"2015_1157_1412",0.458334997928189
"2015_1157_1414",0.375914912933106
"2015_1157_1417",0.170470303438569
"2015_1157_1428",0.0620787561664538
"2015_1157_1433",0.185178687553254
"2015_1157_1434",0.303775205744415
"2015_1157_1437",0.0300988456563515
"2015_1157_1438",0.0360207824731542
"2015_1157_1452",0.134752096613203
"2015_1157_1455",0.111455724692618
"2015_1157_1458",0.0246440603864101
"2015_1157_1459",0.396632504891926
"2015_1157_1461",0.368810502403749
"2015_1157_1462",0.140081050138553
"2015_1172_1173",0.595604877778606
"2015_1172_1181",0.19252042396563
"2015_1172_1186",0.84570712463526
"2015_1172_1207",0.456383049161031
"2015_1172_1208",0.526939617169182
"2015_1172_1209",0.691531530641912
"2015_1172_1211",0.276451619467792
"2015_1172_1214",0.940987238628148
"2015_1172_1217",0.6995349233483
"2015_1172_1231",0.527634529970545
"2015_1172_1234",0.403807117063688
"2015_1172_1235",0.339237384757195
"2015_1172_1242",0.349494538394526
"2015_1172_1246",0.111887816289627
"2015_1172_1248",0.881085056709731
"2015_1172_1257",0.357915643972166
"2015_1172_1261",0.562497889083849
"2015_1172_1264",0.793530840535148
"2015_1172_1268",0.495180233527339
"2015_1172_1277",0.361992607882126
"2015_1172_1279",0.564576404875024
"2015_1172_1295",0.850788780677624
"2015_1172_1301",0.476167797524293
"2015_1172_1308",0.75552719869767
"2015_1172_1314",0.277749719381692
"2015_1172_1316",0.822096863990624
"2015_1172_1318",0.804273117809388
"2015_1172_1320",0.483743236354989
"2015_1172_1323",0.320545299898058
"2015_1172_1326",0.347521810994351
"2015_1172_1328",0.329447111830974
"2015_1172_1329",0.552038479978376
"2015_1172_1332",0.560233072915595
"2015_1172_1344",0.467820989533027
"2015_1172_1345",0.5027113553144
"2015_1172_1352",0.868049719422013
"2015_1172_1361",0.519848287046594
"2015_1172_1372",0.6209705601675
"2015_1172_1374",0.486961323343013
"2015_1172_1385",0.573324750805975
"2015_1172_1400",0.421325877574264
"2015_1172_1411",0.934064621935465
"2015_1172_1412",0.816696013279393
"2015_1172_1414",0.755330242379969
"2015_1172_1417",0.521940912415739
"2015_1172_1428",0.297693935228172
"2015_1172_1433",0.544439165976436
"2015_1172_1434",0.689368781235705
"2015_1172_1437",0.191335046478916
"2015_1172_1438",0.213981347504305
"2015_1172_1452",0.461361615777469
"2015_1172_1455",0.416185529553392
"2015_1172_1458",0.168550801825116
"2015_1172_1459",0.772002740999127
"2015_1172_1461",0.749389437504687
"2015_1172_1462",0.471016284031363
"2015_1173_1181",0.133398893378589
"2015_1173_1186",0.781239718101093
"2015_1173_1207",0.362593796917919
"2015_1173_1208",0.430771330195526
"2015_1173_1209",0.601899199731752
"2015_1173_1211",0.201788023389246
"2015_1173_1214",0.906863601212831
"2015_1173_1217",0.61070325769633
"2015_1173_1231",0.431461451715535
"2015_1173_1234",0.313679477166344
"2015_1173_1235",0.255753550206782
"2015_1173_1242",0.264795434162346
"2015_1173_1246",0.0723933039663029
"2015_1173_1248",0.826042837018049
"2015_1173_1257",0.27227600134556
"2015_1173_1261",0.466262680182925
"2015_1173_1264",0.718034567988463
"2015_1173_1268",0.399726938093409
"2015_1173_1277",0.275890644264485
"2015_1173_1279",0.468356420875955
"2015_1173_1295",0.787585548197399
"2015_1173_1301",0.381423128314809
"2015_1173_1308",0.673673087344
"2015_1173_1314",0.202866501348615
"2015_1173_1316",0.752242834953058
"2015_1173_1318",0.730747337243068
"2015_1173_1320",0.388686602187371
"2015_1173_1323",0.2394454760246
"2015_1173_1326",0.263084385893637
"2015_1173_1328",0.247187245894818
"2015_1173_1329",0.455741820669558
"2015_1173_1332",0.463997990114216
"2015_1173_1344",0.373454060231725
"2015_1173_1345",0.40703499388455
"2015_1173_1352",0.809343462303034
"2015_1173_1361",0.423785842623519
"2015_1173_1372",0.526347218662679
"2015_1173_1374",0.391785976474388
"2015_1173_1385",0.477221416530359
"2015_1173_1400",0.32981463425809
"2015_1173_1411",0.897098289160055
"2015_1173_1412",0.745693522546316
"2015_1173_1414",0.673447741985625
"2015_1173_1417",0.425870235766504
"2015_1173_1428",0.219784762395393
"2015_1173_1433",0.448139915498862
"2015_1173_1434",0.599516888465282
"2015_1173_1437",0.132463914384889
"2015_1173_1438",0.150454500774306
"2015_1173_1452",0.367317822007092
"2015_1173_1455",0.325048506836275
"2015_1173_1458",0.1147323266385
"2015_1173_1459",0.692722043687907
"2015_1173_1461",0.666640421182851
"2015_1173_1462",0.37649940080886
"2015_1181_1186",0.970317719722206
"2015_1181_1207",0.776119033854763
"2015_1181_1208",0.825414612391841
"2015_1181_1209",0.914389615551429
"2015_1181_1211",0.608452120803326
"2015_1181_1214",0.992440754867725
"2015_1181_1217",0.91793568344622
"2015_1181_1231",0.825867688210668
"2015_1181_1234",0.734080775128449
"2015_1181_1235",0.675168249932803
"2015_1181_1242",0.685119658571419
"2015_1181_1246",0.363874251473845
"2015_1181_1248",0.979704861753309
"2015_1181_1257",0.693106988629703
"2015_1181_1261",0.847524229529397
"2015_1181_1264",0.954148779264753
"2015_1181_1268",0.804167817876458
"2015_1181_1277",0.696940819940466
"2015_1181_1279",0.848752302686995
"2015_1181_1295",0.971760982206393
"2015_1181_1301",0.790719731091467
"2015_1181_1308",0.940606803755175
"2015_1181_1314",0.609951311594954
"2015_1181_1316",0.963355957911421
"2015_1181_1318",0.957710381818748
"2015_1181_1320",0.796144613681961
"2015_1181_1323",0.656368629816436
"2015_1181_1326",0.683116400146781
"2015_1181_1328",0.665415543197973
"2015_1181_1329",0.841166025660604
"2015_1181_1332",0.846138470762235
"2015_1181_1344",0.784640689587898
"2015_1181_1345",0.809336639320746
"2015_1181_1352",0.976408335786355
"2015_1181_1361",0.820790216234452
"2015_1181_1372",0.880263473090391
"2015_1181_1374",0.798423236088746
"2015_1181_1385",0.853908687853727
"2015_1181_1400",0.748595088653656
"2015_1181_1411",0.991178333403266
"2015_1181_1412",0.961685198073954
"2015_1181_1414",0.940545597628317
"2015_1181_1417",0.822138828509807
"2015_1181_1428",0.632126258358371
"2015_1181_1433",0.836510490076175
"2015_1181_1434",0.913449422271642
"2015_1181_1437",0.498209774835642
"2015_1181_1438",0.530297507355525
"2015_1181_1452",0.779839173429367
"2015_1181_1455",0.74443558598806
"2015_1181_1458",0.463609797647331
"2015_1181_1459",0.946664868629447
"2015_1181_1461",0.938300766455344
"2015_1181_1462",0.78696241577352
"2015_1186_1207",0.129729918460979
"2015_1186_1208",0.170886664475493
"2015_1186_1209",0.302153579974299
"2015_1186_1211",0.0536239009305709
"2015_1186_1214",0.707393049311542
"2015_1186_1217",0.310214107912058
"2015_1186_1231",0.171362937888484
"2015_1186_1234",0.103632884677839
"2015_1186_1235",0.0760228014033674
"2015_1186_1242",0.0800712804273346
"2015_1186_1246",0.0127804444387725
"2015_1186_1248",0.564452448869831
"2015_1186_1257",0.0835647510591494
"2015_1186_1261",0.194625252853219
"2015_1186_1264",0.421071359790617
"2015_1186_1268",0.151460719999464
"2015_1186_1277",0.0852053175983795
"2015_1186_1279",0.196098408451285
"2015_1186_1295",0.508666270443732
"2015_1186_1301",0.140569532987131
"2015_1186_1308",0.372054076651412
"2015_1186_1314",0.0540538233526371
"2015_1186_1316",0.462205895312193
"2015_1186_1318",0.435887266966131
"2015_1186_1320",0.144815957594542
"2015_1186_1323",0.0689577764592784
"2015_1186_1326",0.0794029830306194
"2015_1186_1328",0.0722776933910268
"2015_1186_1329",0.187423186234708
"2015_1186_1332",0.193072050732152
"2015_1186_1344",0.135923965770116
"2015_1186_1345",0.15594749813205
"2015_1186_1352",0.539490393060711
"2015_1186_1361",0.166402481675883
"2015_1186_1372",0.238738016010608
"2015_1186_1374",0.146684957316756
"2015_1186_1385",0.20233592221175
"2015_1186_1400",0.11196375817337
"2015_1186_1411",0.68767302055478
"2015_1186_1412",0.454043719035358
"2015_1186_1414",0.37181932878251
"2015_1186_1417",0.167792296848764
"2015_1186_1428",0.0607625116910623
"2015_1186_1433",0.182315420112823
"2015_1186_1434",0.300003988714982
"2015_1186_1437",0.0293875316310464
"2015_1186_1438",0.0351725433982077
"2015_1186_1452",0.13241826507804
"2015_1186_1455",0.109424048232481
"2015_1186_1458",0.0240350451320224
"2015_1186_1459",0.392463590621401
"2015_1186_1461",0.364746310651745
"2015_1186_1462",0.137689710548541
"2015_1207_1208",0.570297008654296
"2015_1207_1209",0.728984283107643
"2015_1207_1211",0.314242418815889
"2015_1207_1214",0.952795989278333
"2015_1207_1217",0.736503469046907
"2015_1207_1231",0.570980341510673
"2015_1207_1234",0.446713009692079
"2015_1207_1235",0.380177906176116
"2015_1207_1242",0.390831719428882
"2015_1207_1246",0.134130651928285
"2015_1207_1248",0.901450501640011
"2015_1207_1257",0.399558747404032
"2015_1207_1261",0.605209235454719
"2015_1207_1264",0.823366734276221
"2015_1207_1268",0.538819898917515
"2015_1207_1277",0.403767565504572
"2015_1207_1279",0.607238416244038
"2015_1207_1295",0.874789622868858
"2015_1207_1301",0.519846936426505
"2015_1207_1308",0.788584744047638
"2015_1207_1314",0.315608961735551
"2015_1207_1316",0.849176224079909
"2015_1207_1318",0.833091288526738
"2015_1207_1320",0.527420500699999
"2015_1207_1323",0.360677709129496
"2015_1207_1326",0.38877968522844
"2015_1207_1328",0.369980560339876
"2015_1207_1329",0.594971149107877
"2015_1207_1332",0.60299000277337
"2015_1207_1344",0.511485339210489
"2015_1207_1345",0.546308840537894
"2015_1207_1352",0.890033107021035
"2015_1207_1361",0.563293127017631
"2015_1207_1372",0.66187113588403
"2015_1207_1374",0.530631263678051
"2015_1207_1385",0.615761912781352
"2015_1207_1400",0.464556070847993
"2015_1207_1411",0.946968952130692
"2015_1207_1412",0.844315681764492
"2015_1207_1414",0.788401583883018
"2015_1207_1417",0.565351372768175
"2015_1207_1428",0.336678207710553
"2015_1207_1433",0.587518708979179
"2015_1207_1434",0.726941532173518
"2015_1207_1437",0.222568662921439
"2015_1207_1438",0.247257699541385
"2015_1207_1452",0.505004053348909
"2015_1207_1455",0.459334506802206
"2015_1207_1458",0.197531172654001
"2015_1207_1459",0.803717192595872
"2015_1207_1461",0.782918395416211
"2015_1207_1462",0.514691026026084
"2015_1208_1209",0.667366168207943
"2015_1208_1211",0.254334385971608
"2015_1208_1214",0.932655532293226
"2015_1208_1217",0.67563964959074
"2015_1208_1231",0.50069742008162
"2015_1208_1234",0.377868305741297
"2015_1208_1235",0.314858961387886
"2015_1208_1242",0.324822287381381
"2015_1208_1246",0.099574620070402
"2015_1208_1248",0.86712974848883
"2015_1208_1257",0.333021213345939
"2015_1208_1261",0.5357517457322
"2015_1208_1264",0.773777305608265
"2015_1208_1268",0.468255045865253
"2015_1208_1277",0.336977707030575
"2015_1208_1279",0.537844830981705
"2015_1208_1295",0.834569541726595
"2015_1208_1301",0.449330264995701
"2015_1208_1308",0.733834720330538
"2015_1208_1314",0.2555594342632
"2015_1208_1316",0.803974748900529
"2015_1208_1318",0.785065944397716
"2015_1208_1320",0.456863300739531
"2015_1208_1323",0.29675741220802
"2015_1208_1326",0.322919890391692
"2015_1208_1328",0.305374939760726
"2015_1208_1329",0.525209173551911
"2015_1208_1332",0.533475099717363
"2015_1208_1344",0.441042089563334
"2015_1208_1345",0.475766966967791
"2015_1208_1352",0.85309208445207
"2015_1208_1361",0.492896394404702
"2015_1208_1372",0.595019406342021
"2015_1208_1374",0.460065483505128
"2015_1208_1385",0.546674245144694
"2015_1208_1400",0.395098024096585
"2015_1208_1411",0.924968279777824
"2015_1208_1412",0.798240102050788
"2015_1208_1414",0.73362992331155
"2015_1208_1417",0.494999850829575
"2015_1208_1428",0.274721734133516
"2015_1208_1433",0.517565282184048
"2015_1208_1434",0.665124826117248
"2015_1208_1437",0.173458471451718
"2015_1208_1438",0.194846069433492
"2015_1208_1452",0.434640795705637
"2015_1208_1455",0.390033021633509
"2015_1208_1458",0.15209387911157
"2015_1208_1459",0.751091748886071
"2015_1208_1461",0.727422207341491
"2015_1208_1462",0.444215976973707
"2015_1209_1211",0.137171158034102
"2015_1209_1214",0.85628633292361
"2015_1209_1217",0.509134784877906
"2015_1209_1231",0.333285554768392
"2015_1209_1234",0.228581481574417
"2015_1209_1235",0.180193909488569
"2015_1209_1242",0.187600161795575
"2015_1209_1246",0.0430941548949416
"2015_1209_1248",0.751875720095779
"2015_1209_1257",0.193815626186359
"2015_1209_1261",0.365828435998588
"2015_1209_1264",0.625090536991302
"2015_1209_1268",0.304250956229436
"2015_1209_1277",0.196764342351482
"2015_1209_1279",0.367816968163991
"2015_1209_1295",0.705367961703838
"2015_1209_1301",0.287765172688404
"2015_1209_1308",0.576059666066523
"2015_1209_1314",0.137986985833188
"2015_1209_1316",0.663982875104514
"2015_1209_1318",0.639375760846813
"2015_1209_1320",0.294276077922802
"2015_1209_1323",0.167007588774172
"2015_1209_1326",0.186245764657435
"2015_1209_1328",0.173235003189021
"2015_1209_1329",0.355918495945526
"2015_1209_1332",0.363693531298344
"2015_1209_1344",0.280652950751567
"2015_1209_1345",0.310883001406249
"2015_1209_1352",0.731479064514399
"2015_1209_1361",0.326191095458055
"2015_1209_1372",0.423801073532243
"2015_1209_1374",0.297064452933407
"2015_1209_1385",0.376262615301243
"2015_1209_1400",0.242437363808144
"2015_1209_1411",0.84308496157777
"2015_1209_1412",0.656435505781829
"2015_1209_1414",0.575813345440532
"2015_1209_1417",0.328125832405281
"2015_1209_1428",0.151261384572482
"2015_1209_1433",0.348797646613867
"2015_1209_1434",0.497533020360982
"2015_1209_1437",0.084918918080569
"2015_1209_1438",0.0981249395803272
"2015_1209_1452",0.275220298293198
"2015_1209_1455",0.238306576362167
"2015_1209_1458",0.0721830085474482
"2015_1209_1459",0.596903343352956
"2015_1209_1461",0.568430176811044
"2015_1209_1462",0.283371346610412
"2015_1211_1214",0.984388375376866
"2015_1211_1217",0.867772773105937
"2015_1211_1231",0.746222061763865
"2015_1211_1234",0.636779995764475
"2015_1211_1235",0.570990762504343
"2015_1211_1242",0.581897196748586
"2015_1211_1246",0.266500500361603
"2015_1211_1248",0.961869702933866
"2015_1211_1257",0.590724759275677
"2015_1211_1261",0.773525609713751
"2015_1211_1264",0.920853945343522
"2015_1211_1268",0.719481867112965
"2015_1211_1277",0.594941654279167
"2015_1211_1279",0.775138644163558
"2015_1211_1295",0.948666324894821
"2015_1211_1301",0.703176005119472
"2015_1211_1308",0.900566209108544
"2015_1211_1314",0.501552059155402
"2015_1211_1316",0.935220114600967
"2015_1211_1318",0.926448954023428
"2015_1211_1320",0.709743122347528
"2015_1211_1323",0.550619900256376
"2015_1211_1326",0.579761058098818
"2015_1211_1328",0.56040908219263
"2015_1211_1329",0.765526154076616
"2015_1211_1332",0.771737033317277
"2015_1211_1344",0.695881025220736
"2015_1211_1345",0.725809504496873
"2015_1211_1352",0.956310855366195
"2015_1211_1361",0.739933480028262
"2015_1211_1372",0.816225464229476
"2015_1211_1374",0.712478293638762
"2015_1211_1385",0.781781630797957
"2015_1211_1400",0.653548848425826
"2015_1211_1411",0.982069908553958
"2015_1211_1412",0.932594669948536
"2015_1211_1414",0.90045891347239
"2015_1211_1417",0.741527765881008
"2015_1211_1428",0.52483153646338
"2015_1211_1433",0.759595263269299
"2015_1211_1434",0.861523092100264
"2015_1211_1437",0.389856003238616
"2015_1211_1438",0.421011262710902
"2015_1211_1452",0.690216959988861
"2015_1211_1455",0.648696765155788
"2015_1211_1458",0.356973471389499
"2015_1211_1459",0.909587725825541
"2015_1211_1461",0.897144066383867
"2015_1211_1462",0.698721908703393
"2015_1214_1217",0.148925664740869
"2015_1214_1231",0.067578811841583
"2015_1214_1234",0.035448436586582
"2015_1214_1235",0.0240213821661393
"2015_1214_1242",0.0256402090822658
"2015_1214_1246",0.0027591434833052
"2015_1214_1248",0.350638092689632
"2015_1214_1257",0.0270648350909712
"2015_1214_1261",0.0797932518637841
"2015_1214_1264",0.228099701204101
"2015_1214_1268",0.057597136846138
"2015_1214_1277",0.0276962179862402
"2015_1214_1279",0.0806306002814342
"2015_1214_1295",0.300067650288204
"2015_1214_1301",0.0522901658392346
"2015_1214_1308",0.191573644313773
"2015_1214_1314",0.0157410446337616
"2015_1214_1316",0.260836807916431
"2015_1214_1318",0.23975824352389
"2015_1214_1320",0.0543628006997477
"2015_1214_1323",0.0212613225013128
"2015_1214_1326",0.0254133297249138
"2015_1214_1328",0.0225730240821514
"2015_1214_1329",0.0760377356282621
"2015_1214_1332",0.0789381303156255
"2015_1214_1344",0.0500810721642034
"2015_1214_1345",0.0598172459645578
"2015_1214_1352",0.327523133437652
"2015_1214_1361",0.0650730065381318
"2015_1214_1372",0.104600917450754
"2015_1214_1374",0.0552396144061238
"2015_1214_1385",0.0840525101734211
"2015_1214_1400",0.0391683698040602
"2015_1214_1411",0.477404771450114
"2015_1214_1412",0.254204149917234
"2015_1214_1414",0.191384254598347
"2015_1214_1417",0.065692325244725
"2015_1214_1428",0.0182096867590082
"2015_1214_1433",0.073297414782102
"2015_1214_1434",0.142335026895925
"2015_1214_1437",0.00745862073339322
"2015_1214_1438",0.00930995530298333
"2015_1214_1452",0.0484986894603471
"2015_1214_1455",0.038011335763933
"2015_1214_1458",0.00585637109650599
"2015_1214_1459",0.206494939574027
"2015_1214_1461",0.186316053815727
"2015_1214_1462",0.0509781885545148
"2015_1217_1231",0.324988957554937
"2015_1217_1234",0.221687615219651
"2015_1217_1235",0.174248024521059
"2015_1217_1242",0.181508228743141
"2015_1217_1246",0.0410682764354581
"2015_1217_1248",0.744590852715242
"2015_1217_1257",0.18758952951714
"2015_1217_1261",0.357240337243086
"2015_1217_1264",0.616410751949544
"2015_1217_1268",0.296265088519917
"2015_1217_1277",0.190474170515613
"2015_1217_1279",0.359228340754152
"2015_1217_1295",0.697445440661272
"2015_1217_1301",0.279984818225193
"2015_1217_1308",0.567063335554217
"2015_1217_1314",0.133020800453888
"2015_1217_1316",0.655592557601649
"2015_1217_1318",0.630768025764672
"2015_1217_1320",0.286429266667728
"2015_1217_1323",0.161298411515748
"2015_1217_1326",0.180229301341851
"2015_1217_1328",0.167470974024709
"2015_1217_1329",0.347448542602883
"2015_1217_1332",0.355115881257667
"2015_1217_1344",0.272962927922792
"2015_1217_1345",0.302830550846565
"2015_1217_1352",0.723912853234263
"2015_1217_1361",0.317993337813957
"2015_1217_1372",0.414863109228924
"2015_1217_1374",0.289169685367698
"2015_1217_1385",0.367596960930808
"2015_1217_1400",0.235369817211713
"2015_1217_1411",0.837496054651575
"2015_1217_1412",0.647984719748902
"2015_1217_1414",0.566824818048558
"2015_1217_1417",0.319857318607162
"2015_1217_1428",0.146044650527154
"2015_1217_1433",0.340362761449488
"2015_1217_1434",0.488398926522293
"2015_1217_1437",0.081377693710944
"2015_1217_1438",0.0942392009039802
"2015_1217_1452",0.267643244438479
"2015_1217_1455",0.231283541600593
"2015_1217_1458",0.0691025167405951
"2015_1217_1459",0.588013188247016
"2015_1217_1461",0.559419008333051
"2015_1217_1462",0.275689873909327
"2015_1231_1234",0.37719635711874
"2015_1231_1235",0.314245537276157
"2015_1231_1242",0.324205299952972
"2015_1231_1246",0.0992912529834711
"2015_1231_1248",0.86675366512072
"2015_1231_1257",0.332379840621228
"2015_1231_1261",0.535056345966569
"2015_1231_1264",0.773259257953066
"2015_1231_1268",0.467559539353566
"2015_1231_1277",0.336340935719206
"2015_1231_1279",0.537150080155936
"2015_1231_1295",0.834125781394916
"2015_1231_1301",0.44863679332597
"2015_1231_1308",0.733245889987199
"2015_1231_1314",0.254997647385461
"2015_1231_1316",0.803478564381488
"2015_1231_1318",0.784550987785417
"2015_1231_1320",0.456171434600224
"2015_1231_1323",0.296143586534346
"2015_1231_1326",0.322293490635378
"2015_1231_1328",0.304771231782265
"2015_1231_1329",0.524511739939461
"2015_1231_1332",0.532779052644204
"2015_1231_1344",0.440352097617877
"2015_1231_1345",0.475069981035489
"2015_1231_1352",0.852694226609397
"2015_1231_1361",0.492199442368951
"2015_1231_1372",0.59432936454818
"2015_1231_1374",0.459371189673448
"2015_1231_1385",0.54598365016953
"2015_1231_1400",0.394424794618319
"2015_1231_1411",0.924691208271502
"2015_1231_1412",0.797747040659725
"2015_1231_1414",0.733047382329088
"2015_1231_1417",0.49430283115626
"2015_1231_1428",0.274163939377562
"2015_1231_1433",0.516868666681833
"2015_1231_1434",0.664481589201139
"2015_1231_1437",0.173010652571284
"2015_1231_1438",0.194371511718747
"2015_1231_1452",0.433953995444665
"2015_1231_1455",0.389364351697925
"2015_1231_1458",0.151699219931791
"2015_1231_1459",0.750518408247349
"2015_1231_1461",0.726842587628305
"2015_1231_1462",0.443526668951837
"2015_1234_1235",0.432106359803891
"2015_1234_1242",0.443086906626406
"2015_1234_1246",0.165286043415766
"2015_1234_1248",0.922717394087894
"2015_1234_1257",0.452033065283396
"2015_1234_1261",0.655713498464044
"2015_1234_1264",0.855927348947248
"2015_1234_1268",0.59150641734187
"2015_1234_1277",0.456353625012505
"2015_1234_1279",0.657661002505467
"2015_1234_1295",0.900257639913312
"2015_1234_1301",0.572895915954325
"2015_1234_1308",0.825182117682923
"2015_1234_1314",0.364653135209809
"2015_1234_1316",0.878319983131219
"2015_1234_1318",0.864386233642056
"2015_1234_1320",0.580332877269077
"2015_1234_1323",0.411886309296916
"2015_1234_1326",0.440948199520572
"2015_1234_1328",0.421557118187476
"2015_1234_1329",0.645895407895476
"2015_1234_1332",0.653573497551919
"2015_1234_1344",0.564647053710297
"2015_1234_1345",0.598829944042948
"2015_1234_1352",0.913167280873388
"2015_1234_1361",0.615341967892
"2015_1234_1372",0.709308568454662
"2015_1234_1374",0.583491643156732
"2015_1234_1385",0.665792447161049
"2015_1234_1400",0.517947089336148
"2015_1234_1411",0.959875215356343
"2015_1234_1412",0.874142858954337
"2015_1234_1414",0.825025122955381
"2015_1234_1417",0.617342645699556
"2015_1234_1428",0.386848362247238
"2015_1234_1433",0.638752666152204
"2015_1234_1434",0.769572235787298
"2015_1234_1437",0.264478195352979
"2015_1234_1438",0.291456672574871
"2015_1234_1452",0.558237594412697
"2015_1234_1455",0.512712119051795
"2015_1234_1458",0.236853843069511
"2015_1234_1459",0.838582843775273
"2015_1234_1461",0.820161835163107
"2015_1234_1462",0.567808658347932
"2015_1235_1242",0.511111251244668
"2015_1235_1246",0.211205529697422
"2015_1235_1248",0.944582109589284
"2015_1235_1257",0.52013447675336
"2015_1235_1261",0.716286127584758
"2015_1235_1264",0.891216841248904
"2015_1235_1268",0.656324507338666
"2015_1235_1277",0.524482201769232
"2015_1235_1279",0.718056690842359
"2015_1235_1295",0.927033728642059
"2015_1235_1301",0.638618147020315
"2015_1235_1308",0.865708466137373
"2015_1235_1314",0.43053273817343
"2015_1235_1316",0.909496249170372
"2015_1235_1318",0.89816669697635
"2015_1235_1320",0.645719995323075
"2015_1235_1323",0.479396283865465
"2015_1235_1326",0.508939692633974
"2015_1235_1328",0.489270748773576
"2015_1235_1329",0.707222397478983
"2015_1235_1332",0.714324769057229
"2015_1235_1344",0.63073544961817
"2015_1235_1345",0.663240435134107
"2015_1235_1352",0.937160210030803
"2015_1235_1361",0.678788803237228
"2015_1235_1372",0.76501120120819
"2015_1235_1374",0.648716298876907
"2015_1235_1385",0.725511553091681
"2015_1235_1400",0.585500603666247
"2015_1235_1411",0.972605813406301
"2015_1235_1412",0.906096676880508
"2015_1235_1414",0.865580732262573
"2015_1235_1417",0.680647429485688
"2015_1235_1428",0.453593959614066
"2015_1235_1433",0.700602499195952
"2015_1235_1434",0.818188768117567
"2015_1235_1437",0.323228040816497
"2015_1235_1438",0.352645063766038
"2015_1235_1452",0.624578153444736
"2015_1235_1455",0.580393358309293
"2015_1235_1458",0.292682462920138
"2015_1235_1459",0.876936312930133
"2015_1235_1461",0.861464689718695
"2015_1235_1462",0.63375586510195
"2015_1242_1246",0.203237497285465
"2015_1242_1248",0.941396025194408
"2015_1242_1257",0.509030488098426
"2015_1242_1261",0.706771120364642
"2015_1242_1264",0.885915555171423
"2015_1242_1268",0.646019719501528
"2015_1242_1277",0.513381669577628
"2015_1242_1279",0.708564471676262
"2015_1242_1295",0.923096444824651
"2015_1242_1301",0.628125227787553
"2015_1242_1308",0.85958689542676
"2015_1242_1314",0.419623846845629
"2015_1242_1316",0.904868842324446
"2015_1242_1318",0.893125874289195
"2015_1242_1320",0.635304376185689
"2015_1242_1323",0.468310304532167
"2015_1242_1326",0.497832013582328
"2015_1242_1328",0.478169358821139
"2015_1242_1329",0.697573360309352
"2015_1242_1332",0.704785457424811
"2015_1242_1344",0.620174632074646
"2015_1242_1345",0.653006467398902
"2015_1242_1352",0.933641576297202
"2015_1242_1361",0.668745666477052
"2015_1242_1372",0.756375809448503
"2015_1242_1374",0.638324854895333
"2015_1242_1385",0.716145937819676
"2015_1242_1400",0.574610550554773
"2015_1242_1411",0.970814368867508
"2015_1242_1412",0.901336398182972
"2015_1242_1414",0.85945784884976
"2015_1242_1417",0.670622095798175
"2015_1242_1428",0.442581189290781
"2015_1242_1433",0.690851960677017
"2015_1242_1434",0.810742522245358
"2015_1242_1437",0.31329688761558
"2015_1242_1438",0.342357110243541
"2015_1242_1452",0.613967093623877
"2015_1242_1455",0.56947618863254
"2015_1242_1458",0.283189192435635
"2015_1242_1459",0.871184600676343
"2015_1242_1461",0.855210308131881
"2015_1242_1462",0.62322248339836
"2015_1246_1248",0.991675437316213
"2015_1246_1257",0.80307505798815
"2015_1246_1261",0.91519428276488
"2015_1246_1264",0.978959010813254
"2015_1246_1268",0.885776055291167
"2015_1246_1277",0.806079492471565
"2015_1246_1279",0.916024123998409
"2015_1246_1295",0.987899616582944
"2015_1246_1301",0.876279939302078
"2015_1246_1308",0.971756072070129
"2015_1246_1314",0.73475423866332
"2015_1246_1316",0.983739594272312
"2015_1246_1318",0.980865553733733
"2015_1246_1320",0.880161122393784
"2015_1246_1323",0.773518601827592
"2015_1246_1326",0.795150771657368
"2015_1246_1328",0.780939467480738
"2015_1246_1329",0.911046530550352
"2015_1246_1332",0.914259449021765
"2015_1246_1344",0.87195492049809
"2015_1246_1345",0.889371523697505
"2015_1246_1352",0.99012306679693
"2015_1246_1361",0.89728832681466
"2015_1246_1372",0.936249504604274
"2015_1246_1374",0.881733501302106
"2015_1246_1385",0.919400505867951
"2015_1246_1400",0.845676852276238
"2015_1246_1411",0.996734074757545
"2015_1246_1412",0.982888039702023
"2015_1246_1414",0.971712515453731
"2015_1246_1417",0.89811135351452
"2015_1246_1428",0.753515903381028
"2015_1246_1433",0.907907587632882
"2015_1246_1434",0.956354050895583
"2015_1246_1437",0.63441396427252
"2015_1246_1438",0.664284109474371
"2015_1246_1452",0.868566291987192
"2015_1246_1455",0.842567165872978
"2015_1246_1458",0.601328662555687
"2015_1246_1459",0.975040050054958
"2015_1246_1461",0.970472225762979
"2015_1246_1462",0.873664340785549
"2015_1248_1257",0.0613085847948737
"2015_1248_1261",0.153095641234365
"2015_1248_1264",0.35888919858252
"2015_1248_1268",0.116527211658949
"2015_1248_1277",0.0626229825557088
"2015_1248_1279",0.154350452334754
"2015_1248_1295",0.444112562746234
"2015_1248_1301",0.107461075225173
"2015_1248_1308",0.312535689632259
"2015_1248_1314",0.0384472780734921
"2015_1248_1316",0.398528069261175
"2015_1248_1318",0.373080650167045
"2015_1248_1320",0.111008994324359
"2015_1248_1323",0.0498798049380628
"2015_1248_1326",0.058050734526679
"2015_1248_1328",0.0524931136751715
"2015_1248_1329",0.146946104274746
"2015_1248_1332",0.151785124249307
"2015_1248_1344",0.103633075645471
"2015_1248_1345",0.120270681239514
"2015_1248_1352",0.47483796454044
"2015_1248_1361",0.129091353197541
"2015_1248_1372",0.191480236063948
"2015_1248_1374",0.112544666755371
"2015_1248_1385",0.159701096485351
"2015_1248_1400",0.0840336166986817
"2015_1248_1411",0.628141233781613
"2015_1248_1412",0.390601060479603
"2015_1248_1414",0.312306929960784
"2015_1248_1417",0.130238797478459
"2015_1248_1428",0.0436132195872781
"2015_1248_1433",0.142553953029146
"2015_1248_1434",0.246144287024968
"2015_1248_1437",0.0200855207226196
"2015_1248_1438",0.0243208209453289
"2015_1248_1452",0.100754634088789
"2015_1248_1455",0.081985450939429
"2015_1248_1458",0.0162343890468464
"2015_1248_1459",0.331724076563159
"2015_1248_1461",0.30567926350055
"2015_1248_1462",0.105102701302171
"2015_1257_1261",0.698898287853548
"2015_1257_1264",0.88142756764955
"2015_1257_1268",0.63755602685186
"2015_1257_1277",0.504350438926366
"2015_1257_1279",0.700763826352404
"2015_1257_1295",0.91971063042358
"2015_1257_1301",0.619530744235817
"2015_1257_1308",0.854440699577537
"2015_1257_1314",0.410783819817472
"2015_1257_1316",0.9009264264994
"2015_1257_1318",0.888901929990259
"2015_1257_1320",0.626750759589144
"2015_1257_1323",0.459314425641271
"2015_1257_1326",0.488802871764675
"2015_1257_1328",0.469154572131049
"2015_1257_1329",0.689636553337795
"2015_1257_1332",0.696846851806993
"2015_1257_1344",0.611508343069204
"2015_1257_1345",0.644623248691097
"2015_1257_1352",0.930643872895294
"2015_1257_1361",0.660485257431868
"2015_1257_1372",0.74913835737312
"2015_1257_1374",0.629801669947143
"2015_1257_1385",0.70845525449963
"2015_1257_1400",0.565740389283832
"2015_1257_1411",0.969219162119417
"2015_1257_1412",0.897324453579048
"2015_1257_1414",0.854293652513921
"2015_1257_1417",0.662352435201006
"2015_1257_1428",0.43365879939364
"2015_1257_1433",0.682840927465465
"2015_1257_1434",0.804530607798621
"2015_1257_1437",0.305368828028633
"2015_1257_1438",0.33407213096988
"2015_1257_1452",0.605283026953696
"2015_1257_1455",0.560564931372447
"2015_1257_1458",0.275615253407725
"2015_1257_1459",0.86628495467532
"2015_1257_1461",0.849980005494354
"2015_1257_1462",0.614604454437246
"2015_1261_1264",0.745942013396553
"2015_1261_1268",0.432745704394763
"2015_1261_1277",0.304868978773344
"2015_1261_1279",0.502101164858996
"2015_1261_1295",0.811324279326543
"2015_1261_1301",0.414069640398144
"2015_1261_1308",0.703578344109886
"2015_1261_1314",0.22761550325885
"2015_1261_1316",0.778233804645812
"2015_1261_1318",0.757931521111833
"2015_1261_1320",0.421495252226965
"2015_1261_1323",0.266489105851374
"2015_1261_1326",0.291464608715711
"2015_1261_1328",0.274702479893488
"2015_1261_1329",0.489430425057835
"2015_1261_1332",0.497719949336973
"2015_1261_1344",0.405913345903915
"2015_1261_1345",0.440182126377376
"2015_1261_1352",0.831519869167011
"2015_1261_1361",0.45718053117564
"2015_1261_1372",0.559914860268228
"2015_1261_1374",0.424652517946806
"2015_1261_1385",0.51098138973218
"2015_1261_1400",0.361029349926595
"2015_1261_1411",0.91144986138598
"2015_1261_1412",0.772065017621754
"2015_1261_1414",0.703372736177327
"2015_1261_1417",0.459272082293742
"2015_1261_1428",0.245670822345402
"2015_1261_1433",0.481778561585085
"2015_1261_1434",0.631846458741319
"2015_1261_1437",0.151420941113782
"2015_1261_1438",0.171118849001624
"2015_1261_1452",0.399641949796602
"2015_1261_1455",0.356088271325333
"2015_1261_1458",0.131963221368414
"2015_1261_1459",0.721814991086842
"2015_1261_1461",0.696835035902204
"2015_1261_1462",0.409047656272284
"2015_1264_1268",0.203016178955993
"2015_1264_1277",0.120639388027975
"2015_1264_1279",0.2558034545409
"2015_1264_1295",0.587440253243126
"2015_1264_1301",0.189779367079572
"2015_1264_1308",0.449416177276446
"2015_1264_1314",0.079638486164108
"2015_1264_1316",0.541558841852423
"2015_1264_1318",0.515084751122106
"2015_1264_1320",0.195017863355959
"2015_1264_1323",0.0994531692558376
"2015_1264_1326",0.113207398424195
"2015_1264_1328",0.103915126025106
"2015_1264_1329",0.245772178045677
"2015_1264_1332",0.252220020207673
"2015_1264_1344",0.184145761760888
"2015_1264_1345",0.208396158338782
"2015_1264_1352",0.617304094881722
"2015_1264_1361",0.220930469741024
"2015_1264_1372",0.304693217286223
"2015_1264_1374",0.197206122134227
"2015_1264_1385",0.263059258795999
"2015_1264_1400",0.15466526497856
"2015_1264_1411",0.754298672894837
"2015_1264_1412",0.533384996336235
"2015_1264_1414",0.449165230174175
"2015_1264_1417",0.222396964508035
"2015_1264_1428",0.088713330797533
"2015_1264_1433",0.239713458803206
"2015_1264_1434",0.372573526910799
"2015_1264_1437",0.0453921183147441
"2015_1264_1438",0.0537068090818709
"2015_1264_1452",0.179981258893956
"2015_1264_1455",0.151469699578159
"2015_1264_1458",0.0377268209786989
"2015_1264_1459",0.470656657471408
"2015_1264_1461",0.441736218159034
"2015_1264_1462",0.186397487217397
"2015_1268_1277",0.366535378691533
"2015_1268_1279",0.569321853667687
"2015_1268_1295",0.853590690026796
"2015_1268_1301",0.480980528398514
"2015_1268_1308",0.759279310137712
"2015_1268_1314",0.281835466301372
"2015_1268_1316",0.825219396436188
"2015_1268_1318",0.807582999673026
"2015_1268_1320",0.488560281409914
"2015_1268_1323",0.32486612852526
"2015_1268_1326",0.352027394909426
"2015_1268_1328",0.333852546673732
"2015_1268_1329",0.556805149829576
"2015_1268_1332",0.564997095743047
"2015_1268_1344",0.472625893596234
"2015_1268_1345",0.507530860285658
"2015_1268_1352",0.870628774908596
"2015_1268_1361",0.524658867639732
"2015_1268_1372",0.625550384453789
"2015_1268_1374",0.491779312253779
"2015_1268_1385",0.578057334538574
"2015_1268_1400",0.426068136198964
"2015_1268_1411",0.935590997704471
"2015_1268_1412",0.819883470147295
"2015_1268_1414",0.759104074535814
"2015_1268_1417",0.526753154336923
"2015_1268_1428",0.301941522536947
"2015_1268_1433",0.549224740781465
"2015_1268_1434",0.69361619305992
"2015_1268_1437",0.19461848831716
"2015_1268_1438",0.21753205147011
"2015_1268_1452",0.466164091742493
"2015_1268_1455",0.420909374732724
"2015_1268_1458",0.171623888965356
"2015_1268_1459",0.775637991795308
"2015_1268_1461",0.753224292918765
"2015_1268_1462",0.475828189518159
"2015_1277_1279",0.696969527769257
"2015_1277_1295",0.918144848548153
"2015_1277_1301",0.615383911964262
"2015_1277_1308",0.851981803348117
"2015_1277_1314",0.406550571581109
"2015_1277_1316",0.899077448761785
"2015_1277_1318",0.886823504479531
"2015_1277_1320",0.622623719672928
"2015_1277_1323",0.454986593519103
"2015_1277_1326",0.48445799578452
"2015_1277_1328",0.464819104535958
"2015_1277_1329",0.685765996447903
"2015_1277_1332",0.693100763686692
"2015_1277_1344",0.607341541471643
"2015_1277_1345",0.640551309409793
"2015_1277_1352",0.929230906771051
"2015_1277_1361",0.656492937087537
"2015_1277_1372",0.74572064909476
"2015_1277_1374",0.625692111349373
"2015_1277_1385",0.704677461776855
"2015_1277_1400",0.561432290811012
"2015_1277_1411",0.968490638080807
"2015_1277_1412",0.895403561203567
"2015_1277_1414",0.8518405702661
"2015_1277_1417",0.658414628666824
"2015_1277_1428",0.429370459072458
"2015_1277_1433",0.678940856003174
"2015_1277_1434",0.801524768813193
"2015_1277_1437",0.301505240439846
"2015_1277_1438",0.330127557522272
"2015_1277_1452",0.60107005048156
"2015_1277_1455",0.556260438838123
"2015_1277_1458",0.271939035415686
"2015_1277_1459",0.863978679061518
"2015_1277_1461",0.847453945741337
"2015_1277_1462",0.610421363857433
"2015_1279_1295",0.809848937192807
"2015_1279_1301",0.412020177365212
"2015_1279_1308",0.701753547473113
"2015_1279_1314",0.22599521369287
"2015_1279_1316",0.776636884028553
"2015_1279_1318",0.756297260955911
"2015_1279_1320",0.419437345859141
"2015_1279_1323",0.264770905600157
"2015_1279_1326",0.289588060971282
"2015_1279_1328",0.272920478456232
"2015_1279_1329",0.487328429798217
"2015_1279_1332",0.495621386496911
"2015_1279_1344",0.403882574221365
"2015_1279_1345",0.438101618822491
"2015_1279_1352",0.830156377794791
"2015_1279_1361",0.455089677227112
"2015_1279_1372",0.557829415987416
"2015_1279_1374",0.422592014936904
"2015_1279_1385",0.508883018236401
"2015_1279_1400",0.359022656283071
"2015_1279_1411",0.910567976052543
"2015_1279_1412",0.770457934249182
"2015_1279_1414",0.701530683695377
"2015_1279_1417",0.457192597746353
"2015_1279_1428",0.243969900334353
"2015_1279_1433",0.479678400039525
"2015_1279_1434",0.629859227673442
"2015_1279_1437",0.15024092366401
"2015_1279_1438",0.169758294015695
"2015_1279_1452",0.39759868640852
"2015_1279_1455",0.354115857054826
"2015_1279_1458",0.130853252882272
"2015_1279_1459",0.720016833725985
"2015_1279_1461",0.694984802589636
"2015_1279_1462",0.40698997373965
"2015_1295_1301",0.135745322821523
"2015_1295_1308",0.363871779586424
"2015_1295_1314",0.0517206813980555
"2015_1295_1316",0.453583354012424
"2015_1295_1318",0.427352118644477
"2015_1295_1320",0.139929821618647
"2015_1295_1323",0.0660919403042839
"2015_1295_1326",0.0762845114280202
"2015_1295_1328",0.0693618411605624
"2015_1295_1329",0.181686933077329
"2015_1295_1332",0.187133402180695
"2015_1295_1344",0.131213439686308
"2015_1295_1345",0.150801097238556
"2015_1295_1352",0.530865158844517
"2015_1295_1361",0.161056594175791
"2015_1295_1372",0.232075291329294
"2015_1295_1374",0.141724633602645
"2015_1295_1385",0.196278608888005
"2015_1295_1400",0.107923539628472
"2015_1295_1411",0.67991865185726
"2015_1295_1412",0.445439159337941
"2015_1295_1414",0.363627170194216
"2015_1295_1417",0.162320269738984
"2015_1295_1428",0.0582429170388733
"2015_1295_1433",0.176633019027334
"2015_1295_1434",0.292502665498534
"2015_1295_1437",0.0279402234051441
"2015_1295_1438",0.0335445506167417
"2015_1295_1452",0.127857743022522
"2015_1295_1455",0.105427003978908
"2015_1295_1458",0.0228331952899296
"2015_1295_1459",0.384140385513448
"2015_1295_1461",0.356598463677218
"2015_1295_1462",0.132998340929026
"2015_1301_1308",0.773887655864078
"2015_1301_1314",0.298140232198298
"2015_1301_1316",0.837234680075082
"2015_1301_1318",0.820339593102165
"2015_1301_1320",0.507585488721972
"2015_1301_1323",0.342209167659695
"2015_1301_1326",0.369862017531349
"2015_1301_1328",0.351366470897372
"2015_1301_1329",0.575563426973168
"2015_1301_1332",0.583689326972712
"2015_1301_1344",0.491632217793798
"2015_1301_1345",0.526539206557803
"2015_1301_1352",0.880419861730824
"2015_1301_1361",0.543614218051399
"2015_1301_1372",0.64347552866735
"2015_1301_1374",0.510805038894952
"2015_1301_1385",0.596617411367712
"2015_1301_1400",0.444838337838604
"2015_1301_1411",0.941350766739229
"2015_1301_1412",0.832137462851836
"2015_1301_1414",0.773710427750452
"2015_1301_1417",0.545701563611775
"2015_1301_1428",0.318745957516263
"2015_1301_1433",0.568042532970825
"2015_1301_1434",0.710139823431747
"2015_1301_1437",0.208008488222895
"2015_1301_1438",0.231833666871461
"2015_1301_1452",0.485154086774969
"2015_1301_1455",0.439643728840223
"2015_1301_1458",0.184014140111836
"2015_1301_1459",0.789637482465018
"2015_1301_1461",0.768024958669684
"2015_1301_1462",0.49483943268633
"2015_1308_1314",0.100077603170856
"2015_1308_1316",0.591558230205777
"2015_1308_1318",0.56553237437941
"2015_1308_1320",0.231867680957649
"2015_1308_1323",0.123479295267755
"2015_1308_1326",0.139286492937995
"2015_1308_1328",0.128570329576092
"2015_1308_1329",0.287336395397224
"2015_1308_1332",0.294474808621887
"2015_1308_1344",0.219858834896992
"2015_1308_1345",0.246626715446413
"2015_1308_1352",0.66478309792358
"2015_1308_1361",0.260354691125065
"2015_1308_1372",0.350500062776667
"2015_1308_1374",0.234334062149925
"2015_1308_1385",0.30604340839442
"2015_1308_1400",0.186667294553646
"2015_1308_1411",0.79260527408954
"2015_1308_1412",0.583543825686561
"2015_1308_1414",0.499752415149213
"2015_1308_1417",0.262112552231921
"2015_1308_1428",0.110724793241033
"2015_1308_1433",0.280833281199615
"2015_1308_1434",0.421523213187151
"2015_1308_1437",0.0588786632130929
"2015_1308_1438",0.0689141716815771
"2015_1308_1452",0.215094274689118
"2015_1308_1455",0.183123586194978
"2015_1308_1458",0.0493451599334467
"2015_1308_1459",0.521346010930349
"2015_1308_1461",0.492253213746109
"2015_1308_1462",0.222243451880084
"2015_1314_1316",0.934758668014825
"2015_1314_1318",0.925906452859374
"2015_1314_1320",0.708412110909101
"2015_1314_1323",0.549083656137503
"2015_1314_1326",0.578256962989809
"2015_1314_1328",0.558881970676751
"2015_1314_1329",0.764329654856806
"2015_1314_1332",0.770592583671158
"2015_1314_1344",0.694533250259568
"2015_1314_1345",0.724523965166301
"2015_1314_1352",0.955978415849281
"2015_1314_1361",0.738685634073372
"2015_1314_1372",0.815207695464696
"2015_1314_1374",0.711179746811206
"2015_1314_1385",0.780619582864689
"2015_1314_1400",0.652120385891112
"2015_1314_1411",0.981890632668463
"2015_1314_1412",0.932120616131348
"2015_1314_1414",0.899800632601838
"2015_1314_1417",0.740325875516976
"2015_1314_1428",0.523289024570696
"2015_1314_1433",0.758389177118695
"2015_1314_1434",0.860666837033585
"2015_1314_1437",0.388351622447232
"2015_1314_1438",0.419496680358019
"2015_1314_1452",0.688828989787346
"2015_1314_1455",0.647256868242796
"2015_1314_1458",0.355496226647006
"2015_1314_1459",0.908953681174399
"2015_1314_1461",0.896471089704631
"2015_1314_1462",0.697369960493271
"2015_1316_1318",0.473477040662371
"2015_1316_1320",0.167486140535365
"2015_1316_1323",0.0824000426401388
"2015_1316_1326",0.0943449161868286
"2015_1316_1328",0.0862319391769764
"2015_1316_1329",0.214019585295402
"2015_1316_1332",0.220082589987331
"2015_1316_1344",0.157653195559688
"2015_1316_1345",0.179688950506386
"2015_1316_1352",0.576932681136148
"2015_1316_1361",0.191147635225237
"2015_1316_1372",0.269116292088275
"2015_1316_1374",0.169509091440384
"2015_1316_1385",0.230101303614292
"2015_1316_1400",0.131057814106563
"2015_1316_1411",0.720409975496628
"2015_1316_1412",0.491788688412307
"2015_1316_1414",0.408197998169847
"2015_1316_1417",0.192591419528175
"2015_1316_1428",0.0730224584789045
"2015_1316_1433",0.208453401339821
"2015_1316_1434",0.333769016014674
"2015_1316_1437",0.0362832336298097
"2015_1316_1438",0.0431805476085198
"2015_1316_1452",0.153819366269972
"2015_1316_1455",0.128220620809223
"2015_1316_1458",0.0298986626785882
"2015_1316_1459",0.429353530666572
"2015_1316_1461",0.400918541514091
"2015_1316_1462",0.159634938503323
"2015_1318_1320",0.184671631039609
"2015_1318_1323",0.0929626475600766
"2015_1318_1326",0.105936355942636
"2015_1318_1328",0.0971385292071945
"2015_1318_1329",0.233860300092816
"2015_1318_1332",0.240335984291322
"2015_1318_1344",0.17422091232635
"2015_1318_1345",0.19761562089285
"2015_1318_1352",0.602782668481779
"2015_1318_1361",0.209768828417318
"2015_1318_1372",0.291541260820138
"2015_1318_1374",0.186839749521883
"2015_1318_1385",0.250735545131816
"2015_1318_1400",0.145653050122767
"2015_1318_1411",0.742323023138439
"2015_1318_1412",0.518325567182657
"2015_1318_1414",0.434222993528197
"2015_1318_1417",0.211364890478646
"2015_1318_1428",0.0826709053331121
"2015_1318_1433",0.228012930193354
"2015_1318_1434",0.358293883275828
"2015_1318_1437",0.0419136492659889
"2015_1318_1438",0.0495866433552014
"2015_1318_1452",0.170063059074699
"2015_1318_1455",0.142644865259429
"2015_1318_1458",0.034705360436747
"2015_1318_1459",0.455619936810258
"2015_1318_1461",0.426835422613141
"2015_1318_1462",0.176277776016243
"2015_1320_1323",0.335256498175512
"2015_1320_1326",0.362712022104153
"2015_1320_1328",0.344336035984139
"2015_1320_1329",0.568107925205687
"2015_1320_1332",0.576257395893627
"2015_1320_1344",0.484049764655035
"2015_1320_1345",0.518964797925393
"2015_1320_1352",0.876570732928981
"2015_1320_1361",0.536067810755577
"2015_1320_1372",0.636378446839314
"2015_1320_1374",0.50321968153338
"2015_1320_1385",0.589242273310623
"2015_1320_1400",0.437335524519604
"2015_1320_1411",0.939130960638514
"2015_1320_1412",0.827313552736826
"2015_1320_1414",0.767950973894612
"2015_1320_1417",0.538153156198039
"2015_1320_1428",0.311982003896842
"2015_1320_1433",0.560557179559764
"2015_1320_1434",0.703611629372412
"2015_1320_1437",0.20261120724931
"2015_1320_1438",0.226054474167072
"2015_1320_1452",0.477575417850513
"2015_1320_1455",0.432153229256192
"2015_1320_1458",0.179001129803369
"2015_1320_1459",0.784137913579529
"2015_1320_1461",0.762183292800641
"2015_1320_1462",0.487255288933211
"2015_1323_1326",0.529516858230066
"2015_1323_1328",0.509879933299238
"2015_1323_1329",0.724701814673778
"2015_1323_1332",0.731600412061671
"2015_1323_1344",0.650054383763132
"2015_1323_1345",0.681892128495187
"2015_1323_1352",0.943285876589646
"2015_1323_1361",0.69704729794188
"2015_1323_1372",0.780531216284767
"2015_1323_1374",0.667684272355884
"2015_1323_1385",0.742470533544869
"2015_1323_1400",0.605509989374673
"2015_1323_1411",0.975673740911556
"2015_1323_1412",0.91444831062563
"2015_1323_1414",0.876415202410246
"2015_1323_1417",0.698878151346507
"2015_1323_1428",0.474121433590864
"2015_1323_1433",0.718298661145334
"2015_1323_1434",0.831486452315827
"2015_1323_1437",0.341993614253068
"2015_1323_1438",0.372020938532063
"2015_1323_1452",0.643999709700932
"2015_1323_1455",0.600467450242004
"2015_1323_1458",0.31071058848086
"2015_1323_1459",0.887103561548029
"2015_1323_1461",0.872558477608227
"2015_1323_1462",0.653007701002913
"2015_1326_1328",0.480332374219672
"2015_1326_1329",0.699454069149551
"2015_1326_1332",0.706487665243278
"2015_1326_1344",0.622174615049185
"2015_1326_1345",0.65498266867518
"2015_1326_1352",0.934221883843822
"2015_1326_1361",0.670672384717547
"2015_1326_1372",0.757922491490103
"2015_1326_1374",0.640310605147086
"2015_1326_1385",0.717954774455077
"2015_1326_1400",0.576758158766153
"2015_1326_1411",0.971065123736765
"2015_1326_1412",0.90218394117001
"2015_1326_1414",0.860532517804494
"2015_1326_1417",0.672472702467857
"2015_1326_1428",0.444717337176984
"2015_1326_1433",0.692728872199338
"2015_1326_1434",0.812116038437401
"2015_1326_1437",0.315358364181111
"2015_1326_1438",0.344383612220029
"2015_1326_1452",0.616021399716946
"2015_1326_1455",0.571595256755476
"2015_1326_1458",0.285107603543512
"2015_1326_1459",0.872146408797517
"2015_1326_1461",0.8563435732694
"2015_1326_1462",0.625274823432604
"2015_1328_1329",0.716418083528668
"2015_1328_1332",0.723337117109713
"2015_1328_1344",0.640815497603377
"2015_1328_1345",0.672999484492835
"2015_1328_1352",0.94037431068302
"2015_1328_1361",0.688360922526362
"2015_1328_1372",0.773160915118464
"2015_1328_1374",0.658627782184117
"2015_1328_1385",0.734404888277281
"2015_1328_1400",0.595969177306235
"2015_1328_1411",0.974232887331323
"2015_1328_1412",0.910498502316748
"2015_1328_1414",0.871280352967821
"2015_1328_1417",0.690150590766541
"2015_1328_1428",0.464258476494736
"2015_1328_1433",0.709878102535185
"2015_1328_1434",0.825187048994527
"2015_1328_1437",0.332984889047473
"2015_1328_1438",0.362680791850076
"2015_1328_1452",0.63473819599582
"2015_1328_1455",0.590876875824355
"2015_1328_1458",0.302006483834346
"2015_1328_1459",0.882281236028559
"2015_1328_1461",0.867294382601304
"2015_1328_1462",0.643838608353664
"2015_1329_1332",0.508289707588364
"2015_1329_1344",0.41624045878071
"2015_1329_1345",0.450654662347932
"2015_1329_1352",0.838018646796244
"2015_1329_1361",0.467704612648394
"2015_1329_1372",0.570335388804587
"2015_1329_1374",0.435071377559929
"2015_1329_1385",0.521546365977465
"2015_1329_1400",0.370958271521715
"2015_1329_1411",0.915597864769602
"2015_1329_1412",0.779944818424841
"2015_1329_1414",0.712439193488792
"2015_1329_1417",0.469817354557813
"2015_1329_1428",0.254033061320278
"2015_1329_1433",0.492344423931798
"2015_1329_1434",0.641786918133747
"2015_1329_1437",0.157811070600721
"2015_1329_1438",0.177892631973794
"2015_1329_1452",0.409895387271498
"2015_1329_1455",0.366002083081262
"2015_1329_1458",0.137740966105637
"2015_1329_1459",0.730600731700536
"2015_1329_1461",0.705997051096477
"2015_1329_1462",0.419360383758628
"2015_1332_1344",0.408138822207841
"2015_1332_1345",0.442449519909798
"2015_1332_1352",0.832940314184945
"2015_1332_1361",0.459455274546164
"2015_1332_1372",0.562167396625012
"2015_1332_1374",0.426902839426394
"2015_1332_1385",0.513253530868561
"2015_1332_1400",0.363220205685995
"2015_1332_1411",0.91236028054991
"2015_1332_1412",0.7737610092922
"2015_1332_1414",0.70533097181634
"2015_1332_1417",0.461540417252962
"2015_1332_1428",0.247534574184375
"2015_1332_1433",0.484058656127888
"2015_1332_1434",0.633977502117234
"2015_1332_1437",0.15276484137255
"2015_1332_1438",0.172636823776585
"2015_1332_1452",0.401874715599929
"2015_1332_1455",0.35825102119472
"2015_1332_1458",0.133212176860837
"2015_1332_1459",0.723723536858425
"2015_1332_1461",0.698804050074448
"2015_1332_1462",0.411292421065633
"2015_1344_1345",0.534880939659412
"2015_1344_1352",0.884555064285674
"2015_1344_1361",0.551921244430524
"2015_1344_1372",0.651275969245462
"2015_1344_1374",0.519167285414258
"2015_1344_1385",0.60471348386083
"2015_1344_1400",0.453140692262065
"2015_1344_1411",0.943784831784365
"2015_1344_1412",0.83734441102165
"2015_1344_1414",0.779976768135936
"2015_1344_1417",0.55400474496907
"2015_1344_1428",0.326282555671376
"2015_1344_1433",0.576271064121226
"2015_1344_1434",0.71727845304567
"2015_1344_1437",0.214052656702289
"2015_1344_1438",0.238277544686268
"2015_1344_1452",0.493518131215536
"2015_1344_1455",0.44792938630092
"2015_1344_1458",0.189643709908132
"2015_1344_1459",0.795656564380563
"2015_1344_1461",0.774373962576055
"2015_1344_1462",0.503206507494268
"2015_1345_1352",0.866600639305325
"2015_1345_1361",0.517138849818613
"2015_1345_1372",0.618366492768737
"2015_1345_1374",0.484251563174948
"2015_1345_1385",0.570660006178333
"2015_1345_1400",0.418670096535699
"2015_1345_1411",0.933159327299928
"2015_1345_1412",0.814888822700773
"2015_1345_1414",0.7531832158402
"2015_1345_1417",0.519235526498855
"2015_1345_1428",0.295369647437912
"2015_1345_1433",0.541743581844637
"2015_1345_1434",0.686957156537736
"2015_1345_1437",0.189486086313918
"2015_1345_1438",0.21201717318036
"2015_1345_1452",0.458665066740618
"2015_1345_1455",0.413538221136664
"2015_1345_1458",0.166862465512637
"2015_1345_1459",0.769923864981057
"2015_1345_1461",0.747224981653631
"2015_1345_1462",0.468313635264172
"2015_1352_1361",0.142869279879572
"2015_1352_1372",0.209155702302341
"2015_1352_1374",0.125064899233675
"2015_1352_1385",0.175553187897813
"2015_1352_1400",0.0942375555750411
"2015_1352_1411",0.65173147038718
"2015_1352_1412",0.415023658735529
"2015_1352_1414",0.33497700315384
"2015_1352_1417",0.144031616480008
"2015_1352_1428",0.0497822286342927
"2015_1352_1433",0.157276960447431
"2015_1352_1434",0.266474819330517
"2015_1352_1437",0.0233393920218584
"2015_1352_1438",0.0281715843065667
"2015_1352_1452",0.112379384197239
"2015_1352_1455",0.0919870588768427
"2015_1352_1458",0.0189629386428197
"2015_1352_1459",0.35493289906203
"2015_1352_1461",0.328154131409406
"2015_1352_1462",0.117073763014028
"2015_1361_1372",0.601904504914243
"2015_1361_1374",0.467140714697177
"2015_1361_1385",0.5537216203328
"2015_1361_1400",0.401965671062081
"2015_1361_1411",0.927456197353848
"2015_1361_1412",0.803203420189411
"2015_1361_1414",0.739438847282138
"2015_1361_1417",0.502102076541467
"2015_1361_1428",0.280680481096079
"2015_1361_1433",0.524659090803702
"2015_1361_1434",0.671585774227076
"2015_1361_1437",0.178072144479631
"2015_1361_1438",0.199780446329415
"2015_1361_1452",0.441656707026141
"2015_1361_1455",0.396880515521497
"2015_1361_1458",0.156323776333846
"2015_1361_1459",0.756698393129553
"2015_1361_1461",0.733297868937024
"2015_1361_1462",0.451257206389165
"2015_1372_1374",0.366662771659225
"2015_1372_1385",0.45097930279378
"2015_1372_1400",0.306314618856654
"2015_1372_1411",0.884798590025934
"2015_1372_1412",0.724029479013679
"2015_1372_1414",0.649270066991816
"2015_1372_1417",0.400146285410046
"2015_1372_1428",0.200771075884941
"2015_1372_1433",0.42214293576356
"2015_1372_1434",0.573769335169213
"2015_1372_1437",0.118837828242019
"2015_1372_1438",0.135603231868396
"2015_1372_1452",0.342752500901553
"2015_1372_1455",0.301667758128385
"2015_1372_1458",0.10244837876406
"2015_1372_1459",0.669132047124683
"2015_1372_1461",0.64226249877162
"2015_1372_1462",0.351716595683809
"2015_1374_1385",0.586097389517993
"2015_1374_1400",0.434160084044578
"2015_1374_1411",0.938131290989925
"2015_1374_1412",0.825256195384395
"2015_1374_1414",0.765483917797707
"2015_1374_1417",0.534952019728916
"2015_1374_1428",0.309138355174128
"2015_1374_1433",0.557371534203038
"2015_1374_1434",0.700807886638088
"2015_1374_1437",0.200332049323022
"2015_1374_1438",0.223655499048483
"2015_1374_1452",0.474363539687449
"2015_1374_1455",0.428984623716356
"2015_1374_1458",0.176894502931113
"2015_1374_1459",0.781753772178927
"2015_1374_1461",0.759685779258224
"2015_1374_1462",0.48403837579972
"2015_1385_1400",0.350736989022733
"2015_1385_1411",0.906904693877968
"2015_1385_1412",0.763626239970102
"2015_1385_1414",0.693745148756668
"2015_1385_1417",0.44838280526156
"2015_1385_1428",0.237102388190102
"2015_1385_1433",0.470811213617748
"2015_1385_1434",0.621416233675599
"2015_1385_1437",0.145123447896959
"2015_1385_1438",0.16417973366381
"2015_1385_1452",0.38902864957093
"2015_1385_1455",0.345871534483651
"2015_1385_1458",0.126228926219536
"2015_1385_1459",0.712462375151851
"2015_1385_1461",0.687133243775719
"2015_1385_1462",0.398374315061678
"2015_1400_1411",0.955830215514413
"2015_1400_1412",0.864545507159906
"2015_1400_1414",0.813144228746128
"2015_1400_1417",0.600016949401807
"2015_1400_1428",0.369722058577457
"2015_1400_1433",0.621762648806377
"2015_1400_1434",0.755660172645817
"2015_1400_1437",0.250051614118124
"2015_1400_1438",0.276194832081715
"2015_1400_1452",0.54042753228092
"2015_1400_1455",0.494759837920668
"2015_1400_1458",0.223232777369078
"2015_1400_1459",0.82729577097892
"2015_1400_1461",0.808073139223461
"2015_1400_1462",0.550056514155359
"2015_1411_1412",0.272730657668991
"2015_1411_1414",0.207208106976992
"2015_1411_1417",0.0733201214838479
"2015_1411_1428",0.0208697682942729
"2015_1411_1433",0.0814779283204339
"2015_1411_1434",0.155438261263017
"2015_1411_1437",0.00871523634017542
"2015_1411_1438",0.0108018561728721
"2015_1411_1452",0.0544156310180884
"2015_1411_1455",0.0429055800930042
"2015_1411_1458",0.00686700623107213
"2015_1411_1459",0.223003752308901
"2015_1411_1461",0.201904712257976
"2015_1411_1462",0.0571483436310102
"2015_1412_1414",0.416211239824829
"2015_1412_1417",0.198268812782858
"2015_1412_1428",0.075915577927987
"2015_1412_1433",0.214389240048184
"2015_1412_1434",0.341286259015034
"2015_1412_1437",0.0379485364161173
"2015_1412_1438",0.0450886153126729
"2015_1412_1452",0.158733016176764
"2015_1412_1455",0.132567219853954
"2015_1412_1458",0.0313215666897584
"2015_1412_1459",0.437453514780502
"2015_1412_1461",0.408891196096163
"2015_1412_1462",0.164668503939331
"2015_1414_1417",0.262291831565717
"2015_1414_1428",0.110885591723843
"2015_1414_1433",0.281040262908489
"2015_1414_1434",0.421764717810063
"2015_1414_1437",0.0589291069662142
"2015_1414_1438",0.0689972338790954
"2015_1414_1452",0.215275272621764
"2015_1414_1455",0.183290423754403
"2015_1414_1458",0.049411405589037
"2015_1414_1459",0.521594242702173
"2015_1414_1461",0.492500324518901
"2015_1414_1462",0.222437369276836
"2015_1417_1428",0.279017064929615
"2015_1417_1433",0.522552738202953
"2015_1417_1434",0.669637569569635
"2015_1417_1437",0.176664637392889
"2015_1417_1438",0.198419031686503
"2015_1417_1452",0.439603703072235
"2015_1417_1455",0.394884613588137
"2015_1417_1458",0.15509465721444
"2015_1417_1459",0.755018540593355
"2015_1417_1461",0.731548782917578
"2015_1417_1462",0.449192326953785
"2015_1428_1433",0.739747366637839
"2015_1428_1434",0.847260746051866
"2015_1428_1437",0.366215625714015
"2015_1428_1438",0.396838476028649
"2015_1428_1452",0.667868811042773
"2015_1428_1455",0.625307513089076
"2015_1428_1458",0.334001934559845
"2015_1428_1459",0.898987475248641
"2015_1428_1461",0.885510475002076
"2015_1428_1462",0.676656714991527
"2015_1433_1434",0.648934498379094
"2015_1433_1437",0.162429163646513
"2015_1433_1438",0.182933389511126
"2015_1433_1452",0.417371119151211
"2015_1433_1455",0.373241382384851
"2015_1433_1458",0.141995630813637
"2015_1433_1459",0.73691145652801
"2015_1433_1461",0.712597908215049
"2015_1433_1462",0.426874839182665
"2015_1434_1437",0.0858702883404828
"2015_1434_1438",0.0991595273614534
"2015_1434_1452",0.27725323366615
"2015_1434_1455",0.240198326236025
"2015_1434_1458",0.073044747190647
"2015_1434_1459",0.599297456578395
"2015_1434_1461",0.570866753204454
"2015_1434_1462",0.285445668213247
"2015_1437_1438",0.532074290096804
"2015_1437_1452",0.781112233602113
"2015_1437_1455",0.745836868622817
"2015_1437_1458",0.465393747786988
"2015_1437_1459",0.947150647270024
"2015_1437_1461",0.938833023183963
"2015_1437_1462",0.788209761772792
"2015_1438_1452",0.756701455345481
"2015_1438_1455",0.719411770133348
"2015_1438_1458",0.433550328618403
"2015_1438_1459",0.937892462920458
"2015_1438_1461",0.928480350628303
"2015_1438_1462",0.764237082753973
"2015_1452_1455",0.454359649937256
"2015_1452_1458",0.194108344937318
"2015_1452_1459",0.800200247322716
"2015_1452_1461",0.779193934498739
"2015_1452_1462",0.509689216166324
"2015_1455_1458",0.227122740686099
"2015_1455_1459",0.830706672501966
"2015_1455_1461",0.81168766417776
"2015_1455_1462",0.555253376146454
"2015_1458_1459",0.955860868086211
"2015_1458_1461",0.948634418263172
"2015_1458_1462",0.812509878015389
"2015_1459_1461",0.470922485668694
"2015_1459_1462",0.206663932221292
"2015_1461_1462",0.228071982604221
