ID,Pred
2015_1107_1112,0.071566262
2015_1107_1116,0.330031293
2015_1112_1116,0.855725087
2015_1112_1124,0.549874574
2015_1107_1124,0.097417982
2015_1116_1124,0.205468867
2015_1107_1125,0.440414762
2015_1124_1125,0.792530457
2015_1112_1125,0.888581346
2015_1116_1125,0.476615519
2015_1124_1129,0.762868289
2015_1112_1129,0.841483382
2015_1107_1129,0.385215371
2015_1116_1129,0.430679571
2015_1125_1129,0.412729738
2015_1107_1138,0.506719451
2015_1112_1138,0.812785968
2015_1116_1138,0.514059692
2015_1124_1138,0.750134579
2015_1125_1138,0.524693599
2015_1129_1138,0.554872091
2015_1112_1139,0.731820321
2015_1116_1139,0.349382391
2015_1107_1139,0.19507764
2015_1138_1139,0.332224793
2015_1125_1139,0.273838816
2015_1124_1139,0.740669878
2015_1129_1139,0.324635185
2015_1124_1140,0.581039171
2015_1107_1140,0.110268734
2015_1112_1140,0.584378536
2015_1116_1140,0.166455173
2015_1129_1140,0.20718755
2015_1139_1140,0.296147347
2015_1138_1140,0.155973491
2015_1125_1140,0.135604371
2015_1139_1153,0.50295292
2015_1116_1153,0.270963347
2015_1112_1153,0.715584866
2015_1140_1153,0.620541364
2015_1138_1153,0.30107446
2015_1124_1153,0.67372688
2015_1125_1153,0.247838382
2015_1129_1153,0.319294991
2015_1107_1153,0.18321309
2015_1140_1157,0.929576728
2015_1129_1157,0.712797347
2015_1125_1157,0.699388358
2015_1116_1157,0.820729682
2015_1138_1157,0.623645417
2015_1107_1157,0.643085353
2015_1153_1157,0.901179132
2015_1112_1157,0.956095141
2015_1139_1157,0.928762393
2015_1124_1157,0.940441069
2015_1116_1172,0.529068792
2015_1139_1172,0.742978666
2015_1107_1172,0.473890665
2015_1124_1172,0.820078148
2015_1140_1172,0.838065456
2015_1157_1172,0.421712285
2015_1125_1172,0.505273464
2015_1153_1172,0.771174335
2015_1129_1172,0.572447742
2015_1112_1172,0.885892826
2015_1138_1172,0.43719254
2015_1138_1173,0.222444209
2015_1116_1173,0.247351311
2015_1140_1173,0.603187674
2015_1157_1173,0.163354356
2015_1125_1173,0.249227996
2015_1172_1173,0.240018923
2015_1124_1173,0.529617315
2015_1129_1173,0.283390337
2015_1112_1173,0.680011524
2015_1153_1173,0.390274809
2015_1107_1173,0.182491179
2015_1139_1173,0.446016383
2015_1173_1181,0.171091062
2015_1139_1181,0.112852184
2015_1138_1181,0.075793773
2015_1129_1181,0.06192406
2015_1124_1181,0.223560645
2015_1112_1181,0.427932788
2015_1140_1181,0.260055951
2015_1172_1181,0.089317527
2015_1157_1181,0.023592115
2015_1116_1181,0.084531017
2015_1153_1181,0.121470984
2015_1125_1181,0.058373768
2015_1107_1181,0.02968086
2015_1107_1186,0.506719451
2015_1138_1186,0.492615802
2015_1112_1186,0.812785968
2015_1116_1186,0.514059692
2015_1140_1186,0.728919187
2015_1124_1186,0.750134579
2015_1172_1186,0.505751309
2015_1153_1186,0.57281215
2015_1125_1186,0.524693599
2015_1129_1186,0.554872091
2015_1181_1186,0.87139586
2015_1139_1186,0.640822346
2015_1157_1186,0.375490148
2015_1173_1186,0.6411733
2015_1181_1207,0.801899281
2015_1140_1207,0.655499689
2015_1124_1207,0.5377691
2015_1107_1207,0.115300971
2015_1153_1207,0.457900516
2015_1138_1207,0.276264496
2015_1116_1207,0.322159057
2015_1157_1207,0.083713925
2015_1186_1207,0.276264496
2015_1173_1207,0.507871393
2015_1139_1207,0.518231113
2015_1112_1207,0.699071913
2015_1129_1207,0.255262646
2015_1172_1207,0.301945884
2015_1125_1207,0.22539672
2015_1107_1208,0.506342447
2015_1112_1208,0.836375299
2015_1124_1208,0.791630982
2015_1139_1208,0.718035502
2015_1186_1208,0.48158455
2015_1116_1208,0.479336794
2015_1181_1208,0.92850006
2015_1153_1208,0.684702084
2015_1172_1208,0.495861519
2015_1125_1208,0.493242702
2015_1157_1208,0.331011889
2015_1138_1208,0.48158455
2015_1140_1208,0.83370802
2015_1129_1208,0.574823657
2015_1173_1208,0.719130352
2015_1207_1208,0.723715815
2015_1107_1209,0.506719451
2015_1112_1209,0.812785968
2015_1181_1209,0.87139586
2015_1186_1209,0.492615802
2015_1139_1209,0.640822346
2015_1116_1209,0.514059692
2015_1207_1209,0.676404911
2015_1140_1209,0.728919187
2015_1124_1209,0.750134579
2015_1153_1209,0.57281215
2015_1208_1209,0.461238635
2015_1125_1209,0.524693599
2015_1157_1209,0.375490148
2015_1129_1209,0.554872091
2015_1172_1209,0.505751309
2015_1138_1209,0.492615802
2015_1173_1209,0.6411733
2015_1116_1211,0.125236458
2015_1181_1211,0.526130398
2015_1140_1211,0.253344202
2015_1207_1211,0.305529016
2015_1138_1211,0.106296394
2015_1112_1211,0.503969093
2015_1172_1211,0.093558939
2015_1139_1211,0.14710184
2015_1124_1211,0.380999596
2015_1173_1211,0.276165885
2015_1107_1211,0.067610564
2015_1186_1211,0.106296394
2015_1129_1211,0.114946449
2015_1209_1211,0.106296394
2015_1157_1211,0.041478095
2015_1208_1211,0.129315711
2015_1125_1211,0.101278999
2015_1153_1211,0.219376288
2015_1129_1214,0.710215273
2015_1107_1214,0.64506725
2015_1173_1214,0.862337173
2015_1138_1214,0.658168723
2015_1112_1214,0.966928545
2015_1139_1214,0.927956198
2015_1181_1214,0.976371457
2015_1186_1214,0.658168723
2015_1116_1214,0.82209674
2015_1207_1214,0.935620721
2015_1157_1214,0.502528831
2015_1153_1214,0.907556205
2015_1124_1214,0.938407023
2015_1208_1214,0.699639008
2015_1125_1214,0.689060981
2015_1172_1214,0.702243119
2015_1211_1214,0.959878575
2015_1209_1214,0.658168723
2015_1140_1214,0.92881512
2015_1138_1217,0.316649115
2015_1181_1217,0.910386595
2015_1211_1217,0.832460964
2015_1139_1217,0.636698845
2015_1208_1217,0.41990869
2015_1129_1217,0.431056627
2015_1209_1217,0.316649115
2015_1124_1217,0.691854189
2015_1112_1217,0.805328363
2015_1140_1217,0.699936558
2015_1173_1217,0.718053689
2015_1107_1217,0.330183175
2015_1116_1217,0.357745519
2015_1125_1217,0.364321306
2015_1153_1217,0.580257172
2015_1207_1217,0.665658988
2015_1186_1217,0.316649115
2015_1214_1217,0.252966161
2015_1157_1217,0.302215934
2015_1172_1217,0.349402966
2015_1217_1231,0.489346587
2015_1186_1231,0.202522523
2015_1129_1231,0.214380611
2015_1209_1231,0.202522523
2015_1107_1231,0.086526483
2015_1112_1231,0.633349838
2015_1172_1231,0.17630482
2015_1157_1231,0.063656743
2015_1140_1231,0.560918679
2015_1181_1231,0.773551636
2015_1125_1231,0.209298712
2015_1139_1231,0.441265635
2015_1124_1231,0.452891409
2015_1116_1231,0.229165361
2015_1173_1231,0.333253618
2015_1207_1231,0.423701344
2015_1138_1231,0.202522523
2015_1153_1231,0.368525012
2015_1211_1231,0.619158155
2015_1214_1231,0.047707614
2015_1208_1231,0.186862865
2015_1173_1234,0.432753756
2015_1157_1234,0.067813846
2015_1140_1234,0.474929366
2015_1172_1234,0.137222069
2015_1208_1234,0.179359143
2015_1186_1234,0.179814901
2015_1138_1234,0.179814901
2015_1231_1234,0.426349404
2015_1139_1234,0.307171
2015_1125_1234,0.152848858
2015_1214_1234,0.047160762
2015_1181_1234,0.667575809
2015_1153_1234,0.366796593
2015_1112_1234,0.572284328
2015_1209_1234,0.179814901
2015_1217_1234,0.262434115
2015_1107_1234,0.091704898
2015_1207_1234,0.330702755
2015_1129_1234,0.144093465
2015_1116_1234,0.157073973
2015_1124_1234,0.390236366
2015_1211_1234,0.572829628
2015_1172_1235,0.117854408
2015_1139_1235,0.324254896
2015_1234_1235,0.488039109
2015_1186_1235,0.16141874
2015_1181_1235,0.618057963
2015_1217_1235,0.254398567
2015_1107_1235,0.079797354
2015_1209_1235,0.16141874
2015_1173_1235,0.343885478
2015_1138_1235,0.16141874
2015_1125_1235,0.141475037
2015_1153_1235,0.27662264
2015_1231_1235,0.382387087
2015_1211_1235,0.608599803
2015_1124_1235,0.386523871
2015_1129_1235,0.136881643
2015_1112_1235,0.544098026
2015_1116_1235,0.143663981
2015_1207_1235,0.320167807
2015_1157_1235,0.062866995
2015_1140_1235,0.345297839
2015_1208_1235,0.151619093
2015_1214_1235,0.047602565
2015_1214_1242,0.034193066
2015_1138_1242,0.122886106
2015_1231_1242,0.23313314
2015_1211_1242,0.573583231
2015_1129_1242,0.098115272
2015_1112_1242,0.434551734
2015_1181_1242,0.409026887
2015_1207_1242,0.228248225
2015_1186_1242,0.122886106
2015_1173_1242,0.210695937
2015_1234_1242,0.483390142
2015_1107_1242,0.048879417
2015_1235_1242,0.513276984
2015_1140_1242,0.407778436
2015_1157_1242,0.052255714
2015_1116_1242,0.124230817
2015_1124_1242,0.294987163
2015_1172_1242,0.068257537
2015_1217_1242,0.127598037
2015_1125_1242,0.090505378
2015_1208_1242,0.092424025
2015_1139_1242,0.198304408
2015_1153_1242,0.216993506
2015_1209_1242,0.122886106
2015_1211_1246,0.518857322
2015_1139_1246,0.167625139
2015_1107_1246,0.055176384
2015_1242_1246,0.524399913
2015_1208_1246,0.114875812
2015_1140_1246,0.277364079
2015_1112_1246,0.469312157
2015_1207_1246,0.278693599
2015_1214_1246,0.030555238
2015_1157_1246,0.042988724
2015_1116_1246,0.111066306
2015_1217_1246,0.199657912
2015_1153_1246,0.188040725
2015_1129_1246,0.124609734
2015_1235_1246,0.418684638
2015_1181_1246,0.506469882
2015_1125_1246,0.117258833
2015_1138_1246,0.116483076
2015_1172_1246,0.105152386
2015_1186_1246,0.116483076
2015_1124_1246,0.325427375
2015_1209_1246,0.116483076
2015_1173_1246,0.304138451
2015_1231_1246,0.407255556
2015_1234_1246,0.379045096
2015_1129_1248,0.554872091
2015_1173_1248,0.6411733
2015_1140_1248,0.728919187
2015_1138_1248,0.492615802
2015_1107_1248,0.506719451
2015_1112_1248,0.812785968
2015_1217_1248,0.606061105
2015_1231_1248,0.742990818
2015_1208_1248,0.461238635
2015_1186_1248,0.492615802
2015_1234_1248,0.754946398
2015_1116_1248,0.514059692
2015_1124_1248,0.750134579
2015_1172_1248,0.505751309
2015_1153_1248,0.57281215
2015_1125_1248,0.524693599
2015_1209_1248,0.492615802
2015_1246_1248,0.783421089
2015_1211_1248,0.835418148
2015_1157_1248,0.375490148
2015_1181_1248,0.87139586
2015_1139_1248,0.640822346
2015_1242_1248,0.804706783
2015_1207_1248,0.676404911
2015_1235_1248,0.756413832
2015_1214_1248,0.315049977
2015_1140_1257,0.398074551
2015_1112_1257,0.593989868
2015_1217_1257,0.270181288
2015_1153_1257,0.365704891
2015_1242_1257,0.817866459
2015_1207_1257,0.539207827
2015_1107_1257,0.074568405
2015_1231_1257,0.417051527
2015_1246_1257,0.520204321
2015_1211_1257,0.614443802
2015_1138_1257,0.154761336
2015_1181_1257,0.73181542
2015_1186_1257,0.154761336
2015_1248_1257,0.154761336
2015_1209_1257,0.154761336
2015_1139_1257,0.269690838
2015_1116_1257,0.187307781
2015_1129_1257,0.192814134
2015_1234_1257,0.522702739
2015_1214_1257,0.040452587
2015_1173_1257,0.336404739
2015_1124_1257,0.485535186
2015_1208_1257,0.18122004
2015_1157_1257,0.053895552
2015_1125_1257,0.198958577
2015_1172_1257,0.147045844
2015_1235_1257,0.607345986
2015_1172_1261,0.294151134
2015_1257_1261,0.745055343
2015_1173_1261,0.622047431
2015_1107_1261,0.172375335
2015_1138_1261,0.330944698
2015_1112_1261,0.788478396
2015_1217_1261,0.459567655
2015_1231_1261,0.701528466
2015_1186_1261,0.330944698
2015_1139_1261,0.482949255
2015_1116_1261,0.389017389
2015_1234_1261,0.778903937
2015_1140_1261,0.731097895
2015_1235_1261,0.72815947
2015_1153_1261,0.585041384
2015_1242_1261,0.76486889
2015_1214_1261,0.071524747
2015_1124_1261,0.683616527
2015_1125_1261,0.342183875
2015_1209_1261,0.330944698
2015_1157_1261,0.087225634
2015_1129_1261,0.338905076
2015_1208_1261,0.299542135
2015_1181_1261,0.872824872
2015_1246_1261,0.822730842
2015_1248_1261,0.330944698
2015_1207_1261,0.61312679
2015_1211_1261,0.766895827
2015_1261_1264,0.617980786
2015_1157_1264,0.298867643
2015_1208_1264,0.437491342
2015_1173_1264,0.716560662
2015_1139_1264,0.657325038
2015_1138_1264,0.390086656
2015_1107_1264,0.342159161
2015_1231_1264,0.768511509
2015_1207_1264,0.741463297
2015_1181_1264,0.912335404
2015_1234_1264,0.821308032
2015_1124_1264,0.728872815
2015_1140_1264,0.725818004
2015_1186_1264,0.390086656
2015_1112_1264,0.82775388
2015_1129_1264,0.41568767
2015_1172_1264,0.400647084
2015_1248_1264,0.390086656
2015_1116_1264,0.45583993
2015_1246_1264,0.825650222
2015_1235_1264,0.826684989
2015_1242_1264,0.886001644
2015_1214_1264,0.284636189
2015_1125_1264,0.44131094
2015_1257_1264,0.791790706
2015_1153_1264,0.615368132
2015_1211_1264,0.799044708
2015_1209_1264,0.390086656
2015_1217_1264,0.649034865
2015_1173_1268,0.575419975
2015_1107_1268,0.15355672
2015_1140_1268,0.569121345
2015_1138_1268,0.278392975
2015_1261_1268,0.429641577
2015_1112_1268,0.711748761
2015_1181_1268,0.800046089
2015_1231_1268,0.58445208
2015_1139_1268,0.520617204
2015_1186_1268,0.278392975
2015_1116_1268,0.320418923
2015_1234_1268,0.751939825
2015_1124_1268,0.725998559
2015_1242_1268,0.662222894
2015_1125_1268,0.283576817
2015_1157_1268,0.089270058
2015_1211_1268,0.723517858
2015_1217_1268,0.443891631
2015_1129_1268,0.312700281
2015_1208_1268,0.264242345
2015_1246_1268,0.782481661
2015_1172_1268,0.25978018
2015_1257_1268,0.656807884
2015_1214_1268,0.065009898
2015_1153_1268,0.458870587
2015_1235_1268,0.66963224
2015_1207_1268,0.491365795
2015_1248_1268,0.278392975
2015_1209_1268,0.278392975
2015_1264_1268,0.385529392
2015_1124_1277,0.186812677
2015_1186_1277,0.079807959
2015_1112_1277,0.323132105
2015_1157_1277,0.029313019
2015_1172_1277,0.083936733
2015_1208_1277,0.084049048
2015_1181_1277,0.449847239
2015_1234_1277,0.290016077
2015_1257_1277,0.353919001
2015_1261_1277,0.115662971
2015_1246_1277,0.229863107
2015_1139_1277,0.114749489
2015_1248_1277,0.079807959
2015_1125_1277,0.073196774
2015_1214_1277,0.023822832
2015_1211_1277,0.342459594
2015_1242_1277,0.447588348
2015_1231_1277,0.190653595
2015_1116_1277,0.088967909
2015_1140_1277,0.208167247
2015_1268_1277,0.111725901
2015_1153_1277,0.120962486
2015_1107_1277,0.031810392
2015_1209_1277,0.079807959
2015_1235_1277,0.270993426
2015_1264_1277,0.126410031
2015_1173_1277,0.144451573
2015_1207_1277,0.233859103
2015_1138_1277,0.079807959
2015_1217_1277,0.113155614
2015_1129_1277,0.100108253
2015_1277_1279,0.889435073
2015_1248_1279,0.372331226
2015_1207_1279,0.635619572
2015_1116_1279,0.399823256
2015_1153_1279,0.595966383
2015_1139_1279,0.646868697
2015_1186_1279,0.372331226
2015_1231_1279,0.717726536
2015_1129_1279,0.479457163
2015_1257_1279,0.71105443
2015_1157_1279,0.266771454
2015_1261_1279,0.54056016
2015_1138_1279,0.372331226
2015_1211_1279,0.817410888
2015_1246_1279,0.855186425
2015_1209_1279,0.372331226
2015_1125_1279,0.431184516
2015_1217_1279,0.511852058
2015_1242_1279,0.89270807
2015_1264_1279,0.528340487
2015_1124_1279,0.758194061
2015_1140_1279,0.775950097
2015_1181_1279,0.916972288
2015_1268_1279,0.541553176
2015_1235_1279,0.804970229
2015_1214_1279,0.221054307
2015_1112_1279,0.790633786
2015_1234_1279,0.776595875
2015_1107_1279,0.387819755
2015_1172_1279,0.399222871
2015_1208_1279,0.372584269
2015_1173_1279,0.694307641
2015_1129_1295,0.367648727
2015_1181_1295,0.923209058
2015_1172_1295,0.323229643
2015_1257_1295,0.805066843
2015_1261_1295,0.495314839
2015_1124_1295,0.751886443
2015_1186_1295,0.271100725
2015_1209_1295,0.271100725
2015_1116_1295,0.321944732
2015_1139_1295,0.67716809
2015_1112_1295,0.846052208
2015_1207_1295,0.709988646
2015_1264_1295,0.422723415
2015_1242_1295,0.892898973
2015_1279_1295,0.459936216
2015_1208_1295,0.35217867
2015_1234_1295,0.800436434
2015_1217_1295,0.469484896
2015_1153_1295,0.606873442
2015_1277_1295,0.88693261
2015_1138_1295,0.271100725
2015_1211_1295,0.836499008
2015_1140_1295,0.789967447
2015_1268_1295,0.474421569
2015_1125_1295,0.309812879
2015_1235_1295,0.801321248
2015_1231_1295,0.683588193
2015_1246_1295,0.860760282
2015_1248_1295,0.271100725
2015_1214_1295,0.18669146
2015_1157_1295,0.244752291
2015_1173_1295,0.68426536
2015_1107_1295,0.297421527
2015_1172_1301,0.31926574
2015_1107_1301,0.245327775
2015_1248_1301,0.307458909
2015_1279_1301,0.411142194
2015_1153_1301,0.528071089
2015_1295_1301,0.430109473
2015_1139_1301,0.52507483
2015_1125_1301,0.364070279
2015_1140_1301,0.640578219
2015_1235_1301,0.739574546
2015_1116_1301,0.338189204
2015_1138_1301,0.307458909
2015_1261_1301,0.42464516
2015_1277_1301,0.841338498
2015_1211_1301,0.781205547
2015_1112_1301,0.765051199
2015_1208_1301,0.344029562
2015_1268_1301,0.459965352
2015_1129_1301,0.39566979
2015_1234_1301,0.640101436
2015_1209_1301,0.307458909
2015_1257_1301,0.582729159
2015_1214_1301,0.133879364
2015_1217_1301,0.421291999
2015_1242_1301,0.718780661
2015_1231_1301,0.533338466
2015_1207_1301,0.440557561
2015_1124_1301,0.613268756
2015_1246_1301,0.747599989
2015_1186_1301,0.307458909
2015_1157_1301,0.15121754
2015_1181_1301,0.802669043
2015_1264_1301,0.403115361
2015_1173_1301,0.507349778
2015_1209_1308,0.307642782
2015_1112_1308,0.804619842
2015_1235_1308,0.842745331
2015_1186_1308,0.307642782
2015_1277_1308,0.876737234
2015_1157_1308,0.300536073
2015_1248_1308,0.307642782
2015_1153_1308,0.638722638
2015_1268_1308,0.562309464
2015_1125_1308,0.371900423
2015_1257_1308,0.796759665
2015_1242_1308,0.917130388
2015_1261_1308,0.564257666
2015_1138_1308,0.307642782
2015_1116_1308,0.411300361
2015_1301_1308,0.691360174
2015_1124_1308,0.75896672
2015_1231_1308,0.65735759
2015_1129_1308,0.438421812
2015_1264_1308,0.456919752
2015_1217_1308,0.654040078
2015_1234_1308,0.838634325
2015_1207_1308,0.678444141
2015_1214_1308,0.273784877
2015_1279_1308,0.56422035
2015_1139_1308,0.629524482
2015_1107_1308,0.355555384
2015_1295_1308,0.572723856
2015_1211_1308,0.83255126
2015_1208_1308,0.43880377
2015_1140_1308,0.715953413
2015_1173_1308,0.754716753
2015_1246_1308,0.836341811
2015_1172_1308,0.338097546
2015_1181_1308,0.921228984
2015_1157_1314,0.040062658
2015_1173_1314,0.203762488
2015_1235_1314,0.365149067
2015_1214_1314,0.029528454
2015_1140_1314,0.271904583
2015_1153_1314,0.143880941
2015_1279_1314,0.124231003
2015_1261_1314,0.197037878
2015_1231_1314,0.310047621
2015_1186_1314,0.117286761
2015_1277_1314,0.619200017
2015_1257_1314,0.304342166
2015_1112_1314,0.376051051
2015_1116_1314,0.113705073
2015_1209_1314,0.117286761
2015_1295_1314,0.09534989
2015_1172_1314,0.072315476
2015_1308_1314,0.084892199
2015_1125_1314,0.080417037
2015_1234_1314,0.353871974
2015_1107_1314,0.041298731
2015_1208_1314,0.093540805
2015_1207_1314,0.21477866
2015_1264_1314,0.121912747
2015_1242_1314,0.49438869
2015_1181_1314,0.684768368
2015_1268_1314,0.177703049
2015_1217_1314,0.111216001
2015_1301_1314,0.180988466
2015_1124_1314,0.294117881
2015_1246_1314,0.393796819
2015_1211_1314,0.559808897
2015_1248_1314,0.117286761
2015_1139_1314,0.137226742
2015_1129_1314,0.093890393
2015_1138_1314,0.117286761
2015_1112_1316,0.812785968
2015_1139_1316,0.640822346
2015_1257_1316,0.719036112
2015_1107_1316,0.506719451
2015_1173_1316,0.6411733
2015_1217_1316,0.606061105
2015_1124_1316,0.750134579
2015_1157_1316,0.375490148
2015_1186_1316,0.492615802
2015_1116_1316,0.514059692
2015_1207_1316,0.676404911
2015_1140_1316,0.728919187
2015_1211_1316,0.835418148
2015_1153_1316,0.57281215
2015_1295_1316,0.522291415
2015_1129_1316,0.554872091
2015_1214_1316,0.315049977
2015_1242_1316,0.804706783
2015_1125_1316,0.524693599
2015_1246_1316,0.783421089
2015_1181_1316,0.87139586
2015_1264_1316,0.548345304
2015_1231_1316,0.742990818
2015_1268_1316,0.703375819
2015_1261_1316,0.629852039
2015_1138_1316,0.492615802
2015_1248_1316,0.492615802
2015_1208_1316,0.461238635
2015_1234_1316,0.754946398
2015_1314_1316,0.750390892
2015_1277_1316,0.866636441
2015_1301_1316,0.538235795
2015_1308_1316,0.556368882
2015_1209_1316,0.492615802
2015_1235_1316,0.756413832
2015_1172_1316,0.505751309
2015_1279_1316,0.538781316
2015_1173_1318,0.6411733
2015_1107_1318,0.506719451
2015_1112_1318,0.812785968
2015_1181_1318,0.87139586
2015_1153_1318,0.57281215
2015_1139_1318,0.640822346
2015_1186_1318,0.492615802
2015_1125_1318,0.524693599
2015_1116_1318,0.514059692
2015_1140_1318,0.728919187
2015_1207_1318,0.676404911
2015_1124_1318,0.750134579
2015_1295_1318,0.522291415
2015_1301_1318,0.538235795
2015_1246_1318,0.783421089
2015_1157_1318,0.375490148
2015_1209_1318,0.492615802
2015_1129_1318,0.554872091
2015_1248_1318,0.492615802
2015_1172_1318,0.505751309
2015_1231_1318,0.742990818
2015_1214_1318,0.315049977
2015_1208_1318,0.461238635
2015_1242_1318,0.804706783
2015_1316_1318,0.492615802
2015_1261_1318,0.629852039
2015_1211_1318,0.835418148
2015_1138_1318,0.492615802
2015_1234_1318,0.754946398
2015_1268_1318,0.703375819
2015_1257_1318,0.719036112
2015_1279_1318,0.538781316
2015_1277_1318,0.866636441
2015_1308_1318,0.556368882
2015_1314_1318,0.750390892
2015_1264_1318,0.548345304
2015_1217_1318,0.606061105
2015_1235_1318,0.756413832
2015_1138_1320,0.441012453
2015_1257_1320,0.794818651
2015_1107_1320,0.384704432
2015_1173_1320,0.678314091
2015_1207_1320,0.728041924
2015_1112_1320,0.783361378
2015_1181_1320,0.838833552
2015_1186_1320,0.441012453
2015_1124_1320,0.829284016
2015_1214_1320,0.15126899
2015_1116_1320,0.50016583
2015_1235_1320,0.762603405
2015_1153_1320,0.712078906
2015_1208_1320,0.473858149
2015_1172_1320,0.552592391
2015_1242_1320,0.876067585
2015_1209_1320,0.441012453
2015_1125_1320,0.555550825
2015_1157_1320,0.197673552
2015_1248_1320,0.441012453
2015_1129_1320,0.602921874
2015_1314_1320,0.861653175
2015_1231_1320,0.800247346
2015_1318_1320,0.441012453
2015_1217_1320,0.631909638
2015_1261_1320,0.586238489
2015_1234_1320,0.825847468
2015_1140_1320,0.836232215
2015_1264_1320,0.611983395
2015_1279_1320,0.599412614
2015_1139_1320,0.578268562
2015_1268_1320,0.647993678
2015_1301_1320,0.719939359
2015_1277_1320,0.856920578
2015_1246_1320,0.866637298
2015_1295_1320,0.618615628
2015_1211_1320,0.815400044
2015_1316_1320,0.441012453
2015_1308_1320,0.597860576
2015_1172_1323,0.334173301
2015_1129_1323,0.408740427
2015_1279_1323,0.444272514
2015_1234_1323,0.821529305
2015_1231_1323,0.734562737
2015_1153_1323,0.617599613
2015_1295_1323,0.508717112
2015_1116_1323,0.439221592
2015_1140_1323,0.773757246
2015_1138_1323,0.361931917
2015_1214_1323,0.089812152
2015_1124_1323,0.704077892
2015_1257_1323,0.782241838
2015_1186_1323,0.361931917
2015_1246_1323,0.806225209
2015_1157_1323,0.116965178
2015_1217_1323,0.520551945
2015_1211_1323,0.804171654
2015_1314_1323,0.822579536
2015_1308_1323,0.472065213
2015_1139_1323,0.637112258
2015_1264_1323,0.470666282
2015_1208_1323,0.38523749
2015_1277_1323,0.911473719
2015_1209_1323,0.361931917
2015_1207_1323,0.677181333
2015_1181_1323,0.906347625
2015_1107_1323,0.197831263
2015_1112_1323,0.632941538
2015_1248_1323,0.361931917
2015_1320_1323,0.39204087
2015_1242_1323,0.849464229
2015_1173_1323,0.605125533
2015_1316_1323,0.361931917
2015_1268_1323,0.570116841
2015_1235_1323,0.79902289
2015_1301_1323,0.549089689
2015_1125_1323,0.367808078
2015_1261_1323,0.521417656
2015_1318_1323,0.361931917
2015_1234_1326,0.37033441
2015_1208_1326,0.090776217
2015_1186_1326,0.107658811
2015_1261_1326,0.142057235
2015_1295_1326,0.080390537
2015_1279_1326,0.0889738
2015_1320_1326,0.081080707
2015_1207_1326,0.202826717
2015_1246_1326,0.428507552
2015_1112_1326,0.508019772
2015_1209_1326,0.107658811
2015_1211_1326,0.379326162
2015_1248_1326,0.107658811
2015_1214_1326,0.028596061
2015_1323_1326,0.138875872
2015_1217_1326,0.118598556
2015_1116_1326,0.09940046
2015_1140_1326,0.297058287
2015_1301_1326,0.173010037
2015_1172_1326,0.114077771
2015_1268_1326,0.204740057
2015_1277_1326,0.604489258
2015_1157_1326,0.035187768
2015_1235_1326,0.33850833
2015_1242_1326,0.424674185
2015_1264_1326,0.10417782
2015_1125_1326,0.075714564
2015_1316_1326,0.107658811
2015_1124_1326,0.300153489
2015_1107_1326,0.035575484
2015_1257_1326,0.236590392
2015_1181_1326,0.615350371
2015_1173_1326,0.20631822
2015_1138_1326,0.107658811
2015_1153_1326,0.177243898
2015_1318_1326,0.107658811
2015_1308_1326,0.083048599
2015_1314_1326,0.586450714
2015_1139_1326,0.178860334
2015_1129_1326,0.083025435
2015_1231_1326,0.245507135
2015_1268_1328,0.29376506
2015_1138_1328,0.219281173
2015_1264_1328,0.305333176
2015_1153_1328,0.364494928
2015_1316_1328,0.219281173
2015_1209_1328,0.219281173
2015_1308_1328,0.26811161
2015_1314_1328,0.671018623
2015_1207_1328,0.46388834
2015_1112_1328,0.567310345
2015_1323_1328,0.298656767
2015_1242_1328,0.690193172
2015_1107_1328,0.106133097
2015_1214_1328,0.052804175
2015_1248_1328,0.219281173
2015_1173_1328,0.4817136
2015_1295_1328,0.244966126
2015_1326_1328,0.684390978
2015_1211_1328,0.686148365
2015_1301_1328,0.350895946
2015_1124_1328,0.564430155
2015_1208_1328,0.194254669
2015_1181_1328,0.784852792
2015_1116_1328,0.195969503
2015_1172_1328,0.151022154
2015_1279_1328,0.239281806
2015_1129_1328,0.21057909
2015_1235_1328,0.617243499
2015_1320_1328,0.19578539
2015_1157_1328,0.075989083
2015_1318_1328,0.219281173
2015_1140_1328,0.485250358
2015_1231_1328,0.576833748
2015_1139_1328,0.328454763
2015_1257_1328,0.607447923
2015_1277_1328,0.809899705
2015_1125_1328,0.193158812
2015_1261_1328,0.267887745
2015_1234_1328,0.57018592
2015_1186_1328,0.219281173
2015_1246_1328,0.561808001
2015_1217_1328,0.352846961
2015_1316_1329,0.223957422
2015_1138_1329,0.223957422
2015_1257_1329,0.623205062
2015_1264_1329,0.29751367
2015_1116_1329,0.196842611
2015_1279_1329,0.305758424
2015_1323_1329,0.291585911
2015_1217_1329,0.329865942
2015_1153_1329,0.415457621
2015_1301_1329,0.338997383
2015_1214_1329,0.068311155
2015_1318_1329,0.223957422
2015_1268_1329,0.370394826
2015_1234_1329,0.632433489
2015_1235_1329,0.674310179
2015_1261_1329,0.333087153
2015_1246_1329,0.674542655
2015_1211_1329,0.712643487
2015_1140_1329,0.473151415
2015_1139_1329,0.406338324
2015_1157_1329,0.097603168
2015_1125_1329,0.196947392
2015_1328_1329,0.509017622
2015_1326_1329,0.705737364
2015_1314_1329,0.703995296
2015_1320_1329,0.191749773
2015_1172_1329,0.184939989
2015_1248_1329,0.223957422
2015_1173_1329,0.451850108
2015_1231_1329,0.547769934
2015_1208_1329,0.21971121
2015_1295_1329,0.256290002
2015_1209_1329,0.223957422
2015_1181_1329,0.782526078
2015_1186_1329,0.223957422
2015_1207_1329,0.464090076
2015_1124_1329,0.552436805
2015_1112_1329,0.730716946
2015_1242_1329,0.709998025
2015_1107_1329,0.11318031
2015_1308_1329,0.257651406
2015_1129_1329,0.21395593
2015_1277_1329,0.820611381
2015_1301_1332,0.282374701
2015_1277_1332,0.702867033
2015_1209_1332,0.150384598
2015_1217_1332,0.272768177
2015_1264_1332,0.226515208
2015_1246_1332,0.650479779
2015_1242_1332,0.671164138
2015_1116_1332,0.158011904
2015_1329_1332,0.438578736
2015_1323_1332,0.189063523
2015_1248_1332,0.150384598
2015_1257_1332,0.498307993
2015_1186_1332,0.150384598
2015_1139_1332,0.31500708
2015_1261_1332,0.241609899
2015_1328_1332,0.416655488
2015_1140_1332,0.448617064
2015_1208_1332,0.169605161
2015_1295_1332,0.237671144
2015_1207_1332,0.294850749
2015_1235_1332,0.587873779
2015_1316_1332,0.150384598
2015_1268_1332,0.336160022
2015_1308_1332,0.183701377
2015_1314_1332,0.617858093
2015_1153_1332,0.304522509
2015_1318_1332,0.150384598
2015_1172_1332,0.146469662
2015_1107_1332,0.066254472
2015_1125_1332,0.110464961
2015_1326_1332,0.663102538
2015_1214_1332,0.063941778
2015_1157_1332,0.078581113
2015_1173_1332,0.378925148
2015_1112_1332,0.575995341
2015_1129_1332,0.155963179
2015_1234_1332,0.465716675
2015_1320_1332,0.215378275
2015_1211_1332,0.614321616
2015_1231_1332,0.332541635
2015_1279_1332,0.220956791
2015_1138_1332,0.150384598
2015_1124_1332,0.422832498
2015_1181_1332,0.684613552
2015_1214_1344,0.153791148
2015_1295_1344,0.322518565
2015_1186_1344,0.324975667
2015_1257_1344,0.646401672
2015_1328_1344,0.578745275
2015_1211_1344,0.732485437
2015_1326_1344,0.781684796
2015_1261_1344,0.434434961
2015_1116_1344,0.343381589
2015_1208_1344,0.31028051
2015_1246_1344,0.727107509
2015_1264_1344,0.336276809
2015_1308_1344,0.283165823
2015_1139_1344,0.491917172
2015_1231_1344,0.694802449
2015_1124_1344,0.565253099
2015_1107_1344,0.22212683
2015_1173_1344,0.539969796
2015_1323_1344,0.47749205
2015_1125_1344,0.333754546
2015_1332_1344,0.707834719
2015_1248_1344,0.324975667
2015_1277_1344,0.833173195
2015_1329_1344,0.577904522
2015_1316_1344,0.324975667
2015_1301_1344,0.539928956
2015_1140_1344,0.625231375
2015_1129_1344,0.310276677
2015_1207_1344,0.567849123
2015_1235_1344,0.705964488
2015_1268_1344,0.462172262
2015_1320_1344,0.383914139
2015_1314_1344,0.758643407
2015_1181_1344,0.829915107
2015_1279_1344,0.328955485
2015_1234_1344,0.644190079
2015_1172_1344,0.27470554
2015_1242_1344,0.797887596
2015_1217_1344,0.368895831
2015_1112_1344,0.720285181
2015_1157_1344,0.186016121
2015_1153_1344,0.457543102
2015_1138_1344,0.324975667
2015_1209_1344,0.324975667
2015_1318_1344,0.324975667
2015_1207_1345,0.505020541
2015_1138_1345,0.303222303
2015_1124_1345,0.745059209
2015_1157_1345,0.086839811
2015_1279_1345,0.334722922
2015_1257_1345,0.696314143
2015_1186_1345,0.303222303
2015_1129_1345,0.312126345
2015_1318_1345,0.303222303
2015_1140_1345,0.676664182
2015_1231_1345,0.523411898
2015_1172_1345,0.294637462
2015_1235_1345,0.674267697
2015_1308_1345,0.415007041
2015_1261_1345,0.488604266
2015_1248_1345,0.303222303
2015_1344_1345,0.49112591
2015_1277_1345,0.874534086
2015_1326_1345,0.782965893
2015_1217_1345,0.44248774
2015_1173_1345,0.560556322
2015_1211_1345,0.730040461
2015_1234_1345,0.774692117
2015_1332_1345,0.678933084
2015_1153_1345,0.472633236
2015_1107_1345,0.177851916
2015_1246_1345,0.838672919
2015_1208_1345,0.291142228
2015_1264_1345,0.409181265
2015_1328_1345,0.618285339
2015_1139_1345,0.559233248
2015_1301_1345,0.487045939
2015_1316_1345,0.303222303
2015_1268_1345,0.50600435
2015_1112_1345,0.655522142
2015_1295_1345,0.381271478
2015_1214_1345,0.063019529
2015_1242_1345,0.810868157
2015_1314_1345,0.721158379
2015_1323_1345,0.398500617
2015_1209_1345,0.303222303
2015_1181_1345,0.844467857
2015_1116_1345,0.360672917
2015_1125_1345,0.291212152
2015_1329_1345,0.585533525
2015_1320_1345,0.345745359
2015_1129_1352,0.655188792
2015_1107_1352,0.584473758
2015_1173_1352,0.818361358
2015_1138_1352,0.560312043
2015_1181_1352,0.964983715
2015_1112_1352,0.918780431
2015_1264_1352,0.718380657
2015_1217_1352,0.713568443
2015_1323_1352,0.819334993
2015_1139_1352,0.861213616
2015_1140_1352,0.906428704
2015_1116_1352,0.635790178
2015_1124_1352,0.915233913
2015_1279_1352,0.676148061
2015_1295_1352,0.72828332
2015_1208_1352,0.564904981
2015_1242_1352,0.948882886
2015_1318_1352,0.560312043
2015_1209_1352,0.560312043
2015_1125_1352,0.602612221
2015_1211_1352,0.912301313
2015_1248_1352,0.560312043
2015_1326_1352,0.960221971
2015_1231_1352,0.929393023
2015_1186_1352,0.560312043
2015_1314_1352,0.928550899
2015_1214_1352,0.388273795
2015_1261_1352,0.745982429
2015_1235_1352,0.923639864
2015_1316_1352,0.560312043
2015_1257_1352,0.938971099
2015_1157_1352,0.455729471
2015_1268_1352,0.789619084
2015_1246_1352,0.95617446
2015_1277_1352,0.960090735
2015_1332_1352,0.927499294
2015_1301_1352,0.789696798
2015_1234_1352,0.928332865
2015_1345_1352,0.846863114
2015_1153_1352,0.844205097
2015_1344_1352,0.803016946
2015_1207_1352,0.908880594
2015_1172_1352,0.596948737
2015_1320_1352,0.690338172
2015_1329_1352,0.90369702
2015_1328_1352,0.894526248
2015_1308_1352,0.66895918
2015_1112_1361,0.595043921
2015_1116_1361,0.155115214
2015_1277_1361,0.720975341
2015_1352_1361,0.080686629
2015_1139_1361,0.330664534
2015_1264_1361,0.218261483
2015_1323_1361,0.209375344
2015_1129_1361,0.149973869
2015_1208_1361,0.167955444
2015_1328_1361,0.36532698
2015_1268_1361,0.294057218
2015_1124_1361,0.352740689
2015_1344_1361,0.319622593
2015_1172_1361,0.11737983
2015_1257_1361,0.429233898
2015_1140_1361,0.384178196
2015_1301_1361,0.27073874
2015_1345_1361,0.278700323
2015_1157_1361,0.064721014
2015_1125_1361,0.120896356
2015_1246_1361,0.603538319
2015_1314_1361,0.583289658
2015_1316_1361,0.152768584
2015_1153_1361,0.254545578
2015_1209_1361,0.152768584
2015_1242_1361,0.536797729
2015_1326_1361,0.651198443
2015_1261_1361,0.262206186
2015_1295_1361,0.152388617
2015_1332_1361,0.427374969
2015_1279_1361,0.197403516
2015_1214_1361,0.043985763
2015_1181_1361,0.719003043
2015_1211_1361,0.597909679
2015_1186_1361,0.152768584
2015_1173_1361,0.342184631
2015_1107_1361,0.074844749
2015_1235_1361,0.439780701
2015_1138_1361,0.152768584
2015_1217_1361,0.240750452
2015_1207_1361,0.346125749
2015_1318_1361,0.152768584
2015_1248_1361,0.152768584
2015_1320_1361,0.207578136
2015_1231_1361,0.447212034
2015_1308_1361,0.16295022
2015_1329_1361,0.335690782
2015_1234_1361,0.428852242
2015_1234_1372,0.776275326
2015_1329_1372,0.673429614
2015_1314_1372,0.841665572
2015_1320_1372,0.306205145
2015_1208_1372,0.337223788
2015_1316_1372,0.241928386
2015_1138_1372,0.241928386
2015_1328_1372,0.673799704
2015_1279_1372,0.445605919
2015_1207_1372,0.669637952
2015_1209_1372,0.241928386
2015_1172_1372,0.308917854
2015_1214_1372,0.183059522
2015_1264_1372,0.409626446
2015_1129_1372,0.324198776
2015_1326_1372,0.89095748
2015_1277_1372,0.869567131
2015_1332_1372,0.758018101
2015_1268_1372,0.451078648
2015_1318_1372,0.241928386
2015_1323_1372,0.400823069
2015_1181_1372,0.88879508
2015_1257_1372,0.791095609
2015_1248_1372,0.241928386
2015_1301_1372,0.567023613
2015_1173_1372,0.644038625
2015_1344_1372,0.631632569
2015_1140_1372,0.682980657
2015_1246_1372,0.825043186
2015_1261_1372,0.464572842
2015_1116_1372,0.307663973
2015_1345_1372,0.478238587
2015_1352_1372,0.22013489
2015_1361_1372,0.79029766
2015_1107_1372,0.277625189
2015_1153_1372,0.553138461
2015_1157_1372,0.239611743
2015_1242_1372,0.869766302
2015_1112_1372,0.795965409
2015_1125_1372,0.29583547
2015_1186_1372,0.241928386
2015_1235_1372,0.808763541
2015_1231_1372,0.659736715
2015_1139_1372,0.590992287
2015_1308_1372,0.373133757
2015_1217_1372,0.454664185
2015_1211_1372,0.806220065
2015_1124_1372,0.707079988
2015_1295_1372,0.458784318
2015_1214_1374,0.315049977
2015_1257_1374,0.719036112
2015_1107_1374,0.506719451
2015_1138_1374,0.492615802
2015_1320_1374,0.496933665
2015_1139_1374,0.640822346
2015_1112_1374,0.812785968
2015_1186_1374,0.492615802
2015_1301_1374,0.538235795
2015_1231_1374,0.742990818
2015_1157_1374,0.375490148
2015_1140_1374,0.728919187
2015_1125_1374,0.524693599
2015_1116_1374,0.514059692
2015_1124_1374,0.750134579
2015_1153_1374,0.57281215
2015_1211_1374,0.835418148
2015_1242_1374,0.804706783
2015_1209_1374,0.492615802
2015_1234_1374,0.754946398
2015_1246_1374,0.783421089
2015_1129_1374,0.554872091
2015_1314_1374,0.750390892
2015_1172_1374,0.505751309
2015_1181_1374,0.87139586
2015_1345_1374,0.638943588
2015_1316_1374,0.492615802
2015_1295_1374,0.522291415
2015_1328_1374,0.672190349
2015_1277_1374,0.866636441
2015_1268_1374,0.703375819
2015_1207_1374,0.676404911
2015_1329_1374,0.654145393
2015_1279_1374,0.538781316
2015_1217_1374,0.606061105
2015_1264_1374,0.548345304
2015_1235_1374,0.756413832
2015_1326_1374,0.822996647
2015_1352_1374,0.424158843
2015_1248_1374,0.492615802
2015_1173_1374,0.6411733
2015_1361_1374,0.782809169
2015_1318_1374,0.492615802
2015_1323_1374,0.583336083
2015_1261_1374,0.629852039
2015_1208_1374,0.461238635
2015_1308_1374,0.556368882
2015_1344_1374,0.576378186
2015_1332_1374,0.78542774
2015_1372_1374,0.611923074
2015_1257_1385,0.720323808
2015_1214_1385,0.091962925
2015_1107_1385,0.203187948
2015_1112_1385,0.722383239
2015_1139_1385,0.599845213
2015_1231_1385,0.702162211
2015_1124_1385,0.713279627
2015_1186_1385,0.409467088
2015_1277_1385,0.87575359
2015_1116_1385,0.448316758
2015_1211_1385,0.700319354
2015_1172_1385,0.325795927
2015_1242_1385,0.738596664
2015_1125_1385,0.386452569
2015_1157_1385,0.111973563
2015_1209_1385,0.409467088
2015_1234_1385,0.785706471
2015_1181_1385,0.871508647
2015_1129_1385,0.378899345
2015_1328_1385,0.642405482
2015_1318_1385,0.409467088
2015_1301_1385,0.482796884
2015_1361_1385,0.74325708
2015_1261_1385,0.571246372
2015_1308_1385,0.429971751
2015_1217_1385,0.495827371
2015_1374_1385,0.409467088
2015_1320_1385,0.427721633
2015_1264_1385,0.429163182
2015_1138_1385,0.409467088
2015_1207_1385,0.629940207
2015_1235_1385,0.710946009
2015_1295_1385,0.432998394
2015_1208_1385,0.326506853
2015_1173_1385,0.597537159
2015_1372_1385,0.481321632
2015_1140_1385,0.676489456
2015_1246_1385,0.831492886
2015_1326_1385,0.828198755
2015_1153_1385,0.51288561
2015_1248_1385,0.409467088
2015_1279_1385,0.409329755
2015_1316_1385,0.409467088
2015_1314_1385,0.738522891
2015_1268_1385,0.604335702
2015_1329_1385,0.598364196
2015_1323_1385,0.510712172
2015_1332_1385,0.718229485
2015_1344_1385,0.507989494
2015_1345_1385,0.585585168
2015_1352_1385,0.188806744
2015_1181_1400,0.653313548
2015_1328_1400,0.39973498
2015_1138_1400,0.124968008
2015_1320_1400,0.136697697
2015_1208_1400,0.127759887
2015_1186_1400,0.124968008
2015_1318_1400,0.124968008
2015_1246_1400,0.468613009
2015_1326_1400,0.554953905
2015_1264_1400,0.181120566
2015_1107_1400,0.062729283
2015_1234_1400,0.469151387
2015_1214_1400,0.037511095
2015_1125_1400,0.124238296
2015_1361_1400,0.476258461
2015_1295_1400,0.161641323
2015_1385_1400,0.233065232
2015_1316_1400,0.124968008
2015_1329_1400,0.34430601
2015_1172_1400,0.122667493
2015_1257_1400,0.427805113
2015_1129_1400,0.139129604
2015_1173_1400,0.315473039
2015_1344_1400,0.275681163
2015_1116_1400,0.139766131
2015_1211_1400,0.529460964
2015_1261_1400,0.176332155
2015_1153_1400,0.235082685
2015_1140_1400,0.339033982
2015_1332_1400,0.478883086
2015_1217_1400,0.197172744
2015_1268_1400,0.257336535
2015_1345_1400,0.181662776
2015_1157_1400,0.049558788
2015_1248_1400,0.124968008
2015_1301_1400,0.257729172
2015_1242_1400,0.61159774
2015_1139_1400,0.17088076
2015_1372_1400,0.217381381
2015_1235_1400,0.475642615
2015_1112_1400,0.529854038
2015_1277_1400,0.726926828
2015_1374_1400,0.124968008
2015_1323_1400,0.207657734
2015_1231_1400,0.447979095
2015_1352_1400,0.049424929
2015_1279_1400,0.160912512
2015_1308_1400,0.16386617
2015_1209_1400,0.124968008
2015_1207_1400,0.341528918
2015_1314_1400,0.677383491
2015_1124_1400,0.298427773
2015_1172_1411,0.699137539
2015_1261_1411,0.829885516
2015_1400_1411,0.948585112
2015_1242_1411,0.953857647
2015_1214_1411,0.469563161
2015_1316_1411,0.617359502
2015_1112_1411,0.952074021
2015_1372_1411,0.821616424
2015_1140_1411,0.927342536
2015_1173_1411,0.865064805
2015_1318_1411,0.617359502
2015_1385_1411,0.796072246
2015_1248_1411,0.617359502
2015_1129_1411,0.710791175
2015_1374_1411,0.617359502
2015_1361_1411,0.940411365
2015_1235_1411,0.942491749
2015_1352_1411,0.559506475
2015_1125_1411,0.697328294
2015_1301_1411,0.868202805
2015_1157_1411,0.527138345
2015_1268_1411,0.834334712
2015_1308_1411,0.764639903
2015_1209_1411,0.617359502
2015_1279_1411,0.762359918
2015_1314_1411,0.941201515
2015_1124_1411,0.934359087
2015_1107_1411,0.62721666
2015_1246_1411,0.958718989
2015_1329_1411,0.907590396
2015_1323_1411,0.884062042
2015_1139_1411,0.907496486
2015_1264_1411,0.776843781
2015_1208_1411,0.694484508
2015_1116_1411,0.815179115
2015_1320_1411,0.797913255
2015_1181_1411,0.971911139
2015_1138_1411,0.617359502
2015_1345_1411,0.903793007
2015_1207_1411,0.927311333
2015_1234_1411,0.907948836
2015_1153_1411,0.879235421
2015_1257_1411,0.95197989
2015_1186_1411,0.617359502
2015_1277_1411,0.962421129
2015_1332_1411,0.942293759
2015_1231_1411,0.941710106
2015_1217_1411,0.792071104
2015_1326_1411,0.965404507
2015_1211_1411,0.956196676
2015_1328_1411,0.930859282
2015_1295_1411,0.785455672
2015_1344_1411,0.859990536
2015_1411_1412,0.181449854
2015_1107_1412,0.312594901
2015_1129_1412,0.487639729
2015_1214_1412,0.139094375
2015_1173_1412,0.613864964
2015_1116_1412,0.446622815
2015_1138_1412,0.415199994
2015_1235_1412,0.771033125
2015_1217_1412,0.522872055
2015_1112_1412,0.804998299
2015_1326_1412,0.841117178
2015_1139_1412,0.635670722
2015_1328_1412,0.614363076
2015_1140_1412,0.760788363
2015_1277_1412,0.858310702
2015_1124_1412,0.668146287
2015_1153_1412,0.634730792
2015_1295_1412,0.52851221
2015_1318_1412,0.415199994
2015_1246_1412,0.791824415
2015_1125_1412,0.479059744
2015_1308_1412,0.462407685
2015_1209_1412,0.415199994
2015_1211_1412,0.769663834
2015_1257_1412,0.711506419
2015_1186_1412,0.415199994
2015_1361_1412,0.774289862
2015_1329_1412,0.677486204
2015_1345_1412,0.591504322
2015_1261_1412,0.54243672
2015_1181_1412,0.84525422
2015_1279_1412,0.496296672
2015_1400_1412,0.753527514
2015_1314_1412,0.7871729
2015_1242_1412,0.784405937
2015_1316_1412,0.415199994
2015_1208_1412,0.411594281
2015_1231_1412,0.709763294
2015_1332_1412,0.785977025
2015_1157_1412,0.159677452
2015_1248_1412,0.415199994
2015_1320_1412,0.460918117
2015_1234_1412,0.762802257
2015_1268_1412,0.580035933
2015_1385_1412,0.503083918
2015_1207_1412,0.642585023
2015_1344_1412,0.582053642
2015_1301_1412,0.609714193
2015_1352_1412,0.273192773
2015_1323_1412,0.498524624
2015_1374_1412,0.415199994
2015_1372_1412,0.596636681
2015_1264_1412,0.507061183
2015_1172_1412,0.425863843
2015_1214_1414,0.315049977
2015_1257_1414,0.719036112
2015_1107_1414,0.506719451
2015_1173_1414,0.6411733
2015_1261_1414,0.629852039
2015_1112_1414,0.812785968
2015_1264_1414,0.548345304
2015_1139_1414,0.640822346
2015_1231_1414,0.742990818
2015_1277_1414,0.866636441
2015_1140_1414,0.728919187
2015_1125_1414,0.524693599
2015_1116_1414,0.514059692
2015_1235_1414,0.756413832
2015_1345_1414,0.638943588
2015_1411_1414,0.409999815
2015_1295_1414,0.522291415
2015_1124_1414,0.750134579
2015_1326_1414,0.822996647
2015_1153_1414,0.57281215
2015_1208_1414,0.461238635
2015_1157_1414,0.375490148
2015_1318_1414,0.492615802
2015_1209_1414,0.492615802
2015_1316_1414,0.492615802
2015_1172_1414,0.505751309
2015_1129_1414,0.554872091
2015_1323_1414,0.583336083
2015_1344_1414,0.576378186
2015_1248_1414,0.492615802
2015_1328_1414,0.672190349
2015_1352_1414,0.424158843
2015_1138_1414,0.492615802
2015_1242_1414,0.804706783
2015_1207_1414,0.676404911
2015_1361_1414,0.782809169
2015_1217_1414,0.606061105
2015_1279_1414,0.538781316
2015_1314_1414,0.750390892
2015_1181_1414,0.87139586
2015_1211_1414,0.835418148
2015_1186_1414,0.492615802
2015_1412_1414,0.529458165
2015_1246_1414,0.783421089
2015_1268_1414,0.703375819
2015_1301_1414,0.538235795
2015_1385_1414,0.582056791
2015_1400_1414,0.777443319
2015_1329_1414,0.654145393
2015_1320_1414,0.496933665
2015_1234_1414,0.754946398
2015_1372_1414,0.611923074
2015_1308_1414,0.556368882
2015_1332_1414,0.78542774
2015_1374_1414,0.492615802
2015_1257_1417,0.424130131
2015_1412_1417,0.198060766
2015_1157_1417,0.050806313
2015_1264_1417,0.187994357
2015_1318_1417,0.166103714
2015_1107_1417,0.058791131
2015_1411_1417,0.057158924
2015_1208_1417,0.136517123
2015_1140_1417,0.40103784
2015_1261_1417,0.22752371
2015_1231_1417,0.376128415
2015_1173_1417,0.236695394
2015_1326_1417,0.623855986
2015_1328_1417,0.387180804
2015_1186_1417,0.166103714
2015_1344_1417,0.244403087
2015_1116_1417,0.143139129
2015_1308_1417,0.133733232
2015_1112_1417,0.62061979
2015_1277_1417,0.720226485
2015_1332_1417,0.459284409
2015_1323_1417,0.190079624
2015_1385_1417,0.25830619
2015_1400_1417,0.533385391
2015_1217_1417,0.198531478
2015_1153_1417,0.246789911
2015_1329_1417,0.333394908
2015_1138_1417,0.166103714
2015_1207_1417,0.371286286
2015_1242_1417,0.561118595
2015_1320_1417,0.123346139
2015_1314_1417,0.607667859
2015_1129_1417,0.107325861
2015_1352_1417,0.054337469
2015_1295_1417,0.141909659
2015_1301_1417,0.245881155
2015_1124_1417,0.322231653
2015_1172_1417,0.097024835
2015_1268_1417,0.255123743
2015_1214_1417,0.037082822
2015_1181_1417,0.714288608
2015_1414_1417,0.166103714
2015_1235_1417,0.386137969
2015_1372_1417,0.180487935
2015_1248_1417,0.166103714
2015_1246_1417,0.433866404
2015_1345_1417,0.226826255
2015_1139_1417,0.238997774
2015_1316_1417,0.166103714
2015_1361_1417,0.425853137
2015_1279_1417,0.165240242
2015_1234_1417,0.50610058
2015_1211_1417,0.55747527
2015_1209_1417,0.166103714
2015_1374_1417,0.166103714
2015_1125_1417,0.102379326
2015_1107_1428,0.181222484
2015_1138_1428,0.444115095
2015_1139_1428,0.591132745
2015_1112_1428,0.735310946
2015_1295_1428,0.400741763
2015_1125_1428,0.371318241
2015_1417_1428,0.755146857
2015_1186_1428,0.444115095
2015_1116_1428,0.463293712
2015_1209_1428,0.444115095
2015_1140_1428,0.73016965
2015_1124_1428,0.633077937
2015_1372_1428,0.491271849
2015_1157_1428,0.119833961
2015_1374_1428,0.444115095
2015_1211_1428,0.751497949
2015_1172_1428,0.335282793
2015_1323_1428,0.51501628
2015_1129_1428,0.392911157
2015_1345_1428,0.596622473
2015_1352_1428,0.176320316
2015_1214_1428,0.10460248
2015_1414_1428,0.444115095
2015_1261_1428,0.562998142
2015_1181_1428,0.860831932
2015_1279_1428,0.414921079
2015_1320_1428,0.4303659
2015_1264_1428,0.441010724
2015_1217_1428,0.496772212
2015_1207_1428,0.648588982
2015_1344_1428,0.523211407
2015_1400_1428,0.719883527
2015_1248_1428,0.444115095
2015_1173_1428,0.595838772
2015_1301_1428,0.53507654
2015_1326_1428,0.839518277
2015_1257_1428,0.719192361
2015_1308_1428,0.426916377
2015_1328_1428,0.607481262
2015_1208_1428,0.39442016
2015_1231_1428,0.65882842
2015_1277_1428,0.865175078
2015_1318_1428,0.444115095
2015_1329_1428,0.649700253
2015_1242_1428,0.752330848
2015_1385_1428,0.538002811
2015_1316_1428,0.444115095
2015_1268_1428,0.594367288
2015_1246_1428,0.773209424
2015_1153_1428,0.589871328
2015_1411_1428,0.131770414
2015_1412_1428,0.415501213
2015_1314_1428,0.772815699
2015_1361_1428,0.757226546
2015_1235_1428,0.723163896
2015_1332_1428,0.757405518
2015_1234_1428,0.785649585
2015_1209_1433,0.227077086
2015_1417_1433,0.537194415
2015_1277_1433,0.752568678
2015_1318_1433,0.227077086
2015_1112_1433,0.684514879
2015_1139_1433,0.370629473
2015_1412_1433,0.318143862
2015_1295_1433,0.23285509
2015_1248_1433,0.227077086
2015_1332_1433,0.626472253
2015_1207_1433,0.414381716
2015_1372_1433,0.327843604
2015_1217_1433,0.50847867
2015_1138_1433,0.227077086
2015_1125_1433,0.233817789
2015_1320_1433,0.194363055
2015_1129_1433,0.239444368
2015_1235_1433,0.614994387
2015_1326_1433,0.709418897
2015_1301_1433,0.486002326
2015_1344_1433,0.403213904
2015_1211_1433,0.714825662
2015_1257_1433,0.577828461
2015_1328_1433,0.442730591
2015_1428_1433,0.310913607
2015_1411_1433,0.151694559
2015_1361_1433,0.672619313
2015_1140_1433,0.571587995
2015_1261_1433,0.327160046
2015_1242_1433,0.722057182
2015_1352_1433,0.119579685
2015_1181_1433,0.757028778
2015_1314_1433,0.720498283
2015_1308_1433,0.42074359
2015_1214_1433,0.092400527
2015_1414_1433,0.227077086
2015_1186_1433,0.227077086
2015_1234_1433,0.585190304
2015_1246_1433,0.634691589
2015_1172_1433,0.217451446
2015_1153_1433,0.383836083
2015_1374_1433,0.227077086
2015_1329_1433,0.524726313
2015_1173_1433,0.441192782
2015_1279_1433,0.230470377
2015_1385_1433,0.406104052
2015_1116_1433,0.206511063
2015_1400_1433,0.699851352
2015_1323_1433,0.243225954
2015_1231_1433,0.450092947
2015_1264_1433,0.284706623
2015_1316_1433,0.227077086
2015_1124_1433,0.452088474
2015_1157_1433,0.123864629
2015_1345_1433,0.392973252
2015_1107_1433,0.134302631
2015_1268_1433,0.305956689
2015_1208_1433,0.230288277
2015_1235_1434,0.857440695
2015_1345_1434,0.704817114
2015_1214_1434,0.376430295
2015_1316_1434,0.495664215
2015_1400_1434,0.832496978
2015_1326_1434,0.927110274
2015_1112_1434,0.843941579
2015_1208_1434,0.450434783
2015_1231_1434,0.836472508
2015_1268_1434,0.674914531
2015_1295_1434,0.647663665
2015_1124_1434,0.77376156
2015_1332_1434,0.856338137
2015_1172_1434,0.503700809
2015_1411_1434,0.446447819
2015_1129_1434,0.565610088
2015_1186_1434,0.495664215
2015_1301_1434,0.663398762
2015_1138_1434,0.495664215
2015_1234_1434,0.851804479
2015_1211_1434,0.853126012
2015_1242_1434,0.89320051
2015_1352_1434,0.431707154
2015_1385_1434,0.626972494
2015_1314_1434,0.855333849
2015_1428_1434,0.557714738
2015_1264_1434,0.637297579
2015_1181_1434,0.925491471
2015_1414_1434,0.495664215
2015_1279_1434,0.584046016
2015_1328_1434,0.721347535
2015_1209_1434,0.495664215
2015_1246_1434,0.871178561
2015_1417_1434,0.875380343
2015_1372_1434,0.712951701
2015_1329_1434,0.784861998
2015_1261_1434,0.679376159
2015_1412_1434,0.548159406
2015_1320_1434,0.514552278
2015_1173_1434,0.7191591
2015_1433_1434,0.754841613
2015_1139_1434,0.749042551
2015_1107_1434,0.446790108
2015_1217_1434,0.655634897
2015_1125_1434,0.533139953
2015_1374_1434,0.495664215
2015_1207_1434,0.797114068
2015_1344_1434,0.715891111
2015_1277_1434,0.907791514
2015_1116_1434,0.515389099
2015_1140_1434,0.828212772
2015_1361_1434,0.852764205
2015_1308_1434,0.614457983
2015_1157_1434,0.400017311
2015_1248_1434,0.495664215
2015_1323_1434,0.615602449
2015_1153_1434,0.723903316
2015_1318_1434,0.495664215
2015_1257_1434,0.848912602
2015_1242_1437,0.758749072
2015_1231_1437,0.565486529
2015_1172_1437,0.16664975
2015_1235_1437,0.483405606
2015_1385_1437,0.314933643
2015_1211_1437,0.623458766
2015_1352_1437,0.08335537
2015_1361_1437,0.550421491
2015_1124_1437,0.547152356
2015_1138_1437,0.190223277
2015_1295_1437,0.199664508
2015_1279_1437,0.178514798
2015_1301_1437,0.360779277
2015_1208_1437,0.180364871
2015_1320_1437,0.179747191
2015_1140_1437,0.399119964
2015_1428_1437,0.333745957
2015_1264_1437,0.245266804
2015_1329_1437,0.404011901
2015_1344_1437,0.365697088
2015_1326_1437,0.617482275
2015_1157_1437,0.060680873
2015_1268_1437,0.286717241
2015_1186_1437,0.190223277
2015_1323_1437,0.347305117
2015_1209_1437,0.190223277
2015_1434_1437,0.167736338
2015_1328_1437,0.505570394
2015_1345_1437,0.257506399
2015_1234_1437,0.556214392
2015_1112_1437,0.621092903
2015_1372_1437,0.242292633
2015_1107_1437,0.089647991
2015_1207_1437,0.458876842
2015_1153_1437,0.331025452
2015_1374_1437,0.190223277
2015_1246_1437,0.468651651
2015_1214_1437,0.047796243
2015_1125_1437,0.175073863
2015_1173_1437,0.373875629
2015_1412_1437,0.271276339
2015_1332_1437,0.501659526
2015_1414_1437,0.190223277
2015_1417_1437,0.576793874
2015_1129_1437,0.170657574
2015_1277_1437,0.839406146
2015_1257_1437,0.538301352
2015_1316_1437,0.190223277
2015_1433_1437,0.467300982
2015_1261_1437,0.255995915
2015_1308_1437,0.22882604
2015_1116_1437,0.214164493
2015_1139_1437,0.306929416
2015_1318_1437,0.190223277
2015_1400_1437,0.586045941
2015_1248_1437,0.190223277
2015_1411_1437,0.068403986
2015_1181_1437,0.703417635
2015_1314_1437,0.670768584
2015_1217_1437,0.285133736
2015_1116_1438,0.176779469
2015_1279_1438,0.173347677
2015_1242_1438,0.65740242
2015_1181_1438,0.723844634
2015_1234_1438,0.49949667
2015_1140_1438,0.406420475
2015_1231_1438,0.387779635
2015_1361_1438,0.512632227
2015_1320_1438,0.175764537
2015_1433_1438,0.383190069
2015_1207_1438,0.366854117
2015_1153_1438,0.247755027
2015_1328_1438,0.351958261
2015_1326_1438,0.659253211
2015_1208_1438,0.162511271
2015_1257_1438,0.488005808
2015_1437_1438,0.44690459
2015_1344_1438,0.289118216
2015_1209_1438,0.163155231
2015_1129_1438,0.153342144
2015_1214_1438,0.044478071
2015_1374_1438,0.163155231
2015_1186_1438,0.163155231
2015_1157_1438,0.05931902
2015_1107_1438,0.068271674
2015_1417_1438,0.505006111
2015_1314_1438,0.569995775
2015_1248_1438,0.163155231
2015_1329_1438,0.363773331
2015_1211_1438,0.518438088
2015_1172_1438,0.131100811
2015_1434_1438,0.128283851
2015_1372_1438,0.222292118
2015_1125_1438,0.124955501
2015_1428_1438,0.229025004
2015_1112_1438,0.548783758
2015_1345_1438,0.211859977
2015_1332_1438,0.49151799
2015_1385_1438,0.247422185
2015_1246_1438,0.597251443
2015_1138_1438,0.163155231
2015_1412_1438,0.202614249
2015_1261_1438,0.223167529
2015_1235_1438,0.513296779
2015_1173_1438,0.324796788
2015_1264_1438,0.214796776
2015_1323_1438,0.183942954
2015_1411_1438,0.070898215
2015_1308_1438,0.169115733
2015_1295_1438,0.203225937
2015_1352_1438,0.063720508
2015_1277_1438,0.713256631
2015_1400_1438,0.431491079
2015_1139_1438,0.307542516
2015_1268_1438,0.257039275
2015_1217_1438,0.253041313
2015_1316_1438,0.163155231
2015_1124_1438,0.351906195
2015_1301_1438,0.317419634
2015_1318_1438,0.163155231
2015_1414_1438,0.163155231
2015_1345_1452,0.395164728
2015_1208_1452,0.279368015
2015_1326_1452,0.653384404
2015_1209_1452,0.218608144
2015_1352_1452,0.112056014
2015_1186_1452,0.218608144
2015_1374_1452,0.218608144
2015_1173_1452,0.494870125
2015_1417_1452,0.695539675
2015_1385_1452,0.387720762
2015_1320_1452,0.315995572
2015_1138_1452,0.218608144
2015_1129_1452,0.287113219
2015_1279_1452,0.338297342
2015_1116_1452,0.230368687
2015_1277_1452,0.874641091
2015_1112_1452,0.706431261
2015_1211_1452,0.725968454
2015_1344_1452,0.449568562
2015_1207_1452,0.533361201
2015_1124_1452,0.64569531
2015_1323_1452,0.406819744
2015_1231_1452,0.635085269
2015_1314_1452,0.478403293
2015_1140_1452,0.721039569
2015_1261_1452,0.401751516
2015_1328_1452,0.571537052
2015_1308_1452,0.450095631
2015_1428_1452,0.346194704
2015_1234_1452,0.757659526
2015_1433_1452,0.604362956
2015_1301_1452,0.460498867
2015_1172_1452,0.247433373
2015_1248_1452,0.218608144
2015_1181_1452,0.88412709
2015_1437_1452,0.749592509
2015_1295_1452,0.363606508
2015_1412_1452,0.307332371
2015_1316_1452,0.218608144
2015_1361_1452,0.739228783
2015_1318_1452,0.218608144
2015_1217_1452,0.495900642
2015_1139_1452,0.480926403
2015_1332_1452,0.669799274
2015_1257_1452,0.664837512
2015_1434_1452,0.241946063
2015_1400_1452,0.736596675
2015_1372_1452,0.449992676
2015_1214_1452,0.045608415
2015_1125_1452,0.280994307
2015_1242_1452,0.839021043
2015_1268_1452,0.53000786
2015_1264_1452,0.405042988
2015_1414_1452,0.218608144
2015_1107_1452,0.139385376
2015_1329_1452,0.619573754
2015_1153_1452,0.417339313
2015_1235_1452,0.692713588
2015_1157_1452,0.06976207
2015_1246_1452,0.81517849
2015_1411_1452,0.074465996
2015_1438_1452,0.754284798
2015_1374_1455,0.135168654
2015_1116_1455,0.127546406
2015_1301_1455,0.260245944
2015_1138_1455,0.135168654
2015_1248_1455,0.135168654
2015_1208_1455,0.11528628
2015_1428_1455,0.243091554
2015_1234_1455,0.440463774
2015_1157_1455,0.041447867
2015_1207_1455,0.321802244
2015_1125_1455,0.116086213
2015_1361_1455,0.459841878
2015_1242_1455,0.673508507
2015_1328_1455,0.293180796
2015_1452_1455,0.169641908
2015_1320_1455,0.179323179
2015_1107_1455,0.040509852
2015_1181_1455,0.626405388
2015_1153_1455,0.218418528
2015_1372_1455,0.174566709
2015_1268_1455,0.208745428
2015_1318_1455,0.135168654
2015_1400_1455,0.37792732
2015_1279_1455,0.13297823
2015_1214_1455,0.030050202
2015_1211_1455,0.514210134
2015_1437_1455,0.350141561
2015_1352_1455,0.044567011
2015_1412_1455,0.18776342
2015_1323_1455,0.159528384
2015_1385_1455,0.2061815
2015_1344_1455,0.242886936
2015_1277_1455,0.681290572
2015_1129_1455,0.112900484
2015_1434_1455,0.114633513
2015_1173_1455,0.244438475
2015_1345_1455,0.184476355
2015_1308_1455,0.137798487
2015_1417_1455,0.445760117
2015_1329_1455,0.304331799
2015_1140_1455,0.370200236
2015_1186_1455,0.135168654
2015_1433_1455,0.370153057
2015_1257_1455,0.433368328
2015_1332_1455,0.463628594
2015_1264_1455,0.176462237
2015_1261_1455,0.170163084
2015_1217_1455,0.201454478
2015_1235_1455,0.418962544
2015_1326_1455,0.642486866
2015_1139_1455,0.193634897
2015_1231_1455,0.426450378
2015_1411_1455,0.05072758
2015_1295_1455,0.153882502
2015_1246_1455,0.547788839
2015_1209_1455,0.135168654
2015_1438_1455,0.486482493
2015_1124_1455,0.35443457
2015_1112_1455,0.618431775
2015_1316_1455,0.135168654
2015_1414_1455,0.135168654
2015_1172_1455,0.101073933
2015_1314_1455,0.520941607
2015_1328_1458,0.249218329
2015_1139_1458,0.191383084
2015_1235_1458,0.394261553
2015_1308_1458,0.139780915
2015_1257_1458,0.331007143
2015_1279_1458,0.137694553
2015_1455_1458,0.424842153
2015_1231_1458,0.288754541
2015_1316_1458,0.129847837
2015_1124_1458,0.269309848
2015_1345_1458,0.203203691
2015_1295_1458,0.125942985
2015_1173_1458,0.230442929
2015_1323_1458,0.162473339
2015_1107_1458,0.045995308
2015_1248_1458,0.129847837
2015_1452_1458,0.265354509
2015_1153_1458,0.21561753
2015_1214_1458,0.033526282
2015_1112_1458,0.479899395
2015_1277_1458,0.569519553
2015_1417_1458,0.413766834
2015_1207_1458,0.310037304
2015_1412_1458,0.167909782
2015_1372_1458,0.190096831
2015_1400_1458,0.361213763
2015_1125_1458,0.10891557
2015_1211_1458,0.467776744
2015_1268_1458,0.201362552
2015_1385_1458,0.227313819
2015_1186_1458,0.129847837
2015_1301_1458,0.231330736
2015_1261_1458,0.17063928
2015_1414_1458,0.129847837
2015_1352_1458,0.044232309
2015_1181_1458,0.57593537
2015_1208_1458,0.122051952
2015_1437_1458,0.283924271
2015_1140_1458,0.336153382
2015_1344_1458,0.227510716
2015_1438_1458,0.314658371
2015_1434_1458,0.105851283
2015_1172_1458,0.109860183
2015_1320_1458,0.120673102
2015_1314_1458,0.53860909
2015_1217_1458,0.178626687
2015_1264_1458,0.189192837
2015_1332_1458,0.364092479
2015_1129_1458,0.129362018
2015_1329_1458,0.262299225
2015_1157_1458,0.045439198
2015_1116_1458,0.139073972
2015_1246_1458,0.398045919
2015_1326_1458,0.558384639
2015_1242_1458,0.52127048
2015_1209_1458,0.129847837
2015_1374_1458,0.129847837
2015_1138_1458,0.129847837
2015_1234_1458,0.38998092
2015_1411_1458,0.047420729
2015_1318_1458,0.129847837
2015_1428_1458,0.186074759
2015_1361_1458,0.381096637
2015_1433_1458,0.306553764
2015_1345_1459,0.44690895
2015_1186_1459,0.187699486
2015_1116_1459,0.26882385
2015_1173_1459,0.61269714
2015_1235_1459,0.773919571
2015_1328_1459,0.652047778
2015_1125_1459,0.320812723
2015_1217_1459,0.503260716
2015_1361_1459,0.774928604
2015_1234_1459,0.76773995
2015_1107_1459,0.24518565
2015_1124_1459,0.66631194
2015_1352_1459,0.202500063
2015_1157_1459,0.211708673
2015_1428_1459,0.334277611
2015_1153_1459,0.549115548
2015_1344_1459,0.590991325
2015_1374_1459,0.187699486
2015_1320_1459,0.301450243
2015_1248_1459,0.187699486
2015_1279_1459,0.403912928
2015_1438_1459,0.802920331
2015_1214_1459,0.160046476
2015_1209_1459,0.187699486
2015_1172_1459,0.31339882
2015_1433_1459,0.618122451
2015_1139_1459,0.554668676
2015_1455_1459,0.78645439
2015_1246_1459,0.822585071
2015_1208_1459,0.278478763
2015_1437_1459,0.710578999
2015_1268_1459,0.435225332
2015_1452_1459,0.479810444
2015_1138_1459,0.187699486
2015_1332_1459,0.787870433
2015_1318_1459,0.187699486
2015_1211_1459,0.772575579
2015_1458_1459,0.76247996
2015_1308_1459,0.423984179
2015_1231_1459,0.706822257
2015_1129_1459,0.415966043
2015_1326_1459,0.87901207
2015_1417_1459,0.825723058
2015_1414_1459,0.187699486
2015_1372_1459,0.580473516
2015_1323_1459,0.343433035
2015_1329_1459,0.648427342
2015_1295_1459,0.503305946
2015_1277_1459,0.83998533
2015_1385_1459,0.412308449
2015_1261_1459,0.426467196
2015_1314_1459,0.848936633
2015_1434_1459,0.269200572
2015_1140_1459,0.686963763
2015_1412_1459,0.339842725
2015_1242_1459,0.848649158
2015_1400_1459,0.729409229
2015_1301_1459,0.501358292
2015_1411_1459,0.250412621
2015_1257_1459,0.784238154
2015_1181_1459,0.884915727
2015_1316_1459,0.187699486
2015_1207_1459,0.639498068
2015_1112_1459,0.767823556
2015_1264_1459,0.526250718
2015_1129_1461,0.554872091
2015_1107_1461,0.506719451
2015_1231_1461,0.742990818
2015_1173_1461,0.6411733
2015_1318_1461,0.492615802
2015_1434_1461,0.450954483
2015_1138_1461,0.492615802
2015_1438_1461,0.747488776
2015_1181_1461,0.87139586
2015_1455_1461,0.788752844
2015_1458_1461,0.767727667
2015_1139_1461,0.640822346
2015_1112_1461,0.812785968
2015_1268_1461,0.703375819
2015_1242_1461,0.804706783
2015_1361_1461,0.782809169
2015_1186_1461,0.492615802
2015_1277_1461,0.866636441
2015_1329_1461,0.654145393
2015_1140_1461,0.728919187
2015_1116_1461,0.514059692
2015_1207_1461,0.676404911
2015_1124_1461,0.750134579
2015_1208_1461,0.461238635
2015_1295_1461,0.522291415
2015_1326_1461,0.822996647
2015_1316_1461,0.492615802
2015_1301_1461,0.538235795
2015_1417_1461,0.753128096
2015_1257_1461,0.719036112
2015_1157_1461,0.375490148
2015_1372_1461,0.611923074
2015_1125_1461,0.524693599
2015_1209_1461,0.492615802
2015_1172_1461,0.505751309
2015_1412_1461,0.529458165
2015_1414_1461,0.492615802
2015_1328_1461,0.672190349
2015_1433_1461,0.693805781
2015_1214_1461,0.315049977
2015_1234_1461,0.754946398
2015_1437_1461,0.761952725
2015_1261_1461,0.629852039
2015_1323_1461,0.583336083
2015_1344_1461,0.576378186
2015_1264_1461,0.548345304
2015_1385_1461,0.582056791
2015_1153_1461,0.57281215
2015_1248_1461,0.492615802
2015_1459_1461,0.649290212
2015_1235_1461,0.756413832
2015_1374_1461,0.492615802
2015_1217_1461,0.606061105
2015_1314_1461,0.750390892
2015_1320_1461,0.496933665
2015_1428_1461,0.534150256
2015_1332_1461,0.78542774
2015_1352_1461,0.424158843
2015_1400_1461,0.777443319
2015_1211_1461,0.835418148
2015_1345_1461,0.638943588
2015_1411_1461,0.409999815
2015_1452_1461,0.746966724
2015_1279_1461,0.538781316
2015_1246_1461,0.783421089
2015_1308_1461,0.556368882
2015_1112_1462,0.656584737
2015_1301_1462,0.41610461
2015_1372_1462,0.468348386
2015_1308_1462,0.368111282
2015_1140_1462,0.619246211
2015_1153_1462,0.546655993
2015_1173_1462,0.464092783
2015_1412_1462,0.302107093
2015_1211_1462,0.801299969
2015_1458_1462,0.692398331
2015_1124_1462,0.644284109
2015_1434_1462,0.178077404
2015_1352_1462,0.121717154
2015_1400_1462,0.75522975
2015_1107_1462,0.162290058
2015_1323_1462,0.364446534
2015_1277_1462,0.818382031
2015_1248_1462,0.219128459
2015_1345_1462,0.37294018
2015_1279_1462,0.329568346
2015_1414_1462,0.219128459
2015_1268_1462,0.374204079
2015_1208_1462,0.260825334
2015_1461_1462,0.219128459
2015_1234_1462,0.685377996
2015_1209_1462,0.219128459
2015_1417_1462,0.694346136
2015_1235_1462,0.731305335
2015_1437_1462,0.652570423
2015_1314_1462,0.726999586
2015_1326_1462,0.721693159
2015_1318_1462,0.219128459
2015_1455_1462,0.752040007
2015_1129_1462,0.200655415
2015_1459_1462,0.35131189
2015_1316_1462,0.219128459
2015_1320_1462,0.234532273
2015_1433_1462,0.635315618
2015_1231_1462,0.493396111
2015_1139_1462,0.516774507
2015_1217_1462,0.45523311
2015_1157_1462,0.104790725
2015_1172_1462,0.286008007
2015_1361_1462,0.728593399
2015_1214_1462,0.075096106
2015_1411_1462,0.116036394
2015_1264_1462,0.311604557
2015_1374_1462,0.219128459
2015_1295_1462,0.407218706
2015_1261_1462,0.328769389
2015_1246_1462,0.695773898
2015_1385_1462,0.358996816
2015_1186_1462,0.219128459
2015_1125_1462,0.239960368
2015_1257_1462,0.68315117
2015_1344_1462,0.443726869
2015_1181_1462,0.758470189
2015_1332_1462,0.705480643
2015_1329_1462,0.674991646
2015_1207_1462,0.476133186
2015_1138_1462,0.219128459
2015_1116_1462,0.223521353
2015_1428_1462,0.292198695
2015_1452_1462,0.405696818
2015_1328_1462,0.683367257
2015_1438_1462,0.696969972
2015_1242_1462,0.768748154
