id,pred
2015_1437_1438,0.4847240584
2015_1437_1461,0.9220913307
2015_1437_1452,0.7197127726
2015_1437_1455,0.6462271583
2015_1437_1458,0.4651293925
2015_1437_1462,0.7535569857
2015_1437_1459,0.9078564575
2015_1438_1461,0.9263705906
2015_1438_1452,0.7318757183
2015_1438_1455,0.6600728442
2015_1438_1458,0.4803634942
2015_1438_1462,0.7647313684
2015_1438_1459,0.912843688
2015_1328_1437,0.3577754603
2015_1328_1438,0.343856477
2015_1328_1344,0.6462271583
2015_1328_1461,0.8683073144
2015_1328_1414,0.8642617557
2015_1328_1428,0.5043658025
2015_1328_1374,0.5927797117
2015_1328_1361,0.7090235393
2015_1328_1385,0.7267041666
2015_1328_1417,0.714398171
2015_1328_1372,0.7335857235
2015_1328_1412,0.9155827336
2015_1328_1352,0.9593369041
2015_1328_1452,0.5885573927
2015_1328_1455,0.5043658025
2015_1328_1345,0.6869426545
2015_1328_1400,0.601182797
2015_1328_1434,0.7989313558
2015_1328_1458,0.3263496971
2015_1328_1462,0.6300989765
2015_1328_1433,0.6095267037
2015_1328_1332,0.7161764153
2015_1328_1329,0.7161764153
2015_1328_1459,0.8458878583
2015_1328_1411,0.9650443607
2015_1257_1437,0.3340743771
2015_1257_1438,0.3206171409
2015_1257_1328,0.4738284599
2015_1257_1320,0.4781842919
2015_1257_1344,0.6219219952
2015_1257_1277,0.5261715401
2015_1257_1301,0.658110896
2015_1257_1261,0.6755670379
2015_1257_1461,0.8558564158
2015_1257_1414,0.851493786
2015_1257_1428,0.4781842919
2015_1257_1374,0.5672614656
2015_1257_1361,0.6869426545
2015_1257_1385,0.7054075198
2015_1257_1417,0.6925482851
2015_1257_1372,0.7126132563
2015_1257_1412,0.907123407
2015_1257_1295,0.940434045
2015_1257_1316,0.905641587
2015_1257_1352,0.9550468453
2015_1257_1323,0.4586186944
2015_1257_1268,0.5885573927
2015_1257_1452,0.5629696272
2015_1257_1455,0.4781842919
2015_1257_1345,0.6639802587
2015_1257_1400,0.5758143154
2015_1257_1434,0.7815713012
2015_1257_1318,0.8896240462
2015_1257_1308,0.8470227183
2015_1257_1264,0.9358763966
2015_1257_1458,0.3037458193
2015_1257_1314,0.4694766078
2015_1257_1462,0.6053624266
2015_1257_1433,0.5843219938
2015_1257_1332,0.6944043783
2015_1257_1329,0.6944043783
2015_1257_1326,0.5021829429
2015_1257_1279,0.6482208495
2015_1257_1459,0.8317280832
2015_1257_1411,0.9613321821
2015_1320_1437,0.3537728417
2015_1320_1438,0.3399271558
2015_1320_1328,0.4956341975
2015_1320_1344,0.6422245397
2015_1320_1461,0.8662974742
2015_1320_1414,0.8621999722
2015_1320_1428,0.5
2015_1320_1374,0.5885573927
2015_1320_1361,0.7054075198
2015_1320_1385,0.7232220965
2015_1320_1417,0.7108217019
2015_1320_1372,0.7301587746
2015_1320_1412,0.9142231175
2015_1320_1352,0.9586501624
2015_1320_1323,0.4803634942
2015_1320_1452,0.5843219938
2015_1320_1455,0.5
2015_1320_1345,0.683174848
2015_1320_1400,0.5969883706
2015_1320_1434,0.7961113436
2015_1320_1458,0.3225220948
2015_1320_1462,0.6260194834
2015_1320_1433,0.6053624266
2015_1320_1332,0.7126132563
2015_1320_1329,0.7126132563
2015_1320_1326,0.5239940804
2015_1320_1459,0.8435974919
2015_1320_1411,0.9644504379
2015_1344_1437,0.233701258
2015_1344_1438,0.2229336993
2015_1344_1461,0.7830583123
2015_1344_1414,0.7770663007
2015_1344_1428,0.3577754603
2015_1344_1374,0.4434856524
2015_1344_1361,0.5715432334
2015_1344_1385,0.5927797117
2015_1344_1417,0.5779456588
2015_1344_1372,0.601182797
2015_1344_1412,0.8558564158
2015_1344_1352,0.9281374995
2015_1344_1452,0.4391798745
2015_1344_1455,0.3577754603
2015_1344_1345,0.5457140728
2015_1344_1400,0.4521220955
2015_1344_1434,0.6850617955
2015_1344_1458,0.2096166484
2015_1344_1462,0.4825434439
2015_1344_1433,0.4607874686
2015_1344_1459,0.750299489
2015_1344_1411,0.9379408076
2015_1277_1437,0.3111826169
2015_1277_1438,0.2982345349
2015_1277_1328,0.4477999375
2015_1277_1320,0.4521220955
2015_1277_1344,0.5969883706
2015_1277_1301,0.6341599749
2015_1277_1461,0.8424419484
2015_1277_1414,0.8377502861
2015_1277_1428,0.4521220955
2015_1277_1374,0.5413813056
2015_1277_1361,0.6639802587
2015_1277_1385,0.683174848
2015_1277_1417,0.6697994157
2015_1277_1372,0.6906859401
2015_1277_1412,0.8979109038
2015_1277_1295,0.9342862947
2015_1277_1316,0.8962989038
2015_1277_1352,0.9503276097
2015_1277_1323,0.4327385344
2015_1277_1452,0.5370422716
2015_1277_1455,0.4521220955
2015_1277_1345,0.6402157268
2015_1277_1400,0.5500399277
2015_1277_1434,0.7631567317
2015_1277_1318,0.8789074773
2015_1277_1308,0.8329466216
2015_1277_1458,0.2820520411
2015_1277_1314,0.4434856524
2015_1277_1462,0.580074103
2015_1277_1433,0.5586683394
2015_1277_1332,0.6717277465
2015_1277_1329,0.6717277465
2015_1277_1326,0.4760059196
2015_1277_1279,0.6239729571
2015_1277_1459,0.8165494638
2015_1277_1411,0.957243248
2015_1301_1437,0.2067379851
2015_1301_1438,0.1968935336
2015_1301_1328,0.3187181453
2015_1301_1320,0.3225220948
2015_1301_1344,0.4607874686
2015_1301_1461,0.7551749708
2015_1301_1414,0.748660007
2015_1301_1428,0.3225220948
2015_1301_1374,0.4051142153
2015_1301_1361,0.5326976204
2015_1301_1385,0.5543582289
2015_1301_1417,0.5392125314
2015_1301_1372,0.5629696272
2015_1301_1412,0.8353625202
2015_1301_1316,0.8329466216
2015_1301_1352,0.9169227573
2015_1301_1323,0.3055956217
2015_1301_1452,0.4009126017
2015_1301_1455,0.3225220948
2015_1301_1345,0.5065484958
2015_1301_1400,0.4135587084
2015_1301_1434,0.6502093868
2015_1301_1318,0.8072158022
2015_1301_1308,0.7420308982
2015_1301_1458,0.1847621498
2015_1301_1314,0.3149382045
2015_1301_1462,0.4434856524
2015_1301_1433,0.4220543412
2015_1301_1332,0.5413813056
2015_1301_1329,0.5413813056
2015_1301_1326,0.343856477
2015_1301_1459,0.7197127726
2015_1301_1411,0.9281374995
2015_1261_1437,0.1941466775
2015_1261_1438,0.1847621498
2015_1261_1328,0.3019023458
2015_1261_1320,0.3055956217
2015_1261_1344,0.4413316606
2015_1261_1277,0.3478072854
2015_1261_1301,0.4803634942
2015_1261_1461,0.7403559136
2015_1261_1414,0.7335857235
2015_1261_1428,0.3055956217
2015_1261_1374,0.3863249187
2015_1261_1361,0.5130947454
2015_1261_1385,0.5348706075
2015_1261_1417,0.5196365058
2015_1261_1372,0.543548513
2015_1261_1412,0.8242676765
2015_1261_1295,0.8834777498
2015_1261_1316,0.8217237164
2015_1261_1352,0.9107369096
2015_1261_1323,0.2891782981
2015_1261_1268,0.4072202883
2015_1261_1452,0.3821929786
2015_1261_1455,0.3055956217
2015_1261_1345,0.4869052546
2015_1261_1400,0.3946375734
2015_1261_1434,0.6321318184
2015_1261_1318,0.7946903452
2015_1261_1308,0.7267041666
2015_1261_1264,0.8751407274
2015_1261_1458,0.1732170128
2015_1261_1314,0.2982345349
2015_1261_1462,0.4241856846
2015_1261_1433,0.4030116294
2015_1261_1332,0.5218157081
2015_1261_1329,0.5218157081
2015_1261_1326,0.3263496971
2015_1261_1279,0.4694766078
2015_1261_1459,0.7035897297
2015_1261_1411,0.9227163082
2015_1208_1437,0.2448250292
2015_1208_1438,0.233701258
2015_1208_1328,0.3678681816
2015_1208_1257,0.3925534814
2015_1208_1320,0.3719384892
2015_1208_1344,0.5152759416
2015_1208_1277,0.4178004272
2015_1208_1301,0.5543582289
2015_1208_1261,0.5736801483
2015_1208_1461,0.7932620149
2015_1208_1414,0.7874753438
2015_1208_1248,0.9257727873
2015_1208_1211,0.2416106546
2015_1208_1235,0.3719384892
2015_1208_1428,0.3719384892
2015_1208_1374,0.4586186944
2015_1208_1234,0.5413813056
2015_1208_1361,0.5864412916
2015_1208_1385,0.6074465186
2015_1208_1417,0.5927797117
2015_1208_1372,0.6157431393
2015_1208_1412,0.8632341336
2015_1208_1295,0.9107369096
2015_1208_1316,0.8611592487
2015_1208_1352,0.932109115
2015_1208_1246,0.1719700687
2015_1208_1242,0.3111826169
2015_1208_1323,0.3537728417
2015_1208_1268,0.4803634942
2015_1208_1452,0.4542859272
2015_1208_1455,0.3719384892
2015_1208_1345,0.5608201255
2015_1208_1231,0.5948857847
2015_1208_1400,0.4673023796
2015_1208_1434,0.6980976542
2015_1208_1318,0.83893366
2015_1208_1308,0.7815713012
2015_1208_1214,0.9771275845
2015_1208_1264,0.9041386234
2015_1208_1458,0.2199230399
2015_1208_1314,0.3638166148
2015_1208_1462,0.4978170571
2015_1208_1433,0.4760059196
2015_1208_1332,0.5948857847
2015_1208_1329,0.5948857847
2015_1208_1326,0.3946375734
2015_1208_1279,0.543548513
2015_1208_1459,0.7615748419
2015_1208_1217,0.7335857235
2015_1208_1209,0.7301587746
2015_1208_1411,0.9414048298
2015_1129_1437,0.1622497139
2015_1129_1438,0.1541121417
2015_1129_1328,0.2579691018
2015_1129_1257,0.2785291722
2015_1129_1320,0.2613261166
2015_1129_1344,0.3883970862
2015_1129_1277,0.3000652387
2015_1129_1301,0.4263198517
2015_1129_1261,0.4456417711
2015_1129_1208,0.3739805166
2015_1129_1173,0.3863249187
2015_1129_1461,0.6962541807
2015_1129_1414,0.6888173831
2015_1129_1248,0.8816678827
2015_1129_1181,0.1927841978
2015_1129_1211,0.1598899499
2015_1129_1235,0.2613261166
2015_1129_1207,0.3225220948
2015_1129_1428,0.2613261166
2015_1129_1374,0.3360197413
2015_1129_1234,0.4135587084
2015_1129_1361,0.4586186944
2015_1129_1385,0.4803634942
2015_1129_1172,0.3863249187
2015_1129_1417,0.4651293925
2015_1129_1372,0.4890869497
2015_1129_1186,0.7961113436
2015_1129_1412,0.7903833516
2015_1129_1295,0.8590580251
2015_1129_1316,0.7874753438
2015_1129_1352,0.8913272244
2015_1129_1246,0.1103759538
2015_1129_1242,0.2125246562
2015_1129_1323,0.2464430143
2015_1129_1268,0.3557716306
2015_1129_1452,0.3321346417
2015_1129_1139,0.3340743771
2015_1129_1455,0.2613261166
2015_1129_1153,0.4651293925
2015_1129_1345,0.4327385344
2015_1129_1231,0.4673023796
2015_1129_1400,0.343856477
2015_1129_1138,0.5021829429
2015_1129_1434,0.580074103
2015_1129_1318,0.7567857618
2015_1129_1308,0.6812818547
2015_1129_1214,0.9622942552
2015_1129_1264,0.8492718876
2015_1129_1458,0.1441435842
2015_1129_1314,0.2546403453
2015_1129_1462,0.3719384892
2015_1129_1433,0.3517791505
2015_1129_1332,0.4673023796
2015_1129_1329,0.4673023796
2015_1129_1326,0.2802872274
2015_1129_1140,0.3760270429
2015_1129_1279,0.4156780062
2015_1129_1459,0.656143523
2015_1129_1217,0.6219219952
2015_1129_1209,0.6178070214
2015_1129_1411,0.905641587
2015_1129_1157,0.7724954323
2015_1173_1437,0.2352686316
2015_1173_1438,0.2244500097
2015_1173_1328,0.3557716306
2015_1173_1257,0.3801333382
2015_1173_1320,0.3597842732
2015_1173_1344,0.5021829429
2015_1173_1277,0.4051142153
2015_1173_1301,0.5413813056
2015_1173_1261,0.5608201255
2015_1173_1208,0.4869052546
2015_1173_1461,0.7845379909
2015_1173_1414,0.778575292
2015_1173_1248,0.9220913307
2015_1173_1181,0.2750334484
2015_1173_1211,0.2321411565
2015_1173_1235,0.3597842732
2015_1173_1207,0.4305963531
2015_1173_1428,0.3597842732
2015_1173_1374,0.4456417711
2015_1173_1234,0.5283480047
2015_1173_1361,0.5736801483
2015_1173_1385,0.5948857847
2015_1173_1417,0.580074103
2015_1173_1372,0.6032744963
2015_1173_1186,0.8611592487
2015_1173_1412,0.8569302846
2015_1173_1295,0.9063851261
2015_1173_1316,0.8547758526
2015_1173_1352,0.9287177245
2015_1173_1246,0.1646374798
2015_1173_1242,0.3000652387
2015_1173_1323,0.341889104
2015_1173_1268,0.4673023796
2015_1173_1452,0.4413316606
2015_1173_1455,0.3597842732
2015_1173_1345,0.5478779045
2015_1173_1231,0.5821995728
2015_1173_1400,0.4542859272
2015_1173_1434,0.6869426545
2015_1173_1318,0.8317280832
2015_1173_1308,0.7724954323
2015_1173_1214,0.9759269469
2015_1173_1264,0.8995006555
2015_1173_1458,0.211066984
2015_1173_1314,0.3517791505
2015_1173_1462,0.4847240584
2015_1173_1433,0.4629577284
2015_1173_1332,0.5821995728
2015_1173_1329,0.5821995728
2015_1173_1326,0.3821929786
2015_1173_1279,0.5305233922
2015_1173_1459,0.7519318203
2015_1173_1217,0.7232220965
2015_1173_1209,0.7197127726
2015_1173_1411,0.9384471291
2015_1461_1462,0.2053096548
2015_1414_1437,0.0804550908
2015_1414_1438,0.0760474997
2015_1414_1461,0.5087309394
2015_1414_1428,0.1378000278
2015_1414_1417,0.2820520411
2015_1414_1452,0.1834505362
2015_1414_1455,0.1378000278
2015_1414_1434,0.3842568607
2015_1414_1458,0.0707063783
2015_1414_1462,0.211066984
2015_1414_1433,0.1968935336
2015_1414_1459,0.4629577284
2015_1107_1437,0.0522046732
2015_1107_1438,0.0492618211
2015_1107_1328,0.0899754964
2015_1107_1257,0.0989316211
2015_1107_1320,0.0914156947
2015_1107_1344,0.1529772817
2015_1107_1277,0.1086727756
2015_1107_1301,0.1744710934
2015_1107_1261,0.186081004
2015_1107_1208,0.1452241474
2015_1107_1129,0.221424708
2015_1107_1173,0.1518492783
2015_1107_1461,0.3946375734
2015_1107_1414,0.3863249187
2015_1107_1125,0.5629696272
2015_1107_1248,0.6793828591
2015_1107_1181,0.0636015812
2015_1107_1211,0.0513473095
2015_1107_1235,0.0914156947
2015_1107_1207,0.1192461459
2015_1107_1428,0.0914156947
2015_1107_1374,0.1258165239
2015_1107_1234,0.1670533784
2015_1107_1361,0.1941466775
2015_1107_1385,0.2081736491
2015_1107_1172,0.1518492783
2015_1107_1417,0.1982779218
2015_1107_1372,0.2139896648
2015_1107_1186,0.5261715401
2015_1107_1412,0.5174565561
2015_1107_1295,0.6341599749
2015_1107_1316,0.5130947454
2015_1107_1352,0.6999347613
2015_1107_1246,0.0340826524
2015_1107_1242,0.0712822755
2015_1107_1323,0.0850946116
2015_1107_1268,0.1357382443
2015_1107_1452,0.123908272
2015_1107_1139,0.1248592726
2015_1107_1455,0.0914156947
2015_1107_1153,0.1982779218
2015_1107_1345,0.1782762836
2015_1107_1231,0.1996696238
2015_1107_1400,0.1297085341
2015_1107_1138,0.2229336993
2015_1107_1434,0.2820520411
2015_1107_1318,0.4694766078
2015_1107_1308,0.3780780048
2015_1107_1214,0.8789074773
2015_1107_1264,0.6157431393
2015_1107_1458,0.0457088973
2015_1107_1112,0.0488544709
2015_1107_1124,0.1086727756
2015_1107_1314,0.0885557761
2015_1107_1116,0.1192461459
2015_1107_1462,0.1441435842
2015_1107_1433,0.1337025258
2015_1107_1332,0.1996696238
2015_1107_1329,0.1996696238
2015_1107_1326,0.0997127431
2015_1107_1140,0.1463114261
2015_1107_1279,0.1682719168
2015_1107_1459,0.3517791505
2015_1107_1217,0.3187181453
2015_1107_1209,0.3149382045
2015_1107_1411,0.7318757183
2015_1107_1157,0.4912690606
2015_1125_1437,0.0410050906
2015_1125_1438,0.0386678179
2015_1125_1328,0.0712822755
2015_1125_1257,0.0785382707
2015_1125_1320,0.0724470801
2015_1125_1344,0.122963497
2015_1125_1277,0.0864641068
2015_1125_1301,0.1409419749
2015_1125_1261,0.1507281124
2015_1125_1208,0.1165222502
2015_1125_1129,0.1808489908
2015_1125_1173,0.1220249224
2015_1125_1461,0.3360197413
2015_1125_1414,0.3282722535
2015_1125_1248,0.6219219952
2015_1125_1181,0.0500862011
2015_1125_1211,0.0403238336
2015_1125_1235,0.0724470801
2015_1125_1207,0.095107238
2015_1125_1428,0.0724470801
2015_1125_1374,0.1004993445
2015_1125_1234,0.1347171385
2015_1125_1361,0.1575580516
2015_1125_1385,0.1694975349
2015_1125_1172,0.1220249224
2015_1125_1417,0.16106634
2015_1125_1372,0.1744710934
2015_1125_1186,0.4629577284
2015_1125_1412,0.4542859272
2015_1125_1295,0.5736801483
2015_1125_1316,0.4499600723
2015_1125_1352,0.6442283694
2015_1125_1246,0.026661464
2015_1125_1242,0.0562327569
2015_1125_1323,0.0673404006
2015_1125_1268,0.1086727756
2015_1125_1452,0.0989316211
2015_1125_1139,0.0997127431
2015_1125_1455,0.0724470801
2015_1125_1153,0.16106634
2015_1125_1345,0.1441435842
2015_1125_1231,0.1622497139
2015_1125_1400,0.1037010962
2015_1125_1138,0.1821461533
2015_1125_1434,0.233701258
2015_1125_1318,0.4072202883
2015_1125_1308,0.3206171409
2015_1125_1214,0.8492718876
2015_1125_1264,0.5543582289
2015_1125_1458,0.0358501569
2015_1125_1314,0.0701347826
2015_1125_1462,0.1156263594
2015_1125_1433,0.1069927178
2015_1125_1332,0.1622497139
2015_1125_1329,0.1622497139
2015_1125_1326,0.0791725233
2015_1125_1140,0.1174241608
2015_1125_1279,0.1357382443
2015_1125_1459,0.2964102703
2015_1125_1217,0.2664142765
2015_1125_1209,0.2630151722
2015_1125_1411,0.6793828591
2015_1125_1157,0.4284567666
2015_1248_1437,0.0253350814
2015_1248_1438,0.0238687618
2015_1248_1328,0.0445797627
2015_1248_1257,0.0492618211
2015_1248_1320,0.0453295258
2015_1248_1344,0.0785382707
2015_1248_1277,0.054407617
2015_1248_1301,0.090693022
2015_1248_1261,0.0973857055
2015_1248_1461,0.2352686316
2015_1248_1414,0.2290428037
2015_1248_1428,0.0453295258
2015_1248_1374,0.0636015812
2015_1248_1361,0.1020890962
2015_1248_1385,0.1103759538
2015_1248_1417,0.1045155079
2015_1248_1372,0.1138525322
2015_1248_1412,0.3360197413
2015_1248_1295,0.4499600723
2015_1248_1316,0.3321346417
2015_1248_1352,0.5239940804
2015_1248_1323,0.042047669
2015_1248_1268,0.0690043894
2015_1248_1452,0.062569401
2015_1248_1455,0.0453295258
2015_1248_1345,0.092876593
2015_1248_1400,0.0657137053
2015_1248_1434,0.1564025081
2015_1248_1318,0.2945924802
2015_1248_1308,0.2229336993
2015_1248_1264,0.4305963531
2015_1248_1458,0.0221046878
2015_1248_1314,0.0438418314
2015_1248_1462,0.0736294094
2015_1248_1433,0.067890885
2015_1248_1332,0.1053355639
2015_1248_1329,0.1053355639
2015_1248_1326,0.0496723903
2015_1248_1279,0.087156312
2015_1248_1459,0.2038886564
2015_1248_1411,0.5629696272
2015_1181_1437,0.4477999375
2015_1181_1438,0.4327385344
2015_1181_1328,0.5927797117
2015_1181_1257,0.6178070214
2015_1181_1320,0.5969883706
2015_1181_1344,0.7267041666
2015_1181_1277,0.6422245397
2015_1181_1301,0.7567857618
2015_1181_1261,0.7709571963
2015_1181_1208,0.714398171
2015_1181_1461,0.905641587
2015_1181_1414,0.9026142945
2015_1181_1248,0.9689417444
2015_1181_1211,0.4434856524
2015_1181_1235,0.5969883706
2015_1181_1207,0.6659256229
2015_1181_1428,0.5969883706
2015_1181_1374,0.6793828591
2015_1181_1234,0.7470133901
2015_1181_1361,0.7800769601
2015_1181_1385,0.7946903452
2015_1181_1417,0.7845379909
2015_1181_1372,0.8003303762
2015_1181_1186,0.9423607628
2015_1181_1412,0.940434045
2015_1181_1295,0.9622942552
2015_1181_1316,0.939448211
2015_1181_1352,0.9717056265
2015_1181_1246,0.341889104
2015_1181_1242,0.5305233922
2015_1181_1323,0.5779456588
2015_1181_1268,0.6980976542
2015_1181_1452,0.6755670379
2015_1181_1455,0.5969883706
2015_1181_1345,0.7615748419
2015_1181_1231,0.7860103352
2015_1181_1400,0.6869426545
2015_1181_1434,0.8525945586
2015_1181_1318,0.9287177245
2015_1181_1308,0.8995006555
2015_1181_1214,0.9907287948
2015_1181_1264,0.9593369041
2015_1181_1458,0.4135587084
2015_1181_1314,0.5885573927
2015_1181_1462,0.7126132563
2015_1181_1433,0.6944043783
2015_1181_1332,0.7860103352
2015_1181_1329,0.7860103352
2015_1181_1326,0.6198666618
2015_1181_1279,0.748660007
2015_1181_1459,0.8887637195
2015_1181_1217,0.873219949
2015_1181_1209,0.8712739685
2015_1181_1411,0.9757209506
2015_1211_1437,0.5043658025
2015_1211_1438,0.4890869497
2015_1211_1328,0.6462271583
2015_1211_1257,0.6697994157
2015_1211_1320,0.6502093868
2015_1211_1344,0.7694116642
2015_1211_1277,0.6925482851
2015_1211_1301,0.7961113436
2015_1211_1261,0.8085709916
2015_1211_1461,0.923336689
2015_1211_1414,0.9208274767
2015_1211_1248,0.9750925963
2015_1211_1235,0.6502093868
2015_1211_1428,0.6502093868
2015_1211_1374,0.7267041666
2015_1211_1234,0.7874753438
2015_1211_1361,0.8165494638
2015_1211_1385,0.8292697526
2015_1211_1417,0.820440962
2015_1211_1372,0.8341580955
2015_1211_1412,0.9519506613
2015_1211_1295,0.9697204515
2015_1211_1316,0.9511455291
2015_1211_1352,0.9773219235
2015_1211_1246,0.3946375734
2015_1211_1242,0.5864412916
2015_1211_1323,0.6321318184
2015_1211_1268,0.7436988181
2015_1211_1452,0.7232220965
2015_1211_1455,0.6502093868
2015_1211_1345,0.8003303762
2015_1211_1231,0.8217237164
2015_1211_1400,0.7335857235
2015_1211_1434,0.8789074773
2015_1211_1318,0.9423607628
2015_1211_1308,0.9182434092
2015_1211_1214,0.9925978489
2015_1211_1264,0.9673257777
2015_1211_1458,0.4694766078
2015_1211_1314,0.6422245397
2015_1211_1462,0.7567857618
2015_1211_1433,0.7403559136
2015_1211_1332,0.8217237164
2015_1211_1329,0.8217237164
2015_1211_1326,0.6717277465
2015_1211_1279,0.788933016
2015_1211_1459,0.909306978
2015_1211_1217,0.8962989038
2015_1211_1411,0.9805561736
2015_1235_1437,0.3537728417
2015_1235_1438,0.3399271558
2015_1235_1328,0.4956341975
2015_1235_1257,0.5218157081
2015_1235_1320,0.5
2015_1235_1344,0.6422245397
2015_1235_1277,0.5478779045
2015_1235_1301,0.6774779052
2015_1235_1261,0.6944043783
2015_1235_1461,0.8662974742
2015_1235_1414,0.8621999722
2015_1235_1248,0.9546704742
2015_1235_1428,0.5
2015_1235_1374,0.5885573927
2015_1235_1361,0.7054075198
2015_1235_1385,0.7232220965
2015_1235_1417,0.7108217019
2015_1235_1372,0.7301587746
2015_1235_1412,0.9142231175
2015_1235_1295,0.9451414011
2015_1235_1316,0.912843688
2015_1235_1352,0.9586501624
2015_1235_1246,0.2596440864
2015_1235_1242,0.4327385344
2015_1235_1323,0.4803634942
2015_1235_1268,0.6095267037
2015_1235_1452,0.5843219938
2015_1235_1455,0.5
2015_1235_1345,0.683174848
2015_1235_1400,0.5969883706
2015_1235_1434,0.7961113436
2015_1235_1318,0.8979109038
2015_1235_1308,0.8579974804
2015_1235_1264,0.9409213062
2015_1235_1458,0.3225220948
2015_1235_1314,0.4912690606
2015_1235_1462,0.6260194834
2015_1235_1433,0.6053624266
2015_1235_1332,0.7126132563
2015_1235_1329,0.7126132563
2015_1235_1326,0.5239940804
2015_1235_1279,0.6678653583
2015_1235_1459,0.8435974919
2015_1235_1411,0.9644504379
2015_1207_1437,0.2891782981
2015_1207_1438,0.2767779035
2015_1207_1328,0.4220543412
2015_1207_1257,0.4477999375
2015_1207_1320,0.4263198517
2015_1207_1344,0.5715432334
2015_1207_1277,0.4738284599
2015_1207_1301,0.6095267037
2015_1207_1261,0.6280615108
2015_1207_1208,0.5565143476
2015_1207_1461,0.8280299313
2015_1207_1414,0.8229992839
2015_1207_1248,0.9399430215
2015_1207_1211,0.285601829
2015_1207_1235,0.4263198517
2015_1207_1428,0.4263198517
2015_1207_1374,0.5152759416
2015_1207_1234,0.5969883706
2015_1207_1361,0.6402157268
2015_1207_1385,0.6600728442
2015_1207_1417,0.6462271583
2015_1207_1372,0.6678653583
2015_1207_1412,0.887897532
2015_1207_1295,0.9275529199
2015_1207_1316,0.8861474678
2015_1207_1352,0.9451414011
2015_1207_1246,0.2067379851
2015_1207_1242,0.361798011
2015_1207_1323,0.4072202883
2015_1207_1268,0.5370422716
2015_1207_1452,0.5109130503
2015_1207_1455,0.4263198517
2015_1207_1345,0.6157431393
2015_1207_1231,0.6482208495
2015_1207_1400,0.5239940804
2015_1207_1434,0.7436988181
2015_1207_1318,0.8673056173
2015_1207_1308,0.8178538467
2015_1207_1214,0.9816879309
2015_1207_1264,0.9220913307
2015_1207_1458,0.2613261166
2015_1207_1314,0.4178004272
2015_1207_1462,0.5543582289
2015_1207_1433,0.5326976204
2015_1207_1332,0.6482208495
2015_1207_1329,0.6482208495
2015_1207_1326,0.4499600723
2015_1207_1279,0.5990873983
2015_1207_1459,0.8003303762
2015_1207_1217,0.7755499903
2015_1207_1209,0.7724954323
2015_1207_1411,0.952743184
2015_1428_1437,0.3537728417
2015_1428_1438,0.3399271558
2015_1428_1461,0.8662974742
2015_1428_1452,0.5843219938
2015_1428_1455,0.5
2015_1428_1434,0.7961113436
2015_1428_1458,0.3225220948
2015_1428_1462,0.6260194834
2015_1428_1433,0.6053624266
2015_1428_1459,0.8435974919
2015_1374_1437,0.2767779035
2015_1374_1438,0.2647112327
2015_1374_1461,0.8191510092
2015_1374_1414,0.813918996
2015_1374_1428,0.4114426073
2015_1374_1385,0.6462271583
2015_1374_1417,0.6321318184
2015_1374_1412,0.8816678827
2015_1374_1452,0.4956341975
2015_1374_1455,0.4114426073
2015_1374_1400,0.5087309394
2015_1374_1434,0.7318757183
2015_1374_1458,0.249700511
2015_1374_1462,0.5392125314
2015_1374_1433,0.5174565561
2015_1374_1459,0.7903833516
2015_1374_1411,0.9499137989
2015_1234_1437,0.2154620091
2015_1234_1438,0.2053096548
2015_1234_1328,0.3302005843
2015_1234_1257,0.3537728417
2015_1234_1320,0.3340743771
2015_1234_1344,0.4738284599
2015_1234_1277,0.3780780048
2015_1234_1301,0.5130947454
2015_1234_1261,0.5326976204
2015_1234_1461,0.7647313684
2015_1234_1414,0.7583893454
2015_1234_1248,0.9135358932
2015_1234_1235,0.3340743771
2015_1234_1428,0.3340743771
2015_1234_1374,0.4178004272
2015_1234_1361,0.5457140728
2015_1234_1385,0.5672614656
2015_1234_1417,0.5522000625
2015_1234_1372,0.5758143154
2015_1234_1412,0.8424419484
2015_1234_1295,0.8962989038
2015_1234_1316,0.8401100501
2015_1234_1352,0.9208274767
2015_1234_1246,0.1496137642
2015_1234_1242,0.2767779035
2015_1234_1323,0.316825152
2015_1234_1268,0.4391798745
2015_1234_1452,0.4135587084
2015_1234_1455,0.3340743771
2015_1234_1345,0.5196365058
2015_1234_1400,0.4263198517
2015_1234_1434,0.6620293156
2015_1234_1318,0.8152378502
2015_1234_1308,0.7519318203
2015_1234_1264,0.8887637195
2015_1234_1458,0.1927841978
2015_1234_1314,0.3263496971
2015_1234_1462,0.456451487
2015_1234_1433,0.4348832335
2015_1234_1332,0.5543582289
2015_1234_1329,0.5543582289
2015_1234_1326,0.3557716306
2015_1234_1279,0.5021829429
2015_1234_1459,0.7301587746
2015_1234_1411,0.9315544608
2015_1361_1437,0.186081004
2015_1361_1438,0.1770007161
2015_1361_1461,0.7301587746
2015_1361_1414,0.7232220965
2015_1361_1428,0.2945924802
2015_1361_1374,0.3739805166
2015_1361_1385,0.5218157081
2015_1361_1417,0.5065484958
2015_1361_1372,0.5305233922
2015_1361_1412,0.8165494638
2015_1361_1452,0.3699010235
2015_1361_1455,0.2945924802
2015_1361_1400,0.3821929786
2015_1361_1434,0.6198666618
2015_1361_1458,0.1658419045
2015_1361_1462,0.4114426073
2015_1361_1433,0.3904732963
2015_1361_1459,0.6925482851
2015_1361_1411,0.9188965394
2015_1385_1437,0.1732170128
2015_1385_1438,0.1646374798
2015_1385_1461,0.7126132563
2015_1385_1414,0.7054075198
2015_1385_1428,0.2767779035
2015_1385_1417,0.4847240584
2015_1385_1412,0.8031064664
2015_1385_1452,0.3497906132
2015_1385_1455,0.2767779035
2015_1385_1400,0.361798011
2015_1385_1434,0.5990873983
2015_1385_1458,0.1541121417
2015_1385_1462,0.3904732963
2015_1385_1433,0.3699010235
2015_1385_1459,0.6736503029
2015_1385_1411,0.9121464741
2015_1172_1437,0.2352686316
2015_1172_1438,0.2244500097
2015_1172_1328,0.3557716306
2015_1172_1257,0.3801333382
2015_1172_1320,0.3597842732
2015_1172_1344,0.5021829429
2015_1172_1277,0.4051142153
2015_1172_1301,0.5413813056
2015_1172_1261,0.5608201255
2015_1172_1208,0.4869052546
2015_1172_1173,0.5
2015_1172_1461,0.7845379909
2015_1172_1414,0.778575292
2015_1172_1248,0.9220913307
2015_1172_1181,0.2750334484
2015_1172_1211,0.2321411565
2015_1172_1235,0.3597842732
2015_1172_1207,0.4305963531
2015_1172_1428,0.3597842732
2015_1172_1374,0.4456417711
2015_1172_1234,0.5283480047
2015_1172_1361,0.5736801483
2015_1172_1385,0.5948857847
2015_1172_1417,0.580074103
2015_1172_1372,0.6032744963
2015_1172_1186,0.8611592487
2015_1172_1412,0.8569302846
2015_1172_1295,0.9063851261
2015_1172_1316,0.8547758526
2015_1172_1352,0.9287177245
2015_1172_1246,0.1646374798
2015_1172_1242,0.3000652387
2015_1172_1323,0.341889104
2015_1172_1268,0.4673023796
2015_1172_1452,0.4413316606
2015_1172_1455,0.3597842732
2015_1172_1345,0.5478779045
2015_1172_1231,0.5821995728
2015_1172_1400,0.4542859272
2015_1172_1434,0.6869426545
2015_1172_1318,0.8317280832
2015_1172_1308,0.7724954323
2015_1172_1214,0.9759269469
2015_1172_1264,0.8995006555
2015_1172_1458,0.211066984
2015_1172_1314,0.3517791505
2015_1172_1462,0.4847240584
2015_1172_1433,0.4629577284
2015_1172_1332,0.5821995728
2015_1172_1329,0.5821995728
2015_1172_1326,0.3821929786
2015_1172_1279,0.5305233922
2015_1172_1459,0.7519318203
2015_1172_1217,0.7232220965
2015_1172_1209,0.7197127726
2015_1172_1411,0.9384471291
2015_1417_1437,0.1821461533
2015_1417_1438,0.1732170128
2015_1417_1461,0.7249665516
2015_1417_1428,0.2891782981
2015_1417_1452,0.3638166148
2015_1417_1455,0.2891782981
2015_1417_1434,0.6136750813
2015_1417_1458,0.1622497139
2015_1417_1462,0.4051142153
2015_1417_1433,0.3842568607
2015_1417_1459,0.6869426545
2015_1372_1437,0.1682719168
2015_1372_1438,0.1598899499
2015_1372_1461,0.7054075198
2015_1372_1414,0.6980976542
2015_1372_1428,0.2698412254
2015_1372_1374,0.3458292219
2015_1372_1385,0.4912690606
2015_1372_1417,0.4760059196
2015_1372_1412,0.7975250128
2015_1372_1452,0.341889104
2015_1372_1455,0.2698412254
2015_1372_1400,0.3537728417
2015_1372_1434,0.5906702236
2015_1372_1458,0.1496137642
2015_1372_1462,0.3821929786
2015_1372_1433,0.361798011
2015_1372_1459,0.6659256229
2015_1372_1411,0.909306978
2015_1186_1437,0.047256816
2015_1186_1438,0.0445797627
2015_1186_1328,0.0817565908
2015_1186_1257,0.0899754964
2015_1186_1320,0.0830772427
2015_1186_1344,0.1398880595
2015_1186_1277,0.0989316211
2015_1186_1301,0.1598899499
2015_1186_1261,0.1707302474
2015_1186_1208,0.1326943827
2015_1186_1461,0.3699010235
2015_1186_1414,0.361798011
2015_1186_1248,0.656143523
2015_1186_1211,0.0464767269
2015_1186_1235,0.0830772427
2015_1186_1207,0.1086727756
2015_1186_1428,0.0830772427
2015_1186_1374,0.1147364622
2015_1186_1234,0.1529772817
2015_1186_1361,0.1782762836
2015_1186_1385,0.1914290084
2015_1186_1417,0.1821461533
2015_1186_1372,0.1968935336
2015_1186_1412,0.4912690606
2015_1186_1295,0.6095267037
2015_1186_1316,0.4869052546
2015_1186_1352,0.6774779052
2015_1186_1246,0.0307965564
2015_1186_1242,0.0646496144
2015_1186_1323,0.0772836918
2015_1186_1268,0.123908272
2015_1186_1452,0.112974543
2015_1186_1455,0.0830772427
2015_1186_1345,0.1634400883
2015_1186_1231,0.1834505362
2015_1186_1400,0.1183321173
2015_1186_1434,0.2613261166
2015_1186_1318,0.4434856524
2015_1186_1308,0.3537728417
2015_1186_1214,0.8673056173
2015_1186_1264,0.5906702236
2015_1186_1458,0.0413498376
2015_1186_1314,0.0804550908
2015_1186_1462,0.1316926856
2015_1186_1433,0.1220249224
2015_1186_1332,0.1834505362
2015_1186_1329,0.1834505362
2015_1186_1326,0.090693022
2015_1186_1279,0.1541121417
2015_1186_1459,0.3282722535
2015_1186_1217,0.2964102703
2015_1186_1209,0.292781199
2015_1186_1411,0.7108217019
2015_1412_1437,0.0488544709
2015_1412_1438,0.0460912905
2015_1412_1461,0.3780780048
2015_1412_1414,0.3699010235
2015_1412_1428,0.0857768825
2015_1412_1417,0.1874071082
2015_1412_1452,0.1165222502
2015_1412_1455,0.0857768825
2015_1412_1434,0.2681242817
2015_1412_1458,0.042756752
2015_1412_1462,0.1357382443
2015_1412_1433,0.1258165239
2015_1412_1459,0.3360197413
2015_1295_1437,0.0307965564
2015_1295_1438,0.0290235554
2015_1295_1328,0.0539601309
2015_1295_1320,0.0548585989
2015_1295_1344,0.094358413
2015_1295_1301,0.1086727756
2015_1295_1461,0.2732958334
2015_1295_1414,0.2664142765
2015_1295_1428,0.0548585989
2015_1295_1374,0.076663311
2015_1295_1361,0.1220249224
2015_1295_1385,0.1316926856
2015_1295_1417,0.1248592726
2015_1295_1372,0.1357382443
2015_1295_1412,0.3821929786
2015_1295_1316,0.3780780048
2015_1295_1352,0.5736801483
2015_1295_1323,0.050923638
2015_1295_1452,0.075436231
2015_1295_1455,0.0548585989
2015_1295_1345,0.1112362805
2015_1295_1400,0.0791725233
2015_1295_1434,0.1847621498
2015_1295_1318,0.3379706844
2015_1295_1308,0.2596440864
2015_1295_1458,0.0268889994
2015_1295_1314,0.0530755516
2015_1295_1462,0.0885557761
2015_1295_1433,0.0817565908
2015_1295_1332,0.1258165239
2015_1295_1329,0.1258165239
2015_1295_1326,0.0600569785
2015_1295_1459,0.2384251581
2015_1295_1411,0.6116029138
2015_1316_1437,0.0496723903
2015_1316_1438,0.0468652282
2015_1316_1328,0.0857768825
2015_1316_1320,0.087156312
2015_1316_1344,0.1463114261
2015_1316_1461,0.3821929786
2015_1316_1414,0.3739805166
2015_1316_1428,0.087156312
2015_1316_1374,0.1201662725
2015_1316_1361,0.186081004
2015_1316_1385,0.1996696238
2015_1316_1417,0.1900811022
2015_1316_1372,0.2053096548
2015_1316_1412,0.5043658025
2015_1316_1352,0.6888173831
2015_1316_1323,0.0811034606
2015_1316_1452,0.1183321173
2015_1316_1455,0.087156312
2015_1316_1345,0.1707302474
2015_1316_1400,0.123908272
2015_1316_1434,0.271565084
2015_1316_1318,0.456451487
2015_1316_1458,0.0434772501
2015_1316_1462,0.1378000278
2015_1316_1433,0.1277498787
2015_1316_1332,0.1914290084
2015_1316_1329,0.1914290084
2015_1316_1326,0.095107238
2015_1316_1459,0.3399271558
2015_1316_1411,0.7214708278
2015_1352_1437,0.0230683806
2015_1352_1438,0.0217303261
2015_1352_1461,0.2184286988
2015_1352_1414,0.2125246562
2015_1352_1428,0.0413498376
2015_1352_1374,0.0581153595
2015_1352_1361,0.0936148739
2015_1352_1385,0.101291453
2015_1352_1417,0.0958613766
2015_1352_1372,0.1045155079
2015_1352_1412,0.3149382045
2015_1352_1452,0.0571667788
2015_1352_1455,0.0413498376
2015_1352_1400,0.0600569785
2015_1352_1434,0.1441435842
2015_1352_1458,0.0201210401
2015_1352_1462,0.0673404006
2015_1352_1433,0.0620591924
2015_1352_1459,0.1887404714
2015_1352_1411,0.5392125314
2015_1246_1437,0.6095267037
2015_1246_1438,0.5948857847
2015_1246_1328,0.7369848278
2015_1246_1257,0.7567857618
2015_1246_1320,0.7403559136
2015_1246_1344,0.8365599117
2015_1246_1277,0.7755499903
2015_1246_1301,0.8569302846
2015_1246_1261,0.8662974742
2015_1246_1461,0.9486526905
2015_1246_1414,0.9469244484
2015_1246_1248,0.9836207781
2015_1246_1428,0.7403559136
2015_1246_1374,0.8031064664
2015_1246_1361,0.8722501213
2015_1246_1385,0.8816678827
2015_1246_1417,0.8751407274
2015_1246_1372,0.8852635378
2015_1246_1412,0.968143669
2015_1246_1295,0.9800503988
2015_1246_1316,0.9676006379
2015_1246_1352,0.9850984589
2015_1246_1323,0.7249665516
2015_1246_1268,0.8165494638
2015_1246_1452,0.8003303762
2015_1246_1455,0.7403559136
2015_1246_1345,0.8601119405
2015_1246_1400,0.8085709916
2015_1246_1434,0.917585491
2015_1246_1318,0.9616554626
2015_1246_1308,0.9451414011
2015_1246_1264,0.978454523
2015_1246_1458,0.5758143154
2015_1246_1314,0.7335857235
2015_1246_1462,0.8267829872
2015_1246_1433,0.813918996
2015_1246_1332,0.876091728
2015_1246_1329,0.876091728
2015_1246_1326,0.7583893454
2015_1246_1279,0.851493786
2015_1246_1459,0.9389495885
2015_1246_1411,0.9872381349
2015_1242_1437,0.4178004272
2015_1242_1438,0.4030116294
2015_1242_1328,0.5629696272
2015_1242_1257,0.5885573927
2015_1242_1320,0.5672614656
2015_1242_1344,0.7017654651
2015_1242_1277,0.6136750813
2015_1242_1301,0.7335857235
2015_1242_1261,0.748660007
2015_1242_1461,0.8946644361
2015_1242_1414,0.8913272244
2015_1242_1248,0.9650443607
2015_1242_1428,0.5672614656
2015_1242_1374,0.6521927146
2015_1242_1361,0.7583893454
2015_1242_1385,0.7740263657
2015_1242_1417,0.7631567317
2015_1242_1372,0.7800769601
2015_1242_1412,0.9332059402
2015_1242_1295,0.9575992061
2015_1242_1316,0.932109115
2015_1242_1352,0.968143669
2015_1242_1246,0.3149382045
2015_1242_1323,0.5478779045
2015_1242_1268,0.6717277465
2015_1242_1452,0.6482208495
2015_1242_1455,0.5672614656
2015_1242_1345,0.7386738834
2015_1242_1400,0.6600728442
2015_1242_1434,0.8365599117
2015_1242_1318,0.9201885458
2015_1242_1308,0.887897532
2015_1242_1264,0.9542911027
2015_1242_1458,0.3842568607
2015_1242_1314,0.5586683394
2015_1242_1462,0.6869426545
2015_1242_1433,0.6678653583
2015_1242_1332,0.7647313684
2015_1242_1329,0.7647313684
2015_1242_1326,0.5906702236
2015_1242_1279,0.7249665516
2015_1242_1459,0.876091728
2015_1242_1411,0.9726502518
2015_1323_1437,0.3719384892
2015_1323_1438,0.3577754603
2015_1323_1328,0.5152759416
2015_1323_1344,0.6600728442
2015_1323_1461,0.8751407274
2015_1323_1414,0.8712739685
2015_1323_1428,0.5196365058
2015_1323_1374,0.6074465186
2015_1323_1361,0.7214708278
2015_1323_1385,0.7386738834
2015_1323_1417,0.7267041666
2015_1323_1372,0.7453596547
2015_1323_1412,0.9201885458
2015_1323_1352,0.9616554626
2015_1323_1452,0.6032744963
2015_1323_1455,0.5196365058
2015_1323_1345,0.6999347613
2015_1323_1400,0.6157431393
2015_1323_1434,0.8085709916
2015_1323_1458,0.3399271558
2015_1323_1462,0.6442283694
2015_1323_1433,0.6239729571
2015_1323_1332,0.728434916
2015_1323_1329,0.728434916
2015_1323_1326,0.543548513
2015_1323_1459,0.8536885739
2015_1323_1411,0.9670486652
2015_1268_1437,0.2596440864
2015_1268_1438,0.2480681797
2015_1268_1328,0.3863249187
2015_1268_1320,0.3904732963
2015_1268_1344,0.5348706075
2015_1268_1277,0.4370303728
2015_1268_1301,0.5736801483
2015_1268_1461,0.8058533225
2015_1268_1414,0.8003303762
2015_1268_1428,0.3904732963
2015_1268_1374,0.4781842919
2015_1268_1361,0.6053624266
2015_1268_1385,0.6260194834
2015_1268_1417,0.6116029138
2015_1268_1372,0.6341599749
2015_1268_1412,0.8722501213
2015_1268_1295,0.9169227573
2015_1268_1316,0.8702914659
2015_1268_1352,0.9369164778
2015_1268_1323,0.3719384892
2015_1268_1452,0.4738284599
2015_1268_1455,0.3904732963
2015_1268_1345,0.580074103
2015_1268_1400,0.4869052546
2015_1268_1434,0.714398171
2015_1268_1318,0.8492718876
2015_1268_1308,0.7946903452
2015_1268_1458,0.233701258
2015_1268_1314,0.3821929786
2015_1268_1462,0.5174565561
2015_1268_1433,0.4956341975
2015_1268_1332,0.6136750813
2015_1268_1329,0.6136750813
2015_1268_1326,0.4135587084
2015_1268_1279,0.5629696272
2015_1268_1459,0.7755499903
2015_1268_1411,0.945592383
2015_1452_1461,0.8217237164
2015_1452_1455,0.4156780062
2015_1452_1458,0.2529866099
2015_1452_1462,0.543548513
2015_1452_1459,0.7932620149
2015_1139_1437,0.2785291722
2015_1139_1438,0.2664142765
2015_1139_1328,0.4093297764
2015_1139_1257,0.4348832335
2015_1139_1320,0.4135587084
2015_1139_1344,0.5586683394
2015_1139_1277,0.4607874686
2015_1139_1301,0.5969883706
2015_1139_1261,0.6157431393
2015_1139_1208,0.543548513
2015_1139_1173,0.5565143476
2015_1139_1461,0.820440962
2015_1139_1414,0.8152378502
2015_1139_1248,0.9369164778
2015_1139_1181,0.3225220948
2015_1139_1211,0.2750334484
2015_1139_1235,0.4135587084
2015_1139_1207,0.4869052546
2015_1139_1428,0.4135587084
2015_1139_1374,0.5021829429
2015_1139_1234,0.5843219938
2015_1139_1361,0.6280615108
2015_1139_1385,0.6482208495
2015_1139_1172,0.5565143476
2015_1139_1417,0.6341599749
2015_1139_1372,0.656143523
2015_1139_1186,0.8861474678
2015_1139_1412,0.8825758392
2015_1139_1295,0.9239525003
2015_1139_1316,0.8807538541
2015_1139_1352,0.9423607628
2015_1139_1246,0.1982779218
2015_1139_1242,0.3497906132
2015_1139_1323,0.3946375734
2015_1139_1268,0.5239940804
2015_1139_1452,0.4978170571
2015_1139_1455,0.4135587084
2015_1139_1153,0.6341599749
2015_1139_1345,0.6032744963
2015_1139_1231,0.6361833852
2015_1139_1400,0.5109130503
2015_1139_1434,0.7335857235
2015_1139_1318,0.8611592487
2015_1139_1308,0.8099188978
2015_1139_1214,0.9807219558
2015_1139_1264,0.9182434092
2015_1139_1458,0.251339993
2015_1139_1314,0.4051142153
2015_1139_1462,0.5413813056
2015_1139_1433,0.5196365058
2015_1139_1332,0.6361833852
2015_1139_1329,0.6361833852
2015_1139_1326,0.4370303728
2015_1139_1140,0.5457140728
2015_1139_1279,0.5864412916
2015_1139_1459,0.7918263509
2015_1139_1217,0.766298742
2015_1139_1209,0.7631567317
2015_1139_1411,0.9503276097
2015_1139_1157,0.8712739685
2015_1455_1461,0.8662974742
2015_1455_1458,0.3225220948
2015_1455_1462,0.6260194834
2015_1455_1459,0.8435974919
2015_1153_1437,0.1821461533
2015_1153_1438,0.1732170128
2015_1153_1328,0.285601829
2015_1153_1257,0.3074517149
2015_1153_1320,0.2891782981
2015_1153_1344,0.4220543412
2015_1153_1277,0.3302005843
2015_1153_1301,0.4607874686
2015_1153_1261,0.4803634942
2015_1153_1208,0.4072202883
2015_1153_1173,0.419925897
2015_1153_1461,0.7249665516
2015_1153_1414,0.7179479589
2015_1153_1248,0.8954844921
2015_1153_1181,0.2154620091
2015_1153_1211,0.179559038
2015_1153_1235,0.2891782981
2015_1153_1207,0.3537728417
2015_1153_1428,0.2891782981
2015_1153_1374,0.3678681816
2015_1153_1234,0.4477999375
2015_1153_1361,0.4934515042
2015_1153_1385,0.5152759416
2015_1153_1172,0.419925897
2015_1153_1417,0.5
2015_1153_1372,0.5239940804
2015_1153_1186,0.8178538467
2015_1153_1412,0.8125928918
2015_1153_1295,0.8751407274
2015_1153_1316,0.8099188978
2015_1153_1352,0.9041386234
2015_1153_1246,0.1248592726
2015_1153_1242,0.2368432683
2015_1153_1323,0.2732958334
2015_1153_1268,0.3883970862
2015_1153_1452,0.3638166148
2015_1153_1455,0.2891782981
2015_1153_1345,0.4673023796
2015_1153_1231,0.5021829429
2015_1153_1400,0.3760270429
2015_1153_1434,0.6136750813
2015_1153_1318,0.7815713012
2015_1153_1308,0.7108217019
2015_1153_1214,0.9670486652
2015_1153_1264,0.8662974742
2015_1153_1458,0.1622497139
2015_1153_1314,0.2820520411
2015_1153_1462,0.4051142153
2015_1153_1433,0.3842568607
2015_1153_1332,0.5021829429
2015_1153_1329,0.5021829429
2015_1153_1326,0.3093140599
2015_1153_1279,0.4499600723
2015_1153_1459,0.6869426545
2015_1153_1217,0.6541707781
2015_1153_1209,0.6502093868
2015_1153_1411,0.9169227573
2015_1153_1157,0.7961113436
2015_1345_1437,0.2024749872
2015_1345_1438,0.1927841978
2015_1345_1461,0.750299489
2015_1345_1414,0.7436988181
2015_1345_1428,0.316825152
2015_1345_1374,0.398817203
2015_1345_1361,0.5261715401
2015_1345_1385,0.5478779045
2015_1345_1417,0.5326976204
2015_1345_1372,0.5565143476
2015_1345_1412,0.8317280832
2015_1345_1352,0.9149053884
2015_1345_1452,0.3946375734
2015_1345_1455,0.316825152
2015_1345_1400,0.4072202883
2015_1345_1434,0.6442283694
2015_1345_1458,0.1808489908
2015_1345_1462,0.4370303728
2015_1345_1433,0.4156780062
2015_1345_1459,0.714398171
2015_1345_1411,0.9263705906
2015_1231_1437,0.1808489908
2015_1231_1438,0.1719700687
2015_1231_1328,0.2838235847
2015_1231_1257,0.3055956217
2015_1231_1320,0.2873867437
2015_1231_1344,0.419925897
2015_1231_1277,0.3282722535
2015_1231_1301,0.4586186944
2015_1231_1261,0.4781842919
2015_1231_1461,0.7232220965
2015_1231_1414,0.7161764153
2015_1231_1248,0.8946644361
2015_1231_1235,0.2873867437
2015_1231_1428,0.2873867437
2015_1231_1374,0.3658400251
2015_1231_1234,0.4456417711
2015_1231_1361,0.4912690606
2015_1231_1385,0.5130947454
2015_1231_1417,0.4978170571
2015_1231_1372,0.5218157081
2015_1231_1412,0.8112595286
2015_1231_1295,0.8741834761
2015_1231_1316,0.8085709916
2015_1231_1352,0.9033791435
2015_1231_1246,0.123908272
2015_1231_1242,0.2352686316
2015_1231_1323,0.271565084
2015_1231_1268,0.3863249187
2015_1231_1452,0.361798011
2015_1231_1455,0.2873867437
2015_1231_1345,0.4651293925
2015_1231_1400,0.3739805166
2015_1231_1434,0.6116029138
2015_1231_1318,0.7800769601
2015_1231_1308,0.7090235393
2015_1231_1264,0.8652828615
2015_1231_1458,0.16106634
2015_1231_1314,0.2802872274
2015_1231_1462,0.4030116294
2015_1231_1433,0.3821929786
2015_1231_1332,0.5
2015_1231_1329,0.5
2015_1231_1326,0.3074517149
2015_1231_1279,0.4477999375
2015_1231_1459,0.6850617955
2015_1231_1411,0.9162551807
2015_1400_1437,0.2698412254
2015_1400_1438,0.2579691018
2015_1400_1461,0.813918996
2015_1400_1414,0.8085709916
2015_1400_1428,0.4030116294
2015_1400_1417,0.6239729571
2015_1400_1412,0.8779750776
2015_1400_1452,0.4869052546
2015_1400_1455,0.4030116294
2015_1400_1434,0.7249665516
2015_1400_1458,0.2432142382
2015_1400_1462,0.5305233922
2015_1400_1433,0.5087309394
2015_1400_1459,0.7845379909
2015_1400_1411,0.9482256865
2015_1138_1437,0.16106634
2015_1138_1438,0.1529772817
2015_1138_1328,0.2563011819
2015_1138_1257,0.2767779035
2015_1138_1320,0.2596440864
2015_1138_1344,0.3863249187
2015_1138_1277,0.2982345349
2015_1138_1301,0.4241856846
2015_1138_1261,0.4434856524
2015_1138_1208,0.3719384892
2015_1138_1173,0.3842568607
2015_1138_1461,0.6944043783
2015_1138_1414,0.6869426545
2015_1138_1248,0.8807538541
2015_1138_1181,0.1914290084
2015_1138_1211,0.1587205262
2015_1138_1235,0.2596440864
2015_1138_1207,0.3206171409
2015_1138_1428,0.2596440864
2015_1138_1374,0.3340743771
2015_1138_1234,0.4114426073
2015_1138_1361,0.456451487
2015_1138_1385,0.4781842919
2015_1138_1172,0.3842568607
2015_1138_1417,0.4629577284
2015_1138_1372,0.4869052546
2015_1138_1186,0.7946903452
2015_1138_1412,0.788933016
2015_1138_1295,0.8579974804
2015_1138_1316,0.7860103352
2015_1138_1352,0.8904785388
2015_1138_1246,0.1095214612
2015_1138_1242,0.211066984
2015_1138_1323,0.2448250292
2015_1138_1268,0.3537728417
2015_1138_1452,0.3302005843
2015_1138_1139,0.3321346417
2015_1138_1455,0.2596440864
2015_1138_1153,0.4629577284
2015_1138_1345,0.4305963531
2015_1138_1231,0.4651293925
2015_1138_1400,0.341889104
2015_1138_1434,0.5779456588
2015_1138_1318,0.7551749708
2015_1138_1308,0.6793828591
2015_1138_1214,0.9619761473
2015_1138_1264,0.8481507217
2015_1138_1458,0.1430697154
2015_1138_1314,0.2529866099
2015_1138_1462,0.3699010235
2015_1138_1433,0.3497906132
2015_1138_1332,0.4651293925
2015_1138_1329,0.4651293925
2015_1138_1326,0.2785291722
2015_1138_1140,0.3739805166
2015_1138_1279,0.4135587084
2015_1138_1459,0.6541707781
2015_1138_1217,0.6198666618
2015_1138_1209,0.6157431393
2015_1138_1411,0.904892762
2015_1138_1157,0.7709571963
2015_1434_1437,0.122963497
2015_1434_1438,0.1165222502
2015_1434_1461,0.6239729571
2015_1434_1452,0.2647112327
2015_1434_1455,0.2038886564
2015_1434_1458,0.1086727756
2015_1434_1462,0.3000652387
2015_1434_1459,0.580074103
2015_1318_1437,0.0585951702
2015_1318_1438,0.0553131002
2015_1318_1328,0.1004993445
2015_1318_1320,0.1020890962
2015_1318_1344,0.1694975349
2015_1318_1461,0.4241856846
2015_1318_1414,0.4156780062
2015_1318_1428,0.1020890962
2015_1318_1374,0.1398880595
2015_1318_1361,0.2139896648
2015_1318_1385,0.2290428037
2015_1318_1417,0.2184286988
2015_1318_1372,0.2352686316
2015_1318_1412,0.5478779045
2015_1318_1352,0.7249665516
2015_1318_1323,0.095107238
2015_1318_1452,0.1378000278
2015_1318_1455,0.1020890962
2015_1318_1345,0.1968935336
2015_1318_1400,0.1441435842
2015_1318_1434,0.3074517149
2015_1318_1458,0.0513473095
2015_1318_1462,0.1598899499
2015_1318_1433,0.148506214
2015_1318_1332,0.2199230399
2015_1318_1329,0.2199230399
2015_1318_1326,0.1112362805
2015_1318_1459,0.3801333382
2015_1318_1411,0.7551749708
2015_1308_1437,0.0830772427
2015_1308_1438,0.0785382707
2015_1308_1328,0.1398880595
2015_1308_1320,0.1420025196
2015_1308_1344,0.2290428037
2015_1308_1461,0.5174565561
2015_1308_1414,0.5087309394
2015_1308_1428,0.1420025196
2015_1308_1374,0.1914290084
2015_1308_1361,0.2838235847
2015_1308_1385,0.3019023458
2015_1308_1417,0.2891782981
2015_1308_1372,0.3093140599
2015_1308_1412,0.638201989
2015_1308_1316,0.6341599749
2015_1308_1352,0.7932620149
2015_1308_1323,0.1326943827
2015_1308_1452,0.1887404714
2015_1308_1455,0.1420025196
2015_1308_1345,0.2630151722
2015_1308_1400,0.1968935336
2015_1308_1434,0.3925534814
2015_1308_1318,0.5927797117
2015_1308_1458,0.0730360408
2015_1308_1314,0.1378000278
2015_1308_1462,0.2169416877
2015_1308_1433,0.2024749872
2015_1308_1332,0.2909764607
2015_1308_1329,0.2909764607
2015_1308_1326,0.1541121417
2015_1308_1459,0.4716519953
2015_1308_1411,0.8178538467
2015_1214_1437,0.0075315729
2015_1214_1438,0.0070881741
2015_1214_1328,0.0134390709
2015_1214_1257,0.0149015411
2015_1214_1320,0.0136725904
2015_1214_1344,0.0242790494
2015_1214_1277,0.0165204955
2015_1214_1301,0.0282943735
2015_1214_1261,0.0305369927
2015_1214_1461,0.082414509
2015_1214_1414,0.0798114542
2015_1214_1248,0.2259736343
2015_1214_1235,0.0136725904
2015_1214_1428,0.0136725904
2015_1214_1374,0.0194438264
2015_1214_1234,0.0268889994
2015_1214_1361,0.0321267373
2015_1214_1385,0.0349556393
2015_1214_1417,0.0329513348
2015_1214_1372,0.0361531981
2015_1214_1412,0.1287260315
2015_1214_1295,0.1927841978
2015_1214_1316,0.126780051
2015_1214_1352,0.2432142382
2015_1214_1246,0.0048379502
2015_1214_1242,0.0104641396
2015_1214_1323,0.0126523196
2015_1214_1268,0.0211803809
2015_1214_1452,0.0191136478
2015_1214_1455,0.0136725904
2015_1214_1345,0.0290235554
2015_1214_1231,0.0332307169
2015_1214_1400,0.0201210401
2015_1214_1434,0.0513473095
2015_1214_1318,0.1086727756
2015_1214_1308,0.0772836918
2015_1214_1264,0.1808489908
2015_1214_1458,0.0065559773
2015_1214_1314,0.0132094863
2015_1214_1462,0.0226780765
2015_1214_1433,0.0208213398
2015_1214_1332,0.0332307169
2015_1214_1329,0.0332307169
2015_1214_1326,0.0150302642
2015_1214_1279,0.0271184226
2015_1214_1459,0.0695674617
2015_1214_1217,0.060551789
2015_1214_1411,0.2732958334
2015_1264_1437,0.0332307169
2015_1264_1438,0.0313221067
2015_1264_1328,0.0581153595
2015_1264_1320,0.0590786938
2015_1264_1344,0.101291453
2015_1264_1277,0.0707063783
2015_1264_1301,0.1165222502
2015_1264_1461,0.2891782981
2015_1264_1414,0.2820520411
2015_1264_1428,0.0590786938
2015_1264_1374,0.082414509
2015_1264_1361,0.1306974107
2015_1264_1385,0.1409419749
2015_1264_1417,0.1337025258
2015_1264_1372,0.1452241474
2015_1264_1412,0.4009126017
2015_1264_1295,0.5196365058
2015_1264_1316,0.3967255037
2015_1264_1352,0.5927797117
2015_1264_1323,0.0548585989
2015_1264_1268,0.0892630904
2015_1264_1452,0.0811034606
2015_1264_1455,0.0590786938
2015_1264_1345,0.1192461459
2015_1264_1400,0.0850946116
2015_1264_1434,0.1968935336
2015_1264_1318,0.3557716306
2015_1264_1308,0.2750334484
2015_1264_1458,0.0290235554
2015_1264_1314,0.0571667788
2015_1264_1462,0.095107238
2015_1264_1433,0.0878535259
2015_1264_1332,0.1347171385
2015_1264_1329,0.1347171385
2015_1264_1326,0.0646496144
2015_1264_1279,0.112102468
2015_1264_1459,0.2529866099
2015_1264_1411,0.6300989765
2015_1458_1461,0.9315544608
2015_1458_1462,0.778575292
2015_1458_1459,0.9188965394
2015_1112_1437,0.5174565561
2015_1112_1438,0.5021829429
2015_1112_1328,0.658110896
2015_1112_1257,0.6812818547
2015_1112_1320,0.6620293156
2015_1112_1344,0.778575292
2015_1112_1277,0.7035897297
2015_1112_1301,0.804483546
2015_1112_1261,0.8165494638
2015_1112_1208,0.7678588435
2015_1112_1129,0.8470227183
2015_1112_1173,0.7770663007
2015_1112_1461,0.9269639592
2015_1112_1414,0.924563769
2015_1112_1125,0.9616554626
2015_1112_1248,0.9763338378
2015_1112_1181,0.5694036469
2015_1112_1211,0.5130947454
2015_1112_1235,0.6620293156
2015_1112_1207,0.7249665516
2015_1112_1428,0.6620293156
2015_1112_1374,0.7369848278
2015_1112_1234,0.7961113436
2015_1112_1361,0.8242676765
2015_1112_1385,0.8365599117
2015_1112_1172,0.7770663007
2015_1112_1417,0.8280299313
2015_1112_1372,0.8412794738
2015_1112_1186,0.9557906714
2015_1112_1412,0.9542911027
2015_1112_1295,0.9712215085
2015_1112_1316,0.9535232731
2015_1112_1352,0.978454523
2015_1112_1246,0.4072202883
2015_1112_1242,0.5990873983
2015_1112_1323,0.6442283694
2015_1112_1268,0.7535569857
2015_1112_1452,0.7335857235
2015_1112_1139,0.7352887673
2015_1112_1455,0.6620293156
2015_1112_1153,0.8280299313
2015_1112_1345,0.8085709916
2015_1112_1231,0.8292697526
2015_1112_1400,0.7436988181
2015_1112_1138,0.8481507217
2015_1112_1434,0.8843736406
2015_1112_1318,0.9451414011
2015_1112_1308,0.9220913307
2015_1112_1214,0.9929730161
2015_1112_1264,0.9689417444
2015_1112_1458,0.4825434439
2015_1112_1124,0.7035897297
2015_1112_1314,0.6541707781
2015_1112_1116,0.7249665516
2015_1112_1462,0.766298742
2015_1112_1433,0.750299489
2015_1112_1332,0.8292697526
2015_1112_1329,0.8292697526
2015_1112_1326,0.683174848
2015_1112_1140,0.7694116642
2015_1112_1279,0.7975250128
2015_1112_1459,0.9135358932
2015_1112_1217,0.9010683789
2015_1112_1209,0.8995006555
2015_1112_1411,0.9815302991
2015_1112_1157,0.9494967239
2015_1124_1437,0.3111826169
2015_1124_1438,0.2982345349
2015_1124_1328,0.4477999375
2015_1124_1257,0.4738284599
2015_1124_1320,0.4521220955
2015_1124_1344,0.5969883706
2015_1124_1277,0.5
2015_1124_1301,0.6341599749
2015_1124_1261,0.6521927146
2015_1124_1208,0.5821995728
2015_1124_1129,0.6999347613
2015_1124_1173,0.5948857847
2015_1124_1461,0.8424419484
2015_1124_1414,0.8377502861
2015_1124_1125,0.9135358932
2015_1124_1248,0.945592383
2015_1124_1181,0.3577754603
2015_1124_1211,0.3074517149
2015_1124_1235,0.4521220955
2015_1124_1207,0.5261715401
2015_1124_1428,0.4521220955
2015_1124_1374,0.5413813056
2015_1124_1234,0.6219219952
2015_1124_1361,0.6639802587
2015_1124_1385,0.683174848
2015_1124_1172,0.5948857847
2015_1124_1417,0.6697994157
2015_1124_1372,0.6906859401
2015_1124_1186,0.9010683789
2015_1124_1412,0.8979109038
2015_1124_1295,0.9342862947
2015_1124_1316,0.8962989038
2015_1124_1352,0.9503276097
2015_1124_1246,0.2244500097
2015_1124_1242,0.3863249187
2015_1124_1323,0.4327385344
2015_1124_1268,0.5629696272
2015_1124_1452,0.5370422716
2015_1124_1139,0.5392125314
2015_1124_1455,0.4521220955
2015_1124_1153,0.6697994157
2015_1124_1345,0.6402157268
2015_1124_1231,0.6717277465
2015_1124_1400,0.5500399277
2015_1124_1138,0.7017654651
2015_1124_1434,0.7631567317
2015_1124_1318,0.8789074773
2015_1124_1308,0.8329466216
2015_1124_1214,0.9834795045
2015_1124_1264,0.9292936217
2015_1124_1458,0.2820520411
2015_1124_1314,0.4434856524
2015_1124_1462,0.580074103
2015_1124_1433,0.5586683394
2015_1124_1332,0.6717277465
2015_1124_1329,0.6717277465
2015_1124_1326,0.4760059196
2015_1124_1140,0.5843219938
2015_1124_1279,0.6239729571
2015_1124_1459,0.8165494638
2015_1124_1217,0.7932620149
2015_1124_1209,0.7903833516
2015_1124_1411,0.957243248
2015_1124_1157,0.887897532
2015_1314_1437,0.361798011
2015_1314_1438,0.3478072854
2015_1314_1328,0.5043658025
2015_1314_1320,0.5087309394
2015_1314_1344,0.6502093868
2015_1314_1461,0.8702914659
2015_1314_1414,0.8662974742
2015_1314_1428,0.5087309394
2015_1314_1374,0.5969883706
2015_1314_1361,0.7126132563
2015_1314_1385,0.7301587746
2015_1314_1417,0.7179479589
2015_1314_1372,0.7369848278
2015_1314_1412,0.9169227573
2015_1314_1316,0.9155827336
2015_1314_1352,0.9600127161
2015_1314_1323,0.4890869497
2015_1314_1452,0.5927797117
2015_1314_1455,0.5087309394
2015_1314_1345,0.6906859401
2015_1314_1400,0.6053624266
2015_1314_1434,0.8017220782
2015_1314_1318,0.9010683789
2015_1314_1458,0.3302005843
2015_1314_1462,0.6341599749
2015_1314_1433,0.6136750813
2015_1314_1332,0.7197127726
2015_1314_1329,0.7197127726
2015_1314_1326,0.5326976204
2015_1314_1459,0.8481507217
2015_1314_1411,0.9656287145
2015_1116_1437,0.2891782981
2015_1116_1438,0.2767779035
2015_1116_1328,0.4220543412
2015_1116_1257,0.4477999375
2015_1116_1320,0.4263198517
2015_1116_1344,0.5715432334
2015_1116_1277,0.4738284599
2015_1116_1301,0.6095267037
2015_1116_1261,0.6280615108
2015_1116_1208,0.5565143476
2015_1116_1129,0.6774779052
2015_1116_1173,0.5694036469
2015_1116_1461,0.8280299313
2015_1116_1414,0.8229992839
2015_1116_1125,0.904892762
2015_1116_1248,0.9399430215
2015_1116_1181,0.3340743771
2015_1116_1211,0.285601829
2015_1116_1235,0.4263198517
2015_1116_1207,0.5
2015_1116_1428,0.4263198517
2015_1116_1374,0.5152759416
2015_1116_1234,0.5969883706
2015_1116_1361,0.6402157268
2015_1116_1385,0.6600728442
2015_1116_1172,0.5694036469
2015_1116_1417,0.6462271583
2015_1116_1372,0.6678653583
2015_1116_1186,0.8913272244
2015_1116_1412,0.887897532
2015_1116_1295,0.9275529199
2015_1116_1316,0.8861474678
2015_1116_1352,0.9451414011
2015_1116_1246,0.2067379851
2015_1116_1242,0.361798011
2015_1116_1323,0.4072202883
2015_1116_1268,0.5370422716
2015_1116_1452,0.5109130503
2015_1116_1139,0.5130947454
2015_1116_1455,0.4263198517
2015_1116_1153,0.6462271583
2015_1116_1345,0.6157431393
2015_1116_1231,0.6482208495
2015_1116_1400,0.5239940804
2015_1116_1138,0.6793828591
2015_1116_1434,0.7436988181
2015_1116_1318,0.8673056173
2015_1116_1308,0.8178538467
2015_1116_1214,0.9816879309
2015_1116_1264,0.9220913307
2015_1116_1458,0.2613261166
2015_1116_1124,0.4738284599
2015_1116_1314,0.4178004272
2015_1116_1462,0.5543582289
2015_1116_1433,0.5326976204
2015_1116_1332,0.6482208495
2015_1116_1329,0.6482208495
2015_1116_1326,0.4499600723
2015_1116_1140,0.5586683394
2015_1116_1279,0.5990873983
2015_1116_1459,0.8003303762
2015_1116_1217,0.7755499903
2015_1116_1209,0.7724954323
2015_1116_1411,0.952743184
2015_1116_1157,0.877036503
2015_1433_1437,0.2630151722
2015_1433_1438,0.251339993
2015_1433_1461,0.8085709916
2015_1433_1452,0.4781842919
2015_1433_1455,0.3946375734
2015_1433_1434,0.7179479589
2015_1433_1458,0.2368432683
2015_1433_1462,0.5218157081
2015_1433_1459,0.778575292
2015_1332_1437,0.1808489908
2015_1332_1438,0.1719700687
2015_1332_1344,0.419925897
2015_1332_1461,0.7232220965
2015_1332_1414,0.7161764153
2015_1332_1428,0.2873867437
2015_1332_1374,0.3658400251
2015_1332_1361,0.4912690606
2015_1332_1385,0.5130947454
2015_1332_1417,0.4978170571
2015_1332_1372,0.5218157081
2015_1332_1412,0.8112595286
2015_1332_1352,0.9033791435
2015_1332_1452,0.361798011
2015_1332_1455,0.2873867437
2015_1332_1345,0.4651293925
2015_1332_1400,0.3739805166
2015_1332_1434,0.6116029138
2015_1332_1458,0.16106634
2015_1332_1462,0.4030116294
2015_1332_1433,0.3821929786
2015_1332_1459,0.6850617955
2015_1332_1411,0.9162551807
2015_1329_1437,0.1808489908
2015_1329_1438,0.1719700687
2015_1329_1344,0.419925897
2015_1329_1461,0.7232220965
2015_1329_1414,0.7161764153
2015_1329_1428,0.2873867437
2015_1329_1374,0.3658400251
2015_1329_1361,0.4912690606
2015_1329_1385,0.5130947454
2015_1329_1417,0.4978170571
2015_1329_1372,0.5218157081
2015_1329_1412,0.8112595286
2015_1329_1352,0.9033791435
2015_1329_1452,0.361798011
2015_1329_1455,0.2873867437
2015_1329_1345,0.4651293925
2015_1329_1400,0.3739805166
2015_1329_1434,0.6116029138
2015_1329_1458,0.16106634
2015_1329_1462,0.4030116294
2015_1329_1433,0.3821929786
2015_1329_1332,0.5
2015_1329_1459,0.6850617955
2015_1329_1411,0.9162551807
2015_1326_1437,0.3321346417
2015_1326_1438,0.3187181453
2015_1326_1328,0.4716519953
2015_1326_1344,0.6198666618
2015_1326_1461,0.8547758526
2015_1326_1414,0.8503862358
2015_1326_1428,0.4760059196
2015_1326_1374,0.5651167665
2015_1326_1361,0.6850617955
2015_1326_1385,0.7035897297
2015_1326_1417,0.6906859401
2015_1326_1372,0.7108217019
2015_1326_1412,0.9063851261
2015_1326_1352,0.9546704742
2015_1326_1452,0.5608201255
2015_1326_1455,0.4760059196
2015_1326_1345,0.6620293156
2015_1326_1400,0.5736801483
2015_1326_1434,0.7800769601
2015_1326_1458,0.3019023458
2015_1326_1462,0.6032744963
2015_1326_1433,0.5821995728
2015_1326_1332,0.6925482851
2015_1326_1329,0.6925482851
2015_1326_1459,0.8305024651
2015_1326_1411,0.9610062865
2015_1140_1437,0.2432142382
2015_1140_1438,0.2321411565
2015_1140_1328,0.3658400251
2015_1140_1257,0.3904732963
2015_1140_1320,0.3699010235
2015_1140_1344,0.5130947454
2015_1140_1277,0.4156780062
2015_1140_1301,0.5522000625
2015_1140_1261,0.5715432334
2015_1140_1208,0.4978170571
2015_1140_1173,0.5109130503
2015_1140_1461,0.7918263509
2015_1140_1414,0.7860103352
2015_1140_1248,0.9251705224
2015_1140_1181,0.2838235847
2015_1140_1211,0.2400142906
2015_1140_1235,0.3699010235
2015_1140_1207,0.4413316606
2015_1140_1428,0.3699010235
2015_1140_1374,0.456451487
2015_1140_1234,0.5392125314
2015_1140_1361,0.5843219938
2015_1140_1385,0.6053624266
2015_1140_1172,0.5109130503
2015_1140_1417,0.5906702236
2015_1140_1372,0.6136750813
2015_1140_1186,0.8662974742
2015_1140_1412,0.8621999722
2015_1140_1295,0.9100245036
2015_1140_1316,0.8601119405
2015_1140_1352,0.9315544608
2015_1140_1246,0.1707302474
2015_1140_1242,0.3093140599
2015_1140_1323,0.3517791505
2015_1140_1268,0.4781842919
2015_1140_1452,0.4521220955
2015_1140_1455,0.3699010235
2015_1140_1153,0.5906702236
2015_1140_1345,0.5586683394
2015_1140_1231,0.5927797117
2015_1140_1400,0.4651293925
2015_1140_1434,0.6962541807
2015_1140_1318,0.8377502861
2015_1140_1308,0.7800769601
2015_1140_1214,0.9769316194
2015_1140_1264,0.9033791435
2015_1140_1458,0.2184286988
2015_1140_1314,0.361798011
2015_1140_1462,0.4956341975
2015_1140_1433,0.4738284599
2015_1140_1332,0.5927797117
2015_1140_1329,0.5927797117
2015_1140_1326,0.3925534814
2015_1140_1279,0.5413813056
2015_1140_1459,0.7599857094
2015_1140_1217,0.7318757183
2015_1140_1209,0.728434916
2015_1140_1411,0.9409213062
2015_1140_1157,0.8492718876
2015_1279_1437,0.2139896648
2015_1279_1438,0.2038886564
2015_1279_1328,0.3282722535
2015_1279_1320,0.3321346417
2015_1279_1344,0.4716519953
2015_1279_1301,0.5109130503
2015_1279_1461,0.7631567317
2015_1279_1414,0.7567857618
2015_1279_1428,0.3321346417
2015_1279_1374,0.4156780062
2015_1279_1361,0.543548513
2015_1279_1385,0.5651167665
2015_1279_1417,0.5500399277
2015_1279_1372,0.5736801483
2015_1279_1412,0.8412794738
2015_1279_1295,0.8954844921
2015_1279_1316,0.83893366
2015_1279_1352,0.9201885458
2015_1279_1323,0.3149382045
2015_1279_1452,0.4114426073
2015_1279_1455,0.3321346417
2015_1279_1345,0.5174565561
2015_1279_1400,0.4241856846
2015_1279_1434,0.6600728442
2015_1279_1318,0.813918996
2015_1279_1308,0.750299489
2015_1279_1458,0.1914290084
2015_1279_1314,0.3244329621
2015_1279_1462,0.4542859272
2015_1279_1433,0.4327385344
2015_1279_1332,0.5522000625
2015_1279_1329,0.5522000625
2015_1279_1326,0.3537728417
2015_1279_1459,0.728434916
2015_1279_1411,0.9309956106
2015_1459_1461,0.5457140728
2015_1459_1462,0.2368432683
2015_1217_1437,0.1053355639
2015_1217_1438,0.0997127431
2015_1217_1328,0.1744710934
2015_1217_1257,0.1900811022
2015_1217_1320,0.1770007161
2015_1217_1344,0.2785291722
2015_1217_1277,0.2067379851
2015_1217_1301,0.3111826169
2015_1217_1261,0.3282722535
2015_1217_1461,0.5821995728
2015_1217_1414,0.5736801483
2015_1217_1248,0.8191510092
2015_1217_1235,0.1770007161
2015_1217_1428,0.1770007161
2015_1217_1374,0.2352686316
2015_1217_1234,0.3000652387
2015_1217_1361,0.3399271558
2015_1217_1385,0.3597842732
2015_1217_1417,0.3458292219
2015_1217_1372,0.3678681816
2015_1217_1412,0.6962541807
2015_1217_1295,0.7874753438
2015_1217_1316,0.6925482851
2015_1217_1352,0.8329466216
2015_1217_1246,0.0701347826
2015_1217_1242,0.1409419749
2015_1217_1323,0.1658419045
2015_1217_1268,0.251339993
2015_1217_1452,0.2321411565
2015_1217_1455,0.1770007161
2015_1217_1345,0.316825152
2015_1217_1231,0.3478072854
2015_1217_1400,0.2416106546
2015_1217_1434,0.456451487
2015_1217_1318,0.6541707781
2015_1217_1308,0.5651167665
2015_1217_1264,0.7740263657
2015_1217_1458,0.092876593
2015_1217_1314,0.1719700687
2015_1217_1462,0.2647112327
2015_1217_1433,0.2480681797
2015_1217_1332,0.3478072854
2015_1217_1329,0.3478072854
2015_1217_1326,0.1914290084
2015_1217_1279,0.3019023458
2015_1217_1459,0.5370422716
2015_1217_1411,0.8536885739
2015_1209_1437,0.1069927178
2015_1209_1438,0.101291453
2015_1209_1328,0.1770007161
2015_1209_1257,0.1927841978
2015_1209_1320,0.179559038
2015_1209_1344,0.2820520411
2015_1209_1277,0.2096166484
2015_1209_1301,0.3149382045
2015_1209_1261,0.3321346417
2015_1209_1461,0.5864412916
2015_1209_1414,0.5779456588
2015_1209_1248,0.8217237164
2015_1209_1211,0.1053355639
2015_1209_1235,0.179559038
2015_1209_1428,0.179559038
2015_1209_1374,0.2384251581
2015_1209_1234,0.3037458193
2015_1209_1361,0.343856477
2015_1209_1385,0.3638166148
2015_1209_1417,0.3497906132
2015_1209_1372,0.3719384892
2015_1209_1412,0.6999347613
2015_1209_1295,0.7903833516
2015_1209_1316,0.6962541807
2015_1209_1352,0.8353625202
2015_1209_1246,0.0712822755
2015_1209_1242,0.1430697154
2015_1209_1323,0.1682719168
2015_1209_1268,0.2546403453
2015_1209_1452,0.2352686316
2015_1209_1455,0.179559038
2015_1209_1345,0.3206171409
2015_1209_1231,0.3517791505
2015_1209_1400,0.2448250292
2015_1209_1434,0.4607874686
2015_1209_1318,0.658110896
2015_1209_1308,0.5694036469
2015_1209_1214,0.940434045
2015_1209_1264,0.7770663007
2015_1209_1458,0.094358413
2015_1209_1314,0.1744710934
2015_1209_1462,0.2681242817
2015_1209_1433,0.251339993
2015_1209_1332,0.3517791505
2015_1209_1329,0.3517791505
2015_1209_1326,0.1941466775
2015_1209_1279,0.3055956217
2015_1209_1459,0.5413813056
2015_1209_1217,0.5043658025
2015_1209_1411,0.8558564158
2015_1411_1437,0.0197795936
2015_1411_1438,0.0186286638
2015_1411_1461,0.1927841978
2015_1411_1414,0.1874071082
2015_1411_1428,0.0355495621
2015_1411_1417,0.0830772427
2015_1411_1412,0.2820520411
2015_1411_1452,0.0492618211
2015_1411_1455,0.0355495621
2015_1411_1434,0.1258165239
2015_1411_1458,0.0172450289
2015_1411_1462,0.0581153595
2015_1411_1433,0.0535161169
2015_1411_1459,0.1658419045
2015_1157_1437,0.0539601309
2015_1157_1438,0.050923638
2015_1157_1328,0.092876593
2015_1157_1257,0.1020890962
2015_1157_1320,0.094358413
2015_1157_1344,0.1575580516
2015_1157_1277,0.112102468
2015_1157_1301,0.179559038
2015_1157_1261,0.1914290084
2015_1157_1208,0.1496137642
2015_1157_1173,0.1564025081
2015_1157_1461,0.4030116294
2015_1157_1414,0.3946375734
2015_1157_1248,0.6869426545
2015_1157_1181,0.0657137053
2015_1157_1211,0.0530755516
2015_1157_1235,0.094358413
2015_1157_1207,0.122963497
2015_1157_1428,0.094358413
2015_1157_1374,0.1297085341
2015_1157_1234,0.1719700687
2015_1157_1361,0.1996696238
2015_1157_1385,0.2139896648
2015_1157_1172,0.1564025081
2015_1157_1417,0.2038886564
2015_1157_1372,0.2199230399
2015_1157_1186,0.5348706075
2015_1157_1412,0.5261715401
2015_1157_1295,0.6422245397
2015_1157_1316,0.5218157081
2015_1157_1352,0.707218801
2015_1157_1246,0.0352513956
2015_1157_1242,0.0736294094
2015_1157_1323,0.0878535259
2015_1157_1268,0.1398880595
2015_1157_1452,0.1277498787
2015_1157_1455,0.094358413
2015_1157_1345,0.1834505362
2015_1157_1231,0.2053096548
2015_1157_1400,0.1337025258
2015_1157_1434,0.2891782981
2015_1157_1318,0.4781842919
2015_1157_1308,0.3863249187
2015_1157_1214,0.8825758392
2015_1157_1264,0.6239729571
2015_1157_1458,0.047256816
2015_1157_1314,0.0914156947
2015_1157_1462,0.148506214
2015_1157_1433,0.1378000278
2015_1157_1332,0.2053096548
2015_1157_1329,0.2053096548
2015_1157_1326,0.1028923014
2015_1157_1279,0.1732170128
2015_1157_1459,0.3597842732
2015_1157_1217,0.3263496971
2015_1157_1209,0.3225220948
2015_1157_1411,0.7386738834
